daily_apy,day
0.0006452080161722281,2024-08-16 00:00:00.000 UTC
0.0005733716766930228,2024-08-15 00:00:00.000 UTC
0.0004302015335149117,2024-08-14 00:00:00.000 UTC
0.001102645387540644,2024-08-13 00:00:00.000 UTC
0.0019384982685114042,2024-08-12 00:00:00.000 UTC
0.0019411974833553607,2024-08-11 00:00:00.000 UTC
0.0016103254817251013,2024-08-10 00:00:00.000 UTC
0.0018093582112275017,2024-08-09 00:00:00.000 UTC
0.0015703587366119572,2024-08-08 00:00:00.000 UTC
0.0031017737025596645,2024-08-07 00:00:00.000 UTC
0.0027801672046609406,2024-08-06 00:00:00.000 UTC
0.004792317835959344,2024-08-05 00:00:00.000 UTC
0.0019449474507267747,2024-08-04 00:00:00.000 UTC
0.0008271828710055833,2024-08-03 00:00:00.000 UTC
0.0009828039816488854,2024-08-02 00:00:00.000 UTC
0.00042124307891273547,2024-08-01 00:00:00.000 UTC
0.0004701934358622564,2024-07-31 00:00:00.000 UTC
0.00030494336400272164,2024-07-30 00:00:00.000 UTC
0.0004716790970303541,2024-07-29 00:00:00.000 UTC
0.0005657035371784155,2024-07-28 00:00:00.000 UTC
0.00048584197498753703,2024-07-27 00:00:00.000 UTC
0.00026582526564359666,2024-07-26 00:00:00.000 UTC
0.0004652291100801175,2024-07-25 00:00:00.000 UTC
0.0003718091471693098,2024-07-24 00:00:00.000 UTC
0.0006222174227592746,2024-07-23 00:00:00.000 UTC
0.0004264571467637214,2024-07-22 00:00:00.000 UTC
0.0002399427956626769,2024-07-21 00:00:00.000 UTC
0.00013280976585335082,2024-07-20 00:00:00.000 UTC
0.0002762552371352327,2024-07-19 00:00:00.000 UTC
0.00040515488854101666,2024-07-18 00:00:00.000 UTC
0.00024229110916859024,2024-07-17 00:00:00.000 UTC
0.0003564348319672382,2024-07-16 00:00:00.000 UTC
0.00021333837710025888,2024-07-15 00:00:00.000 UTC
0.0002520134107289894,2024-07-14 00:00:00.000 UTC
0.0008072851793889494,2024-07-13 00:00:00.000 UTC
0.0005253404222339739,2024-07-12 00:00:00.000 UTC
0.0005728255132561719,2024-07-11 00:00:00.000 UTC
0.0004231839875435183,2024-07-10 00:00:00.000 UTC
0.001059237789351736,2024-07-09 00:00:00.000 UTC
0.0012911832358811477,2024-07-08 00:00:00.000 UTC
0.0008794405727644108,2024-07-07 00:00:00.000 UTC
0.0014738842670210298,2024-07-06 00:00:00.000 UTC
0.0021295568569977283,2024-07-05 00:00:00.000 UTC
0.00048777776209970274,2024-07-04 00:00:00.000 UTC
0.00016838887050558353,2024-07-03 00:00:00.000 UTC
0.0003736141650806508,2024-07-02 00:00:00.000 UTC
0.0004997349239615167,2024-07-01 00:00:00.000 UTC
0.00017582447435448865,2024-06-30 00:00:00.000 UTC
0.00017331370730752134,2024-06-29 00:00:00.000 UTC
0.0002922597158042503,2024-06-28 00:00:00.000 UTC
0.00023822645877857315,2024-06-27 00:00:00.000 UTC
0.00048762022395015304,2024-06-26 00:00:00.000 UTC
0.0005714756804868845,2024-06-25 00:00:00.000 UTC
0.0005918769559185269,2024-06-24 00:00:00.000 UTC
0.0002506845819760845,2024-06-23 00:00:00.000 UTC
0.00017726369653630334,2024-06-22 00:00:00.000 UTC
0.0010230015469486192,2024-06-21 00:00:00.000 UTC
0.0005219298624277494,2024-06-20 00:00:00.000 UTC
0.00023509534915244857,2024-06-19 00:00:00.000 UTC
0.0015938515145281099,2024-06-18 00:00:00.000 UTC
0.001390067127879042,2024-06-17 00:00:00.000 UTC
0.00011865162545083655,2024-06-16 00:00:00.000 UTC
0.00035791897758555107,2024-06-15 00:00:00.000 UTC
0.0004523482899876561,2024-06-14 00:00:00.000 UTC
0.0008425011627706698,2024-06-13 00:00:00.000 UTC
0.001865265577997058,2024-06-12 00:00:00.000 UTC
0.0005932580016164929,2024-06-11 00:00:00.000 UTC
0.0008910444027773249,2024-06-10 00:00:00.000 UTC
0.0005309368671989992,2024-06-09 00:00:00.000 UTC
0.00047517850370701396,2024-06-08 00:00:00.000 UTC
0.0004968443561197879,2024-06-07 00:00:00.000 UTC
0.0006976229907236753,2024-06-06 00:00:00.000 UTC
0.0009613309714337672,2024-06-05 00:00:00.000 UTC
0.00046337191610296277,2024-06-04 00:00:00.000 UTC
0.0009143393452958001,2024-06-03 00:00:00.000 UTC
0.0008498779650705535,2024-06-02 00:00:00.000 UTC
0.0008310639018428352,2024-06-01 00:00:00.000 UTC
0.0011216928459409131,2024-05-31 00:00:00.000 UTC
0.0004980289111082228,2024-05-30 00:00:00.000 UTC
0.0004452435400768783,2024-05-29 00:00:00.000 UTC
0.0006554529358399036,2024-05-28 00:00:00.000 UTC
0.0004942549415286694,2024-05-27 00:00:00.000 UTC
0.0003821474399218289,2024-05-26 00:00:00.000 UTC
0.001184904700251547,2024-05-25 00:00:00.000 UTC
0.0015276830573236018,2024-05-24 00:00:00.000 UTC
0.0031462753099520163,2024-05-23 00:00:00.000 UTC
0.0008832995298436073,2024-05-22 00:00:00.000 UTC
0.0008848177794424628,2024-05-21 00:00:00.000 UTC
0.0015143685131655898,2024-05-20 00:00:00.000 UTC
0.0014926188701800628,2024-05-19 00:00:00.000 UTC
0.00020988362949887353,2024-05-18 00:00:00.000 UTC
0.0007311236622698989,2024-05-17 00:00:00.000 UTC
0.0005177611018668223,2024-05-16 00:00:00.000 UTC
0.0012753779236046653,2024-05-15 00:00:00.000 UTC
0.0016666272293988315,2024-05-14 00:00:00.000 UTC
0.0024899524600442407,2024-05-13 00:00:00.000 UTC
0.0013832865695928365,2024-05-12 00:00:00.000 UTC
0.0002908302757388129,2024-05-11 00:00:00.000 UTC
0.00048794604336112346,2024-05-10 00:00:00.000 UTC
0.0010023969831085278,2024-05-09 00:00:00.000 UTC
0.0011888344235779528,2024-05-08 00:00:00.000 UTC
0.0024786080420636037,2024-05-07 00:00:00.000 UTC
0.0016164667349186164,2024-05-06 00:00:00.000 UTC
0.0006376837049150441,2024-05-05 00:00:00.000 UTC
0.0008405330631986799,2024-05-04 00:00:00.000 UTC
0.001012745002873198,2024-05-03 00:00:00.000 UTC
0.0024284450364146686,2024-05-02 00:00:00.000 UTC
0.003157668853259619,2024-05-01 00:00:00.000 UTC
0.0007685486597688903,2024-04-30 00:00:00.000 UTC
0.0006398262792615655,2024-04-29 00:00:00.000 UTC
0.0002696336528700694,2024-04-28 00:00:00.000 UTC
0.0005014013513239689,2024-04-27 00:00:00.000 UTC
0.0018189543171510379,2024-04-26 00:00:00.000 UTC
0.001086170746259221,2024-04-25 00:00:00.000 UTC
0.0008383313062493498,2024-04-24 00:00:00.000 UTC
0.0007323746366978725,2024-04-23 00:00:00.000 UTC
0.001409520569035804,2024-04-22 00:00:00.000 UTC
0.0009705996068920259,2024-04-21 00:00:00.000 UTC
0.001099732264984551,2024-04-20 00:00:00.000 UTC
0.00324545022499314,2024-04-19 00:00:00.000 UTC
0.003409736862142693,2024-04-18 00:00:00.000 UTC
0.0025038155499251674,2024-04-17 00:00:00.000 UTC
0.003888291963796975,2024-04-16 00:00:00.000 UTC
0.002812131588200358,2024-04-15 00:00:00.000 UTC
0.0050095461704235825,2024-04-14 00:00:00.000 UTC
0.0041939407569572505,2024-04-13 00:00:00.000 UTC
0.0017897108019330104,2024-04-12 00:00:00.000 UTC
0.0008968303891688846,2024-04-11 00:00:00.000 UTC
0.0016863484987504934,2024-04-10 00:00:00.000 UTC
0.000679824314970571,2024-04-09 00:00:00.000 UTC
0.0005662863183262985,2024-04-08 00:00:00.000 UTC
0.0010759261554588876,2024-04-07 00:00:00.000 UTC
0.0008108743771733204,2024-04-06 00:00:00.000 UTC
0.0011384461679778324,2024-04-05 00:00:00.000 UTC
0.0010737586892128872,2024-04-04 00:00:00.000 UTC
0.0020064994506859696,2024-04-03 00:00:00.000 UTC
0.0021093688968047224,2024-04-02 00:00:00.000 UTC
0.0013746846765595887,2024-04-01 00:00:00.000 UTC
0.0008393593031463483,2024-03-31 00:00:00.000 UTC
0.0012603491792955285,2024-03-30 00:00:00.000 UTC
0.0016266122495420033,2024-03-29 00:00:00.000 UTC
0.0014761391043774663,2024-03-28 00:00:00.000 UTC
0.0018625760554319697,2024-03-27 00:00:00.000 UTC
0.0018353883845775203,2024-03-26 00:00:00.000 UTC
0.002672535721684321,2024-03-25 00:00:00.000 UTC
0.0021558736147981017,2024-03-24 00:00:00.000 UTC
0.0029396564614714822,2024-03-23 00:00:00.000 UTC
0.0020746157733916933,2024-03-22 00:00:00.000 UTC
0.0034179339196786047,2024-03-21 00:00:00.000 UTC
0.0053668707902967665,2024-03-20 00:00:00.000 UTC
0.004436078765742793,2024-03-19 00:00:00.000 UTC
0.0028331108985298562,2024-03-18 00:00:00.000 UTC
0.003977306922568377,2024-03-17 00:00:00.000 UTC
0.003920806144488733,2024-03-16 00:00:00.000 UTC
0.007890247023255016,2024-03-15 00:00:00.000 UTC
0.0038526190586250886,2024-03-14 00:00:00.000 UTC
0.0025527194167019427,2024-03-13 00:00:00.000 UTC
0.00466468705603914,2024-03-12 00:00:00.000 UTC
0.0032356885498179945,2024-03-11 00:00:00.000 UTC
0.004481560772221023,2024-03-10 00:00:00.000 UTC
0.0018109442649018883,2024-03-09 00:00:00.000 UTC
0.004896731703089472,2024-03-08 00:00:00.000 UTC
0.004642371491207801,2024-03-07 00:00:00.000 UTC
0.0033632847484340507,2024-03-06 00:00:00.000 UTC
0.0045055323940381324,2024-03-05 00:00:00.000 UTC
0.002779630780812101,2024-03-04 00:00:00.000 UTC
0.0024313720341713053,2024-03-03 00:00:00.000 UTC
0.0011911371690118493,2024-03-02 00:00:00.000 UTC
0.004001471229663231,2024-03-01 00:00:00.000 UTC
0.0046245574612003145,2024-02-29 00:00:00.000 UTC
0.0044846537457583074,2024-02-28 00:00:00.000 UTC
0.004786886882811367,2024-02-27 00:00:00.000 UTC
0.002274318346441417,2024-02-26 00:00:00.000 UTC
0.0029928830111643047,2024-02-25 00:00:00.000 UTC
0.0036361883952059715,2024-02-24 00:00:00.000 UTC
0.004531208938658908,2024-02-23 00:00:00.000 UTC
0.003901849531814823,2024-02-22 00:00:00.000 UTC
0.0056101595724105955,2024-02-21 00:00:00.000 UTC
0.0038182959458021365,2024-02-20 00:00:00.000 UTC
0.005406930660740525,2024-02-19 00:00:00.000 UTC
0.0035095027295300504,2024-02-18 00:00:00.000 UTC
0.0033063443195508507,2024-02-17 00:00:00.000 UTC
0.006079958188360554,2024-02-16 00:00:00.000 UTC
0.00634214770786312,2024-02-15 00:00:00.000 UTC
0.004925218918829691,2024-02-14 00:00:00.000 UTC
0.004344636199096517,2024-02-13 00:00:00.000 UTC
0.002826152716705885,2024-02-12 00:00:00.000 UTC
0.002881466967848557,2024-02-11 00:00:00.000 UTC
0.002388543009314004,2024-02-10 00:00:00.000 UTC
0.003579706840913209,2024-02-09 00:00:00.000 UTC
0.0033229850707653524,2024-02-08 00:00:00.000 UTC
0.0022832241209447056,2024-02-07 00:00:00.000 UTC
0.0027576556268992134,2024-02-06 00:00:00.000 UTC
0.0031828155927477756,2024-02-05 00:00:00.000 UTC
0.001410462900803574,2024-02-04 00:00:00.000 UTC
0.0018458731211683911,2024-02-03 00:00:00.000 UTC
0.0037794864222383583,2024-02-02 00:00:00.000 UTC
0.0032759054130239726,2024-02-01 00:00:00.000 UTC
0.003548374625495552,2024-01-31 00:00:00.000 UTC
0.004738496721307708,2024-01-30 00:00:00.000 UTC
0.004426954711342073,2024-01-29 00:00:00.000 UTC
0.003003128375797747,2024-01-28 00:00:00.000 UTC
0.0034991026115060555,2024-01-27 00:00:00.000 UTC
0.004181152925585188,2024-01-26 00:00:00.000 UTC
0.004572578779279996,2024-01-25 00:00:00.000 UTC
0.006280342721723803,2024-01-24 00:00:00.000 UTC
0.00824831522670739,2024-01-23 00:00:00.000 UTC
0.005697862949265204,2024-01-22 00:00:00.000 UTC
0.001781183513978934,2024-01-21 00:00:00.000 UTC
0.002287748545253359,2024-01-20 00:00:00.000 UTC
0.0038780827701798523,2024-01-19 00:00:00.000 UTC
0.003426515656421998,2024-01-18 00:00:00.000 UTC
0.003290063857898861,2024-01-17 00:00:00.000 UTC
0.00457521681474893,2024-01-16 00:00:00.000 UTC
0.0024915805888514604,2024-01-15 00:00:00.000 UTC
0.0034509540021052205,2024-01-14 00:00:00.000 UTC
0.0055020476553318135,2024-01-13 00:00:00.000 UTC
0.007898308092762579,2024-01-12 00:00:00.000 UTC
0.0074141600455580985,2024-01-11 00:00:00.000 UTC
0.010556891069999897,2024-01-10 00:00:00.000 UTC
0.011036726795385081,2024-01-09 00:00:00.000 UTC
0.007885384371066518,2024-01-08 00:00:00.000 UTC
0.003915173342159566,2024-01-07 00:00:00.000 UTC
0.003708228274012436,2024-01-06 00:00:00.000 UTC
0.006696824529029112,2024-01-05 00:00:00.000 UTC
0.007065283088341836,2024-01-04 00:00:00.000 UTC
0.005593017783785643,2024-01-03 00:00:00.000 UTC
0.008075143389265,2024-01-02 00:00:00.000 UTC
0.004445738100202734,2024-01-01 00:00:00.000 UTC
0.004005772979616908,2023-12-31 00:00:00.000 UTC
0.003584842959822959,2023-12-30 00:00:00.000 UTC
0.004607373752451351,2023-12-29 00:00:00.000 UTC
0.005956770590488651,2023-12-28 00:00:00.000 UTC
0.004972422658067105,2023-12-27 00:00:00.000 UTC
0.0035403781383081135,2023-12-26 00:00:00.000 UTC
0.0034454652008822713,2023-12-25 00:00:00.000 UTC
0.004078248959858748,2023-12-24 00:00:00.000 UTC
0.002225953858553676,2023-12-23 00:00:00.000 UTC
0.003985181378268367,2023-12-22 00:00:00.000 UTC
0.003210637186831064,2023-12-21 00:00:00.000 UTC
0.004463816701420306,2023-12-20 00:00:00.000 UTC
0.0020758882788490043,2023-12-19 00:00:00.000 UTC
0.002289132241496117,2023-12-18 00:00:00.000 UTC
0.003241291361290829,2023-12-17 00:00:00.000 UTC
0.002006726283055587,2023-12-16 00:00:00.000 UTC
0.003696208408254035,2023-12-15 00:00:00.000 UTC
0.00303785926484533,2023-12-14 00:00:00.000 UTC
0.002744562873540876,2023-12-13 00:00:00.000 UTC
0.004035302724057216,2023-12-12 00:00:00.000 UTC
0.0039023479381850835,2023-12-11 00:00:00.000 UTC
0.0024291441484496448,2023-12-10 00:00:00.000 UTC
0.0041364708408084955,2023-12-09 00:00:00.000 UTC
0.00417218878303797,2023-12-08 00:00:00.000 UTC
0.002276055255817029,2023-12-07 00:00:00.000 UTC
0.004079061508341142,2023-12-06 00:00:00.000 UTC
0.00940699159169957,2023-12-05 00:00:00.000 UTC
0.005764538305468199,2023-12-04 00:00:00.000 UTC
0.00547707782373282,2023-12-03 00:00:00.000 UTC
0.002774400844158583,2023-12-02 00:00:00.000 UTC
0.002488493802233099,2023-12-01 00:00:00.000 UTC
0.0025427623834836563,2023-11-30 00:00:00.000 UTC
0.003998298252583993,2023-11-29 00:00:00.000 UTC
0.002177605407982916,2023-11-28 00:00:00.000 UTC
0.0030330490101663087,2023-11-27 00:00:00.000 UTC
0.0039001354761581484,2023-11-26 00:00:00.000 UTC
0.0035148199440106554,2023-11-25 00:00:00.000 UTC
0.004056161633299883,2023-11-24 00:00:00.000 UTC
0.0034074360628839504,2023-11-23 00:00:00.000 UTC
0.009025402153599867,2023-11-22 00:00:00.000 UTC
0.003353597466013881,2023-11-21 00:00:00.000 UTC
0.002658893821304781,2023-11-20 00:00:00.000 UTC
0.0028027305419146132,2023-11-19 00:00:00.000 UTC
0.003421844953193945,2023-11-18 00:00:00.000 UTC
0.004987663880648889,2023-11-17 00:00:00.000 UTC
0.005892715181579871,2023-11-16 00:00:00.000 UTC
0.0054016089991308636,2023-11-15 00:00:00.000 UTC
0.0035902248526080444,2023-11-14 00:00:00.000 UTC
0.004311661313066853,2023-11-13 00:00:00.000 UTC
0.003881677482219379,2023-11-12 00:00:00.000 UTC
0.00398903721594854,2023-11-11 00:00:00.000 UTC
0.0073052632470754775,2023-11-10 00:00:00.000 UTC
0.005295000660829617,2023-11-09 00:00:00.000 UTC
0.0045482864362246505,2023-11-08 00:00:00.000 UTC
0.03393317242238422,2023-11-07 00:00:00.000 UTC
0.0024332485399680007,2023-11-06 00:00:00.000 UTC
0.0021998581385436933,2023-11-05 00:00:00.000 UTC
0.0008304607443321034,2023-11-04 00:00:00.000 UTC
0.0022336571495839546,2023-11-03 00:00:00.000 UTC
0.0035623505211740064,2023-11-02 00:00:00.000 UTC
0.0020953631925018394,2023-11-01 00:00:00.000 UTC
0.002882409465224749,2023-10-31 00:00:00.000 UTC
0.0016169668808423355,2023-10-30 00:00:00.000 UTC
0.002284231513489416,2023-10-29 00:00:00.000 UTC
0.0024205646268158415,2023-10-28 00:00:00.000 UTC
0.001734200090696452,2023-10-27 00:00:00.000 UTC
0.0036285874779851592,2023-10-26 00:00:00.000 UTC
0.008129633484297284,2023-10-25 00:00:00.000 UTC
0.007902514690194533,2023-10-24 00:00:00.000 UTC
0.0034086498217845403,2023-10-23 00:00:00.000 UTC
0.0027952640131814737,2023-10-22 00:00:00.000 UTC
0.0020049809424059857,2023-10-21 00:00:00.000 UTC
0.003266418896997728,2023-10-20 00:00:00.000 UTC
0.0013478839868711688,2023-10-19 00:00:00.000 UTC
0.0018928325851700878,2023-10-18 00:00:00.000 UTC
0.001430629524710798,2023-10-17 00:00:00.000 UTC
0.0035188605565440075,2023-10-16 00:00:00.000 UTC
0.0015499822558008758,2023-10-15 00:00:00.000 UTC
0.0010279962014630541,2023-10-14 00:00:00.000 UTC
0.002304500766284293,2023-10-13 00:00:00.000 UTC
0.0008582143700961193,2023-10-12 00:00:00.000 UTC
0.001162629828552933,2023-10-11 00:00:00.000 UTC
0.0017293012063909026,2023-10-10 00:00:00.000 UTC
0.004275251262700001,2023-10-09 00:00:00.000 UTC
0.0038375498061326537,2023-10-08 00:00:00.000 UTC
0.0008694595449109609,2023-10-07 00:00:00.000 UTC
0.00198880799033225,2023-10-06 00:00:00.000 UTC
0.0010435185431440347,2023-10-05 00:00:00.000 UTC
0.0007564964367783955,2023-10-04 00:00:00.000 UTC
0.0005734325069212172,2023-10-03 00:00:00.000 UTC
0.0012150463827512487,2023-10-02 00:00:00.000 UTC
0.0005723818600357055,2023-10-01 00:00:00.000 UTC
0.0002535131894971431,2023-09-30 00:00:00.000 UTC
0.0005358389119641164,2023-09-29 00:00:00.000 UTC
0.0008687491561501493,2023-09-28 00:00:00.000 UTC
0.0013245887938822787,2023-09-27 00:00:00.000 UTC
0.002313145848417208,2023-09-26 00:00:00.000 UTC
0.0028701560983585717,2023-09-25 00:00:00.000 UTC
0.003029216564613949,2023-09-24 00:00:00.000 UTC
0.0020503134644880086,2023-09-23 00:00:00.000 UTC
0.0021041660997745924,2023-09-22 00:00:00.000 UTC
0.001007737252455072,2023-09-21 00:00:00.000 UTC
0.004121999450566826,2023-09-20 00:00:00.000 UTC
0.0023844689221660933,2023-09-19 00:00:00.000 UTC
0.0024946568085650995,2023-09-18 00:00:00.000 UTC
0.0024001479244955483,2023-09-17 00:00:00.000 UTC
0.0025405584266401096,2023-09-16 00:00:00.000 UTC
0.0017200987961329215,2023-09-15 00:00:00.000 UTC
0.002284075497971356,2023-09-14 00:00:00.000 UTC
0.004889879261898605,2023-09-13 00:00:00.000 UTC
0.0039366659462643765,2023-09-12 00:00:00.000 UTC
0.00097710796192822,2023-09-11 00:00:00.000 UTC
0.0006212511191460514,2023-09-10 00:00:00.000 UTC
0.0006244096732213114,2023-09-09 00:00:00.000 UTC
0.0005206660611479825,2023-09-08 00:00:00.000 UTC
0.0018470089874077817,2023-09-07 00:00:00.000 UTC
0.0025940467012399754,2023-09-06 00:00:00.000 UTC
0.0020610252922589403,2023-09-05 00:00:00.000 UTC
0.0025185378335534627,2023-09-04 00:00:00.000 UTC
0.0028353976339249116,2023-09-03 00:00:00.000 UTC
0.00360883346569757,2023-09-02 00:00:00.000 UTC
0.0008365165341421667,2023-09-01 00:00:00.000 UTC
0.0017691148623536334,2023-08-31 00:00:00.000 UTC
0.0018384091782009517,2023-08-30 00:00:00.000 UTC
0.0017914328335518726,2023-08-29 00:00:00.000 UTC
0.0025154023443612304,2023-08-28 00:00:00.000 UTC
0.002385221736282848,2023-08-27 00:00:00.000 UTC
0.0017510045177970006,2023-08-26 00:00:00.000 UTC
0.0025838448421631258,2023-08-25 00:00:00.000 UTC
0.0008728272855210265,2023-08-24 00:00:00.000 UTC
0.0012704586520848483,2023-08-23 00:00:00.000 UTC
0.004189882793191188,2023-08-22 00:00:00.000 UTC
0.002655560067367669,2023-08-21 00:00:00.000 UTC
0.0028335972393648714,2023-08-20 00:00:00.000 UTC
0.004515404569612496,2023-08-19 00:00:00.000 UTC
0.006409730722706217,2023-08-18 00:00:00.000 UTC
0.0034525799273258185,2023-08-17 00:00:00.000 UTC
0.0022413506340603984,2023-08-16 00:00:00.000 UTC
0.0017497105378199236,2023-08-15 00:00:00.000 UTC
0.000855917317830576,2023-08-14 00:00:00.000 UTC
0.0010346424395307533,2023-08-13 00:00:00.000 UTC
0.001220086082995169,2023-08-12 00:00:00.000 UTC
0.001344228046112258,2023-08-11 00:00:00.000 UTC
0.0015201848344071835,2023-08-10 00:00:00.000 UTC
0.0014016596103917946,2023-08-09 00:00:00.000 UTC
0.0008282027398537626,2023-08-08 00:00:00.000 UTC
0.001802580646183116,2023-08-07 00:00:00.000 UTC
0.0011493427517602517,2023-08-06 00:00:00.000 UTC
0.0001282933098358515,2023-08-05 00:00:00.000 UTC
0.002085669436243432,2023-08-04 00:00:00.000 UTC
0.0024334797914171815,2023-08-03 00:00:00.000 UTC
0.0023086262775303124,2023-08-02 00:00:00.000 UTC
0.005301842704037767,2023-08-01 00:00:00.000 UTC
0.00683791184017812,2023-07-31 00:00:00.000 UTC
0.0036413754843843717,2023-07-30 00:00:00.000 UTC
0.0031450528683347103,2023-07-29 00:00:00.000 UTC
0.0008019260959552988,2023-07-28 00:00:00.000 UTC
0.0021116995263027907,2023-07-27 00:00:00.000 UTC
0.004415841450414375,2023-07-26 00:00:00.000 UTC
0.0009069377668922999,2023-07-25 00:00:00.000 UTC
0.0015332576746149322,2023-07-24 00:00:00.000 UTC
0.0016252474384649638,2023-07-23 00:00:00.000 UTC
0.002084905749767458,2023-07-22 00:00:00.000 UTC
0.0029244998137785694,2023-07-21 00:00:00.000 UTC
0.0015233986623239305,2023-07-20 00:00:00.000 UTC
0.0027941306518694357,2023-07-19 00:00:00.000 UTC
0.004341050856668104,2023-07-18 00:00:00.000 UTC
0.006592896866308662,2023-07-17 00:00:00.000 UTC
0.003175835234602649,2023-07-16 00:00:00.000 UTC
0.0013375168876032524,2023-07-15 00:00:00.000 UTC
0.002317915870081641,2023-07-14 00:00:00.000 UTC
0.0029120406653909206,2023-07-13 00:00:00.000 UTC
0.003238539773480033,2023-07-12 00:00:00.000 UTC
0.004240754804584382,2023-07-11 00:00:00.000 UTC
0.004173583985305914,2023-07-10 00:00:00.000 UTC
0.0038641335084444095,2023-07-09 00:00:00.000 UTC
0.0008283768640071089,2023-07-08 00:00:00.000 UTC
0.001428198299447753,2023-07-07 00:00:00.000 UTC
0.0029033572599404117,2023-07-06 00:00:00.000 UTC
0.0008710214086615752,2023-07-05 00:00:00.000 UTC
0.004603858470896781,2023-07-04 00:00:00.000 UTC
0.0063303606081714925,2023-07-03 00:00:00.000 UTC
0.004119498258296386,2023-07-02 00:00:00.000 UTC
0.0012411333679932116,2023-07-01 00:00:00.000 UTC
0.004034122335961858,2023-06-30 00:00:00.000 UTC
0.00595161055108075,2023-06-29 00:00:00.000 UTC
0.004260140084680611,2023-06-28 00:00:00.000 UTC
0.004533028091883657,2023-06-27 00:00:00.000 UTC
0.007811876402231968,2023-06-26 00:00:00.000 UTC
0.0044436909139700205,2023-06-25 00:00:00.000 UTC
0.007539264410921352,2023-06-24 00:00:00.000 UTC
0.010742132964265665,2023-06-23 00:00:00.000 UTC
0.006022572897803287,2023-06-22 00:00:00.000 UTC
0.003291500141073156,2023-06-21 00:00:00.000 UTC
0.0058980866114235735,2023-06-20 00:00:00.000 UTC
0.011684215375329123,2023-06-19 00:00:00.000 UTC
0.001277962817433181,2023-06-18 00:00:00.000 UTC
0.0009230160391739957,2023-06-17 00:00:00.000 UTC
0.0024063847546630006,2023-06-16 00:00:00.000 UTC
0.005847032220540725,2023-06-15 00:00:00.000 UTC
0.01295101251144454,2023-06-14 00:00:00.000 UTC
0.007217042817006728,2023-06-13 00:00:00.000 UTC
0.012497135960247758,2023-06-12 00:00:00.000 UTC
0.010090434881537986,2023-06-11 00:00:00.000 UTC
0.007992912253184012,2023-06-10 00:00:00.000 UTC
0.0036421093682010275,2023-06-09 00:00:00.000 UTC
0.007369889369729845,2023-06-08 00:00:00.000 UTC
0.00900706498141789,2023-06-07 00:00:00.000 UTC
0.004373168284558843,2023-06-06 00:00:00.000 UTC
0.002728324717892981,2023-06-05 00:00:00.000 UTC
0.0033258251894449017,2023-06-04 00:00:00.000 UTC
0.003167443097706611,2023-06-03 00:00:00.000 UTC
0.003554539290036616,2023-06-02 00:00:00.000 UTC
0.0044505232346441605,2023-06-01 00:00:00.000 UTC
0.003073866342630189,2023-05-31 00:00:00.000 UTC
0.007473844752697991,2023-05-30 00:00:00.000 UTC
0.004190691317875629,2023-05-29 00:00:00.000 UTC
0.003504739307438101,2023-05-28 00:00:00.000 UTC
0.002594982752587449,2023-05-27 00:00:00.000 UTC
0.0031861722578523403,2023-05-26 00:00:00.000 UTC
0.003579867920099184,2023-05-25 00:00:00.000 UTC
0.002948384649313013,2023-05-24 00:00:00.000 UTC
0.005648461421234391,2023-05-23 00:00:00.000 UTC
0.004673100982862638,2023-05-22 00:00:00.000 UTC
0.002008722019121368,2023-05-21 00:00:00.000 UTC
0.004284649060339639,2023-05-20 00:00:00.000 UTC
0.00627790342173061,2023-05-19 00:00:00.000 UTC
0.0031665569932336976,2023-05-18 00:00:00.000 UTC
0.0030780706579567473,2023-05-17 00:00:00.000 UTC
0.00839295611364432,2023-05-16 00:00:00.000 UTC
0.0023208536014468597,2023-05-15 00:00:00.000 UTC
0.0023228484344373613,2023-05-14 00:00:00.000 UTC
0.0018018932892678082,2023-05-13 00:00:00.000 UTC
0.004797133485241385,2023-05-12 00:00:00.000 UTC
0.00576134504120394,2023-05-11 00:00:00.000 UTC
0.006934021131599176,2023-05-10 00:00:00.000 UTC
0.0018654802226593372,2023-05-09 00:00:00.000 UTC
0.002742348879955835,2023-05-08 00:00:00.000 UTC
0.005234437571085854,2023-05-07 00:00:00.000 UTC
0.0038023694112066953,2023-05-06 00:00:00.000 UTC
0.0038491634252616315,2023-05-05 00:00:00.000 UTC
0.004861950081801469,2023-05-04 00:00:00.000 UTC
0.008444660007373768,2023-05-03 00:00:00.000 UTC
0.0057567916173576214,2023-05-02 00:00:00.000 UTC
0.0034541305369203395,2023-05-01 00:00:00.000 UTC
0.005310818049227093,2023-04-30 00:00:00.000 UTC
0.006119192607057147,2023-04-29 00:00:00.000 UTC
0.011404266389785608,2023-04-28 00:00:00.000 UTC
0.015845268705436674,2023-04-27 00:00:00.000 UTC
0.0075004910946975326,2023-04-26 00:00:00.000 UTC
0.0067602672234278755,2023-04-25 00:00:00.000 UTC
0.0062352504420062245,2023-04-24 00:00:00.000 UTC
0.006134472948810472,2023-04-23 00:00:00.000 UTC
0.0026459502866447355,2023-04-22 00:00:00.000 UTC
0.005044032727755908,2023-04-21 00:00:00.000 UTC
0.004443319511213933,2023-04-20 00:00:00.000 UTC
0.00506179383148001,2023-04-19 00:00:00.000 UTC
0.003087049066596153,2023-04-18 00:00:00.000 UTC
0.003024347831424441,2023-04-17 00:00:00.000 UTC
0.006508035823440692,2023-04-16 00:00:00.000 UTC
0.008080522421367569,2023-04-15 00:00:00.000 UTC
0.018897534272852193,2023-04-14 00:00:00.000 UTC
0.003613783583269631,2023-04-13 00:00:00.000 UTC
0.0048254249797121335,2023-04-12 00:00:00.000 UTC
0.0022422457071870168,2023-04-11 00:00:00.000 UTC
0.004186111265744969,2023-04-10 00:00:00.000 UTC
0.003095863765125075,2023-04-09 00:00:00.000 UTC
0.004861090213012152,2023-04-08 00:00:00.000 UTC
0.0039699932218925475,2023-04-07 00:00:00.000 UTC
0.007012347116721827,2023-04-06 00:00:00.000 UTC
0.0037232135860254456,2023-04-05 00:00:00.000 UTC
0.0049122622315658105,2023-04-04 00:00:00.000 UTC
0.006586219478164434,2023-04-03 00:00:00.000 UTC
0.0033476628471361073,2023-04-02 00:00:00.000 UTC
0.004724026296692829,2023-04-01 00:00:00.000 UTC
0.0043917210039766405,2023-03-31 00:00:00.000 UTC
0.008840845764541395,2023-03-30 00:00:00.000 UTC
0.002465339092877083,2023-03-29 00:00:00.000 UTC
0.007181230987998773,2023-03-28 00:00:00.000 UTC
0.00993834661846946,2023-03-27 00:00:00.000 UTC
0.007433045764520482,2023-03-26 00:00:00.000 UTC
0.005513537817370649,2023-03-25 00:00:00.000 UTC
0.007385664601519784,2023-03-24 00:00:00.000 UTC
0.011918642702323116,2023-03-23 00:00:00.000 UTC
0.017807659453106122,2023-03-22 00:00:00.000 UTC
0.014503072985458117,2023-03-21 00:00:00.000 UTC
0.015800569171817092,2023-03-20 00:00:00.000 UTC
0.027822506935654807,2023-03-19 00:00:00.000 UTC
0.0294216930785024,2023-03-18 00:00:00.000 UTC
0.03849559716917496,2023-03-17 00:00:00.000 UTC
0.027872598104257244,2023-03-16 00:00:00.000 UTC
0.0349307341904311,2023-03-15 00:00:00.000 UTC
0.04284864328232259,2023-03-14 00:00:00.000 UTC
0.035001857957018254,2023-03-13 00:00:00.000 UTC
0.0363849595682801,2023-03-12 00:00:00.000 UTC
0.15163537903329483,2023-03-11 00:00:00.000 UTC
0.014267091677756152,2023-03-10 00:00:00.000 UTC
0.0040607785713114046,2023-03-09 00:00:00.000 UTC
0.005471464919050393,2023-03-08 00:00:00.000 UTC
0.006742897500922787,2023-03-07 00:00:00.000 UTC
0.005894836984796535,2023-03-06 00:00:00.000 UTC
0.008591669964094377,2023-03-05 00:00:00.000 UTC
0.0012834942651821083,2023-03-04 00:00:00.000 UTC
0.0033972691852006184,2023-03-03 00:00:00.000 UTC
0.006705082445084599,2023-03-02 00:00:00.000 UTC
0.0038525187268880273,2023-03-01 00:00:00.000 UTC
0.006574202294863791,2023-02-28 00:00:00.000 UTC
0.00519392370082383,2023-02-27 00:00:00.000 UTC
0.006873226042470124,2023-02-26 00:00:00.000 UTC
0.0022203425333424676,2023-02-25 00:00:00.000 UTC
0.008167915360592854,2023-02-24 00:00:00.000 UTC
0.00854159576765378,2023-02-23 00:00:00.000 UTC
0.005704087946478355,2023-02-22 00:00:00.000 UTC
0.0063302709108447475,2023-02-21 00:00:00.000 UTC
0.006939014828417392,2023-02-20 00:00:00.000 UTC
0.006871113675115319,2023-02-19 00:00:00.000 UTC
0.009678777383335113,2023-02-18 00:00:00.000 UTC
0.006292826346917036,2023-02-17 00:00:00.000 UTC
0.0070710054857609506,2023-02-16 00:00:00.000 UTC
0.005355790203114627,2023-02-15 00:00:00.000 UTC
0.010057599343389787,2023-02-14 00:00:00.000 UTC
0.0216028028340275,2023-02-13 00:00:00.000 UTC
0.0021288247218142153,2023-02-12 00:00:00.000 UTC
0.004328360877151281,2023-02-11 00:00:00.000 UTC
0.0038003629896691056,2023-02-10 00:00:00.000 UTC
0.012918418797283296,2023-02-09 00:00:00.000 UTC
0.00885637489655662,2023-02-08 00:00:00.000 UTC
0.009085102163690422,2023-02-07 00:00:00.000 UTC
0.006401508701771287,2023-02-06 00:00:00.000 UTC
0.004698301377940586,2023-02-05 00:00:00.000 UTC
0.004437945018711425,2023-02-04 00:00:00.000 UTC
0.0074953930365238616,2023-02-03 00:00:00.000 UTC
0.005043023605013235,2023-02-02 00:00:00.000 UTC
0.00926117536567297,2023-02-01 00:00:00.000 UTC
0.0036005688607574585,2023-01-31 00:00:00.000 UTC
0.002966452103286479,2023-01-30 00:00:00.000 UTC
0.00350802903072802,2023-01-29 00:00:00.000 UTC
0.006695085270108614,2023-01-28 00:00:00.000 UTC
0.010233861355512788,2023-01-27 00:00:00.000 UTC
0.012197647778403898,2023-01-26 00:00:00.000 UTC
0.012077862395506253,2023-01-25 00:00:00.000 UTC
0.014569437280077,2023-01-24 00:00:00.000 UTC
0.010915621622610018,2023-01-23 00:00:00.000 UTC
0.009060877925243658,2023-01-22 00:00:00.000 UTC
0.012749822524535546,2023-01-21 00:00:00.000 UTC
0.006567668020799169,2023-01-20 00:00:00.000 UTC
0.008826551925797555,2023-01-19 00:00:00.000 UTC
0.014716161307439237,2023-01-18 00:00:00.000 UTC
0.008403593577642785,2023-01-17 00:00:00.000 UTC
0.008605012856265547,2023-01-16 00:00:00.000 UTC
0.006323438936262114,2023-01-15 00:00:00.000 UTC
0.01115480399900339,2023-01-14 00:00:00.000 UTC
0.003890703432477262,2023-01-13 00:00:00.000 UTC
0.005587298531055399,2023-01-12 00:00:00.000 UTC
0.007265931571501939,2023-01-11 00:00:00.000 UTC
0.001309793853731776,2023-01-10 00:00:00.000 UTC
0.002628120902603146,2023-01-09 00:00:00.000 UTC
0.000848002523619695,2023-01-08 00:00:00.000 UTC
0.00041192248216639395,2023-01-07 00:00:00.000 UTC
0.0026309927324865093,2023-01-06 00:00:00.000 UTC
0.002144485571719205,2023-01-05 00:00:00.000 UTC
0.002099497048627488,2023-01-04 00:00:00.000 UTC
0.003153447010320551,2023-01-03 00:00:00.000 UTC
0.0018104972561847382,2023-01-02 00:00:00.000 UTC
0.002925277163994983,2023-01-01 00:00:00.000 UTC
0.0039820161910286665,2022-12-31 00:00:00.000 UTC
0.0033879172927857065,2022-12-30 00:00:00.000 UTC
0.003215781191060532,2022-12-29 00:00:00.000 UTC
0.003611264164119886,2022-12-28 00:00:00.000 UTC
0.003188137264354717,2022-12-27 00:00:00.000 UTC
0.0007081235488652011,2022-12-26 00:00:00.000 UTC
0.0037350721651578326,2022-12-25 00:00:00.000 UTC
0.0017229339715818374,2022-12-24 00:00:00.000 UTC
0.005795386727389678,2022-12-23 00:00:00.000 UTC
0.004941885619253922,2022-12-22 00:00:00.000 UTC
0.004311477039483993,2022-12-21 00:00:00.000 UTC
0.006120312881849584,2022-12-20 00:00:00.000 UTC
0.007354900720259765,2022-12-19 00:00:00.000 UTC
0.005421038876532591,2022-12-18 00:00:00.000 UTC
0.006728747508199906,2022-12-17 00:00:00.000 UTC
0.0038704578455525406,2022-12-16 00:00:00.000 UTC
0.0021817263246591985,2022-12-15 00:00:00.000 UTC
0.00544922536661952,2022-12-14 00:00:00.000 UTC
0.005446123874712179,2022-12-13 00:00:00.000 UTC
0.006403980574683509,2022-12-12 00:00:00.000 UTC
0.0021087431055251066,2022-12-11 00:00:00.000 UTC
0.002579688280957995,2022-12-10 00:00:00.000 UTC
0.004069322596355324,2022-12-09 00:00:00.000 UTC
0.007368503730216476,2022-12-08 00:00:00.000 UTC
0.003020350963532251,2022-12-07 00:00:00.000 UTC
0.0021649709282766903,2022-12-06 00:00:00.000 UTC
0.004258806714271673,2022-12-05 00:00:00.000 UTC
0.001909867434324427,2022-12-04 00:00:00.000 UTC
0.002303320835857885,2022-12-03 00:00:00.000 UTC
0.009585463900005592,2022-12-02 00:00:00.000 UTC
0.005606502178863085,2022-12-01 00:00:00.000 UTC
0.0035581223351033916,2022-11-30 00:00:00.000 UTC
0.0028876080394201944,2022-11-29 00:00:00.000 UTC
0.005651805763622989,2022-11-28 00:00:00.000 UTC
0.008341501204405254,2022-11-27 00:00:00.000 UTC
0.012683052107714272,2022-11-26 00:00:00.000 UTC
0.018238399289004618,2022-11-25 00:00:00.000 UTC
0.010831813091776112,2022-11-24 00:00:00.000 UTC
0.013395306577384641,2022-11-23 00:00:00.000 UTC
0.01521155671826736,2022-11-22 00:00:00.000 UTC
0.017582645845790515,2022-11-21 00:00:00.000 UTC
0.03514226401208894,2022-11-20 00:00:00.000 UTC
0.017639005550251573,2022-11-19 00:00:00.000 UTC
0.007674002486813422,2022-11-18 00:00:00.000 UTC
0.011435334533792862,2022-11-17 00:00:00.000 UTC
0.012925964710571836,2022-11-16 00:00:00.000 UTC
0.012521251442106467,2022-11-15 00:00:00.000 UTC
0.02177489542913772,2022-11-14 00:00:00.000 UTC
0.016837016782881152,2022-11-13 00:00:00.000 UTC
0.02510910577056126,2022-11-12 00:00:00.000 UTC
0.040415548489522085,2022-11-11 00:00:00.000 UTC
0.05330814525620762,2022-11-10 00:00:00.000 UTC
0.0759492459898531,2022-11-09 00:00:00.000 UTC
0.04005257980165172,2022-11-08 00:00:00.000 UTC
0.006576745443497046,2022-11-07 00:00:00.000 UTC
0.006590213032956862,2022-11-06 00:00:00.000 UTC
0.0052029009487572254,2022-11-05 00:00:00.000 UTC
0.008640301142632508,2022-11-04 00:00:00.000 UTC
0.012471887605483279,2022-11-03 00:00:00.000 UTC
0.0118396509551147,2022-11-02 00:00:00.000 UTC
0.009197229837804657,2022-11-01 00:00:00.000 UTC
0.011560669790204118,2022-10-31 00:00:00.000 UTC
0.005408162786286043,2022-10-30 00:00:00.000 UTC
0.006610488204677993,2022-10-29 00:00:00.000 UTC
0.005958312110784979,2022-10-28 00:00:00.000 UTC
0.017404659989802916,2022-10-27 00:00:00.000 UTC
0.015748258201048925,2022-10-26 00:00:00.000 UTC
0.01246960965297426,2022-10-25 00:00:00.000 UTC
0.005767336383607081,2022-10-24 00:00:00.000 UTC
0.004792138263635872,2022-10-23 00:00:00.000 UTC
0.00109405931302312,2022-10-22 00:00:00.000 UTC
0.004280085773357279,2022-10-21 00:00:00.000 UTC
0.003999330093754444,2022-10-20 00:00:00.000 UTC
0.008371084248207393,2022-10-19 00:00:00.000 UTC
0.010161813315160926,2022-10-18 00:00:00.000 UTC
0.007433208345557334,2022-10-17 00:00:00.000 UTC
0.005988036112929562,2022-10-16 00:00:00.000 UTC
0.003446322130623779,2022-10-15 00:00:00.000 UTC
0.007140763060717779,2022-10-14 00:00:00.000 UTC
0.009698818307864683,2022-10-13 00:00:00.000 UTC
0.010643014334684313,2022-10-12 00:00:00.000 UTC
0.006009260845220576,2022-10-11 00:00:00.000 UTC
0.010370699865210633,2022-10-10 00:00:00.000 UTC
0.005588811703384255,2022-10-09 00:00:00.000 UTC
0.0048013980183537084,2022-10-08 00:00:00.000 UTC
0.015983224043704416,2022-10-07 00:00:00.000 UTC
0.017193962744800468,2022-10-06 00:00:00.000 UTC
0.008218276404020229,2022-10-05 00:00:00.000 UTC
0.007362021826678581,2022-10-04 00:00:00.000 UTC
0.008785332783055995,2022-10-03 00:00:00.000 UTC
0.007097722221484146,2022-10-02 00:00:00.000 UTC
0.008307428765152726,2022-10-01 00:00:00.000 UTC
0.01984312338466805,2022-09-30 00:00:00.000 UTC
0.01984681315479153,2022-09-29 00:00:00.000 UTC
0.018576215642526647,2022-09-28 00:00:00.000 UTC
0.006582443023464496,2022-09-27 00:00:00.000 UTC
0.01603260724073511,2022-09-26 00:00:00.000 UTC
0.010993608051645985,2022-09-25 00:00:00.000 UTC
0.01591784214163216,2022-09-24 00:00:00.000 UTC
0.026658750257703572,2022-09-23 00:00:00.000 UTC
0.024824233538853973,2022-09-22 00:00:00.000 UTC
0.019769746402605884,2022-09-21 00:00:00.000 UTC
0.01398725185812251,2022-09-20 00:00:00.000 UTC
0.011682361398867278,2022-09-19 00:00:00.000 UTC
0.009793312810381895,2022-09-18 00:00:00.000 UTC
0.008612793697844857,2022-09-17 00:00:00.000 UTC
0.012173724954879969,2022-09-16 00:00:00.000 UTC
0.017402435973022146,2022-09-15 00:00:00.000 UTC
0.024267392502115438,2022-09-14 00:00:00.000 UTC
0.02543319707138547,2022-09-13 00:00:00.000 UTC
0.02758999399312018,2022-09-12 00:00:00.000 UTC
0.019473131039856643,2022-09-11 00:00:00.000 UTC
0.010412949757182299,2022-09-10 00:00:00.000 UTC
0.011080666555733532,2022-09-09 00:00:00.000 UTC
0.015595636230112255,2022-09-08 00:00:00.000 UTC
0.016196520566209897,2022-09-07 00:00:00.000 UTC
0.014344496895053134,2022-09-06 00:00:00.000 UTC
0.010687351832779064,2022-09-05 00:00:00.000 UTC
0.030716083821169162,2022-09-04 00:00:00.000 UTC
0.03368787378043184,2022-09-03 00:00:00.000 UTC
0.009062787688151733,2022-09-02 00:00:00.000 UTC
0.02421552887537594,2022-09-01 00:00:00.000 UTC
0.03247821594782753,2022-08-31 00:00:00.000 UTC
0.021122666291336037,2022-08-30 00:00:00.000 UTC
0.01275735425102015,2022-08-29 00:00:00.000 UTC
0.013900133447330855,2022-08-28 00:00:00.000 UTC
0.009064940691607355,2022-08-27 00:00:00.000 UTC
0.025564303808177688,2022-08-26 00:00:00.000 UTC
0.031386889749298076,2022-08-25 00:00:00.000 UTC
0.03280790697050089,2022-08-24 00:00:00.000 UTC
0.030479339366362122,2022-08-23 00:00:00.000 UTC
0.031155300969830074,2022-08-22 00:00:00.000 UTC
0.02819445973543719,2022-08-21 00:00:00.000 UTC
0.02161268908179058,2022-08-20 00:00:00.000 UTC
0.0239238232527274,2022-08-19 00:00:00.000 UTC
0.026477586357241133,2022-08-18 00:00:00.000 UTC
0.015871542581182067,2022-08-17 00:00:00.000 UTC
0.030289424519906724,2022-08-16 00:00:00.000 UTC
0.022910831256222605,2022-08-15 00:00:00.000 UTC
0.013919290749132639,2022-08-14 00:00:00.000 UTC
0.017323406740411336,2022-08-13 00:00:00.000 UTC
0.030017925000223773,2022-08-12 00:00:00.000 UTC
0.03132428415278539,2022-08-11 00:00:00.000 UTC
0.024763373159741968,2022-08-10 00:00:00.000 UTC
0.01782422003033667,2022-08-09 00:00:00.000 UTC
0.012657059743773413,2022-08-08 00:00:00.000 UTC
0.010853281696310193,2022-08-07 00:00:00.000 UTC
0.012549263841986399,2022-08-06 00:00:00.000 UTC
0.015885735302429968,2022-08-05 00:00:00.000 UTC
0.012370346895947008,2022-08-04 00:00:00.000 UTC
0.023921114328997718,2022-08-03 00:00:00.000 UTC
0.04276255635749666,2022-08-02 00:00:00.000 UTC
0.030423589894019092,2022-08-01 00:00:00.000 UTC
0.029676162054814062,2022-07-31 00:00:00.000 UTC
0.035291362610812275,2022-07-30 00:00:00.000 UTC
0.04693001587234402,2022-07-29 00:00:00.000 UTC
0.05352010504173818,2022-07-28 00:00:00.000 UTC
0.04845079809796739,2022-07-27 00:00:00.000 UTC
0.03879558268743319,2022-07-26 00:00:00.000 UTC
0.039939125087769055,2022-07-25 00:00:00.000 UTC
0.038546211725618715,2022-07-24 00:00:00.000 UTC
0.037038928857204986,2022-07-23 00:00:00.000 UTC
0.04948278060625872,2022-07-22 00:00:00.000 UTC
0.04781314988211252,2022-07-21 00:00:00.000 UTC
0.053602924964550755,2022-07-20 00:00:00.000 UTC
0.06500297606372978,2022-07-19 00:00:00.000 UTC
0.04927053351035266,2022-07-18 00:00:00.000 UTC
0.03305561052039589,2022-07-17 00:00:00.000 UTC
0.035293563548308746,2022-07-16 00:00:00.000 UTC
0.03608482996789955,2022-07-15 00:00:00.000 UTC
0.028912944515144555,2022-07-14 00:00:00.000 UTC
0.029563306243482405,2022-07-13 00:00:00.000 UTC
0.030125330575982226,2022-07-12 00:00:00.000 UTC
0.020676783729836314,2022-07-11 00:00:00.000 UTC
0.017066100464073797,2022-07-10 00:00:00.000 UTC
0.01830772463153899,2022-07-09 00:00:00.000 UTC
0.031929437863772954,2022-07-08 00:00:00.000 UTC
0.024463115961368225,2022-07-07 00:00:00.000 UTC
0.03290060101619335,2022-07-06 00:00:00.000 UTC
0.036293745113782,2022-07-05 00:00:00.000 UTC
0.02666630684590999,2022-07-04 00:00:00.000 UTC
0.017768825383743848,2022-07-03 00:00:00.000 UTC
0.020085968336081526,2022-07-02 00:00:00.000 UTC
0.039439608918008684,2022-07-01 00:00:00.000 UTC
0.03354444689187826,2022-06-30 00:00:00.000 UTC
0.03778750095620072,2022-06-29 00:00:00.000 UTC
0.029070976738635207,2022-06-28 00:00:00.000 UTC
0.02629803042678661,2022-06-27 00:00:00.000 UTC
0.02657983500869002,2022-06-26 00:00:00.000 UTC
0.028203197882918883,2022-06-25 00:00:00.000 UTC
0.034919522306429335,2022-06-24 00:00:00.000 UTC
0.03404893738494473,2022-06-23 00:00:00.000 UTC
0.046564616127985854,2022-06-22 00:00:00.000 UTC
0.0490397806753628,2022-06-21 00:00:00.000 UTC
0.05928388142474292,2022-06-20 00:00:00.000 UTC
0.08791650044444116,2022-06-19 00:00:00.000 UTC
0.08355783754314233,2022-06-18 00:00:00.000 UTC
0.056127166412786374,2022-06-17 00:00:00.000 UTC
0.27954570051140554,2022-06-16 00:00:00.000 UTC
0.08541448685478062,2022-06-15 00:00:00.000 UTC
0.0937244313004415,2022-06-14 00:00:00.000 UTC
0.13466692064349903,2022-06-13 00:00:00.000 UTC
0.03762472362827601,2022-06-12 00:00:00.000 UTC
0.02611993435796802,2022-06-11 00:00:00.000 UTC
0.02433607571018728,2022-06-10 00:00:00.000 UTC
0.019128854313186974,2022-06-09 00:00:00.000 UTC
0.0461018947115855,2022-06-08 00:00:00.000 UTC
0.042204405676638204,2022-06-07 00:00:00.000 UTC
0.015987389443704522,2022-06-06 00:00:00.000 UTC
0.022324900826717772,2022-06-05 00:00:00.000 UTC
0.015174795876510206,2022-06-04 00:00:00.000 UTC
0.01737503233198283,2022-06-03 00:00:00.000 UTC
0.025577130873782175,2022-06-02 00:00:00.000 UTC
0.01886914094270549,2022-06-01 00:00:00.000 UTC
0.016800136703672745,2022-05-31 00:00:00.000 UTC
0.02165123151311148,2022-05-30 00:00:00.000 UTC
0.009987579227021868,2022-05-29 00:00:00.000 UTC
0.025993494717382278,2022-05-28 00:00:00.000 UTC
0.044753877858387914,2022-05-27 00:00:00.000 UTC
0.039458367507399325,2022-05-26 00:00:00.000 UTC
0.03580729812708294,2022-05-25 00:00:00.000 UTC
0.014206691656914808,2022-05-24 00:00:00.000 UTC
0.02454651556245343,2022-05-23 00:00:00.000 UTC
0.012226890588963722,2022-05-22 00:00:00.000 UTC
0.023691192785501906,2022-05-21 00:00:00.000 UTC
0.02842906494932114,2022-05-20 00:00:00.000 UTC
0.0413833885939854,2022-05-19 00:00:00.000 UTC
0.01650928903193415,2022-05-18 00:00:00.000 UTC
0.021189982907664152,2022-05-17 00:00:00.000 UTC
0.042869124356095786,2022-05-16 00:00:00.000 UTC
0.022459293305844518,2022-05-15 00:00:00.000 UTC
0.031072472646590577,2022-05-14 00:00:00.000 UTC
0.04066009369531833,2022-05-13 00:00:00.000 UTC
0.14455801042190441,2022-05-12 00:00:00.000 UTC
0.1455116370558075,2022-05-11 00:00:00.000 UTC
0.09403590812534549,2022-05-10 00:00:00.000 UTC
0.15980115252159904,2022-05-09 00:00:00.000 UTC
0.18025379278739084,2022-05-08 00:00:00.000 UTC
0.028190150979889583,2022-05-07 00:00:00.000 UTC
0.05845563114605582,2022-05-06 00:00:00.000 UTC
0.03479715493131978,2022-05-05 00:00:00.000 UTC
0.026075671143689277,2022-05-04 00:00:00.000 UTC
0.03689023158916376,2022-05-03 00:00:00.000 UTC
0.056903218468609115,2022-05-02 00:00:00.000 UTC
0.043222006964568446,2022-05-01 00:00:00.000 UTC
0.04759011503100118,2022-04-30 00:00:00.000 UTC
0.03113859494981477,2022-04-29 00:00:00.000 UTC
0.04056707677359245,2022-04-28 00:00:00.000 UTC
0.049449538981948385,2022-04-27 00:00:00.000 UTC
0.026099304808269434,2022-04-26 00:00:00.000 UTC
0.03689480187119444,2022-04-25 00:00:00.000 UTC
0.01532996069251196,2022-04-24 00:00:00.000 UTC
0.008146345506852653,2022-04-23 00:00:00.000 UTC
0.02123500570310677,2022-04-22 00:00:00.000 UTC
0.02866648085546311,2022-04-21 00:00:00.000 UTC
0.02809445638100298,2022-04-20 00:00:00.000 UTC
0.014538496016835233,2022-04-19 00:00:00.000 UTC
0.028713553270683145,2022-04-18 00:00:00.000 UTC
0.03303136088921396,2022-04-17 00:00:00.000 UTC
0.022259210524980685,2022-04-16 00:00:00.000 UTC
0.030606762372494788,2022-04-15 00:00:00.000 UTC
0.03072386137553285,2022-04-14 00:00:00.000 UTC
0.0346335996572214,2022-04-13 00:00:00.000 UTC
0.06281441892044244,2022-04-12 00:00:00.000 UTC
0.05712234332718456,2022-04-11 00:00:00.000 UTC
0.024681393446630298,2022-04-10 00:00:00.000 UTC
0.03156722830747898,2022-04-09 00:00:00.000 UTC
0.043194812391177895,2022-04-08 00:00:00.000 UTC
0.045738892896386156,2022-04-07 00:00:00.000 UTC
0.03325596034005446,2022-04-06 00:00:00.000 UTC
0.018333495504418325,2022-04-05 00:00:00.000 UTC
0.03730777715347197,2022-04-04 00:00:00.000 UTC
0.02425521931631854,2022-04-03 00:00:00.000 UTC
0.04029990391025271,2022-04-02 00:00:00.000 UTC
0.02418446855358431,2022-04-01 00:00:00.000 UTC
0.04822053940612775,2022-03-31 00:00:00.000 UTC
0.045177982968234845,2022-03-30 00:00:00.000 UTC
0.027088615446656958,2022-03-29 00:00:00.000 UTC
0.032218689560632265,2022-03-28 00:00:00.000 UTC
0.029284302140230898,2022-03-27 00:00:00.000 UTC
0.0266935970273745,2022-03-26 00:00:00.000 UTC
0.029030636364197823,2022-03-25 00:00:00.000 UTC
0.026677830704983505,2022-03-24 00:00:00.000 UTC
0.036134880698009075,2022-03-23 00:00:00.000 UTC
0.02487976345711165,2022-03-22 00:00:00.000 UTC
0.031028697136383523,2022-03-21 00:00:00.000 UTC
0.027735532561025122,2022-03-20 00:00:00.000 UTC
0.015993664094961706,2022-03-19 00:00:00.000 UTC
0.049865554650500354,2022-03-18 00:00:00.000 UTC
0.026288640331009118,2022-03-17 00:00:00.000 UTC
0.059341171253781355,2022-03-16 00:00:00.000 UTC
0.028272685145428657,2022-03-15 00:00:00.000 UTC
0.03437425154908098,2022-03-14 00:00:00.000 UTC
0.031448552281100266,2022-03-13 00:00:00.000 UTC
0.024569734959117046,2022-03-12 00:00:00.000 UTC
0.04325411644590978,2022-03-11 00:00:00.000 UTC
0.035815898501075305,2022-03-10 00:00:00.000 UTC
0.026322776385393425,2022-03-09 00:00:00.000 UTC
0.05317373088087329,2022-03-08 00:00:00.000 UTC
0.040713499477942165,2022-03-07 00:00:00.000 UTC
0.04675527155653715,2022-03-06 00:00:00.000 UTC
0.01751683454927759,2022-03-05 00:00:00.000 UTC
0.05215637988358815,2022-03-04 00:00:00.000 UTC
0.05886226107045203,2022-03-03 00:00:00.000 UTC
0.07396060492023442,2022-03-02 00:00:00.000 UTC
0.05025466870745242,2022-03-01 00:00:00.000 UTC
0.056652562364578773,2022-02-28 00:00:00.000 UTC
0.050646136098504116,2022-02-27 00:00:00.000 UTC
0.04258454823225597,2022-02-26 00:00:00.000 UTC
0.0817083888788212,2022-02-25 00:00:00.000 UTC
0.07855510030547863,2022-02-24 00:00:00.000 UTC
0.03246219754635342,2022-02-23 00:00:00.000 UTC
0.0622736384221981,2022-02-22 00:00:00.000 UTC
0.06688567114498539,2022-02-21 00:00:00.000 UTC
0.030331365952394627,2022-02-20 00:00:00.000 UTC
0.0337800717228379,2022-02-19 00:00:00.000 UTC
0.04062611765607325,2022-02-18 00:00:00.000 UTC
0.05689280321069992,2022-02-17 00:00:00.000 UTC
0.028414809944672315,2022-02-16 00:00:00.000 UTC
0.02152773577833693,2022-02-15 00:00:00.000 UTC
0.02592243336970676,2022-02-14 00:00:00.000 UTC
0.027840833516665896,2022-02-13 00:00:00.000 UTC
0.028800153577167174,2022-02-12 00:00:00.000 UTC
0.06012836046217737,2022-02-11 00:00:00.000 UTC
0.04813012690376281,2022-02-10 00:00:00.000 UTC
0.03429383688632584,2022-02-09 00:00:00.000 UTC
0.04489244058654259,2022-02-08 00:00:00.000 UTC
0.02455092971052152,2022-02-07 00:00:00.000 UTC
0.01711351932258768,2022-02-06 00:00:00.000 UTC
0.013051780998018677,2022-02-05 00:00:00.000 UTC
0.03625075079094374,2022-02-04 00:00:00.000 UTC
0.063559296689696,2022-02-03 00:00:00.000 UTC
0.04484987516993613,2022-02-02 00:00:00.000 UTC
0.029865801555180635,2022-02-01 00:00:00.000 UTC
0.03608237682039113,2022-01-31 00:00:00.000 UTC
0.04111883397057221,2022-01-30 00:00:00.000 UTC
0.0227814185581159,2022-01-29 00:00:00.000 UTC
0.056840224820592394,2022-01-28 00:00:00.000 UTC
0.05621732686394841,2022-01-27 00:00:00.000 UTC
0.07498105021149828,2022-01-26 00:00:00.000 UTC
0.0623241850667101,2022-01-25 00:00:00.000 UTC
0.13754689106925316,2022-01-24 00:00:00.000 UTC
0.059321100418158426,2022-01-23 00:00:00.000 UTC
0.22348663623496703,2022-01-22 00:00:00.000 UTC
0.2294148000011634,2022-01-21 00:00:00.000 UTC
0.03549927559662216,2022-01-20 00:00:00.000 UTC
0.06153809850736788,2022-01-19 00:00:00.000 UTC
0.02575561746651795,2022-01-18 00:00:00.000 UTC
0.018799119306769058,2022-01-17 00:00:00.000 UTC
0.0264058736648981,2022-01-16 00:00:00.000 UTC
0.011523870799191354,2022-01-15 00:00:00.000 UTC
0.02491075926969174,2022-01-14 00:00:00.000 UTC
0.03149331806346115,2022-01-13 00:00:00.000 UTC
0.016116319666069058,2022-01-12 00:00:00.000 UTC
0.030035071579859206,2022-01-11 00:00:00.000 UTC
0.06398193915728569,2022-01-10 00:00:00.000 UTC
0.032149575106695846,2022-01-09 00:00:00.000 UTC
0.051133441726004994,2022-01-08 00:00:00.000 UTC
0.08707826935631834,2022-01-07 00:00:00.000 UTC
0.09139348274264453,2022-01-06 00:00:00.000 UTC
0.06651081584596476,2022-01-05 00:00:00.000 UTC
0.03519021920791726,2022-01-04 00:00:00.000 UTC
0.028897272752735813,2022-01-03 00:00:00.000 UTC
0.034165757902124214,2022-01-02 00:00:00.000 UTC
0.04590381860315702,2022-01-01 00:00:00.000 UTC
0.042675232217035994,2021-12-31 00:00:00.000 UTC
0.0362524615469582,2021-12-30 00:00:00.000 UTC
0.016822073351563525,2021-12-29 00:00:00.000 UTC
0.018475596065918885,2021-12-28 00:00:00.000 UTC
0.030216164454685102,2021-12-27 00:00:00.000 UTC
0.017614387374212212,2021-12-26 00:00:00.000 UTC
0.02479329454257837,2021-12-25 00:00:00.000 UTC
0.017546706128470747,2021-12-24 00:00:00.000 UTC
0.03263680247703061,2021-12-23 00:00:00.000 UTC
0.017596817502368765,2021-12-22 00:00:00.000 UTC
0.01611707873572352,2021-12-21 00:00:00.000 UTC
0.06191021268708946,2021-12-20 00:00:00.000 UTC
0.051053941895260066,2021-12-19 00:00:00.000 UTC
0.04012659030808434,2021-12-18 00:00:00.000 UTC
0.053634920849934084,2021-12-17 00:00:00.000 UTC
0.027473141709080422,2021-12-16 00:00:00.000 UTC
0.05325248326013177,2021-12-15 00:00:00.000 UTC
0.0857072486976902,2021-12-14 00:00:00.000 UTC
0.06437562873560948,2021-12-13 00:00:00.000 UTC
0.03289898545921023,2021-12-12 00:00:00.000 UTC
0.08092046683510717,2021-12-11 00:00:00.000 UTC
0.08961580515352849,2021-12-10 00:00:00.000 UTC
0.04455337917699938,2021-12-09 00:00:00.000 UTC
0.058110073403000714,2021-12-08 00:00:00.000 UTC
0.047665346431167245,2021-12-07 00:00:00.000 UTC
0.07070207358244684,2021-12-06 00:00:00.000 UTC
0.09566566140711127,2021-12-05 00:00:00.000 UTC
0.13405696058974975,2021-12-04 00:00:00.000 UTC
0.07010482935968956,2021-12-03 00:00:00.000 UTC
0.09452188590474138,2021-12-02 00:00:00.000 UTC
0.06745850344720633,2021-12-01 00:00:00.000 UTC
0.05888713676304448,2021-11-30 00:00:00.000 UTC
0.01907717994196076,2021-11-29 00:00:00.000 UTC
0.06601341354204675,2021-11-28 00:00:00.000 UTC
0.03895265801836411,2021-11-27 00:00:00.000 UTC
0.05430910051222648,2021-11-26 00:00:00.000 UTC
0.02226245638521107,2021-11-25 00:00:00.000 UTC
0.044436659480984034,2021-11-24 00:00:00.000 UTC
0.0586226973054957,2021-11-23 00:00:00.000 UTC
0.07763077497913978,2021-11-22 00:00:00.000 UTC
0.03296673785312106,2021-11-21 00:00:00.000 UTC
0.01829470377523932,2021-11-20 00:00:00.000 UTC
0.04721926292110794,2021-11-19 00:00:00.000 UTC
0.07509892334201798,2021-11-18 00:00:00.000 UTC
0.09367786926262553,2021-11-17 00:00:00.000 UTC
0.10071825682006211,2021-11-16 00:00:00.000 UTC
0.022478801905962298,2021-11-15 00:00:00.000 UTC
0.02244518434390911,2021-11-14 00:00:00.000 UTC
0.04072079537728503,2021-11-13 00:00:00.000 UTC
0.04543631299993822,2021-11-12 00:00:00.000 UTC
0.034564243468177214,2021-11-11 00:00:00.000 UTC
0.06558473108079108,2021-11-10 00:00:00.000 UTC
0.013119147031549705,2021-11-09 00:00:00.000 UTC
0.021038235063690482,2021-11-08 00:00:00.000 UTC
0.012380820860414518,2021-11-07 00:00:00.000 UTC
0.030140286832124087,2021-11-06 00:00:00.000 UTC
0.03782326320092088,2021-11-05 00:00:00.000 UTC
0.05988371775118215,2021-11-04 00:00:00.000 UTC
0.029447423276990865,2021-11-03 00:00:00.000 UTC
0.055175564309952546,2021-11-02 00:00:00.000 UTC
0.042969418792727185,2021-11-01 00:00:00.000 UTC
0.03124317567615116,2021-10-31 00:00:00.000 UTC
0.04706658695163585,2021-10-30 00:00:00.000 UTC
0.061939815077597174,2021-10-29 00:00:00.000 UTC
0.07579361790365086,2021-10-28 00:00:00.000 UTC
0.051433023084626606,2021-10-27 00:00:00.000 UTC
0.04157200445712973,2021-10-26 00:00:00.000 UTC
0.02478987838974779,2021-10-25 00:00:00.000 UTC
0.04316267245437995,2021-10-24 00:00:00.000 UTC
0.03140746627134585,2021-10-23 00:00:00.000 UTC
0.05319371674279238,2021-10-22 00:00:00.000 UTC
0.05103748647625472,2021-10-21 00:00:00.000 UTC
0.04678957213841402,2021-10-20 00:00:00.000 UTC
0.07450278488497943,2021-10-19 00:00:00.000 UTC
0.05648444810772669,2021-10-18 00:00:00.000 UTC
0.05201181357156341,2021-10-17 00:00:00.000 UTC
0.0571061139540083,2021-10-16 00:00:00.000 UTC
0.06255724917321792,2021-10-15 00:00:00.000 UTC
0.041828696518847575,2021-10-14 00:00:00.000 UTC
0.048949111166432066,2021-10-13 00:00:00.000 UTC
0.04355834931503963,2021-10-12 00:00:00.000 UTC
0.023794896203490984,2021-10-11 00:00:00.000 UTC
0.032752324257536776,2021-10-10 00:00:00.000 UTC
0.035737971600033155,2021-10-09 00:00:00.000 UTC
0.054573814089848925,2021-10-08 00:00:00.000 UTC
0.07125566499120317,2021-10-07 00:00:00.000 UTC
0.07053571767442628,2021-10-06 00:00:00.000 UTC
0.024380775964046933,2021-10-05 00:00:00.000 UTC
0.034870666143154816,2021-10-04 00:00:00.000 UTC
0.03561085126072942,2021-10-03 00:00:00.000 UTC
0.0459763371362168,2021-10-02 00:00:00.000 UTC
0.06676755766518805,2021-10-01 00:00:00.000 UTC
0.05193984149197595,2021-09-30 00:00:00.000 UTC
0.027084255366512097,2021-09-29 00:00:00.000 UTC
0.07714087661593495,2021-09-28 00:00:00.000 UTC
0.04821829325289877,2021-09-27 00:00:00.000 UTC
0.03933725872695609,2021-09-26 00:00:00.000 UTC
0.06130279254287795,2021-09-25 00:00:00.000 UTC
0.0841321418445211,2021-09-24 00:00:00.000 UTC
0.05990630690588965,2021-09-23 00:00:00.000 UTC
0.04784211253018873,2021-09-22 00:00:00.000 UTC
0.07525222137408019,2021-09-21 00:00:00.000 UTC
0.11666182177359283,2021-09-20 00:00:00.000 UTC
0.05055565958211726,2021-09-19 00:00:00.000 UTC
0.025771004451824633,2021-09-18 00:00:00.000 UTC
0.03576233766123194,2021-09-17 00:00:00.000 UTC
0.07316789920274944,2021-09-16 00:00:00.000 UTC
0.030162358372485036,2021-09-15 00:00:00.000 UTC
0.04096914383939471,2021-09-14 00:00:00.000 UTC
0.039754648414245614,2021-09-13 00:00:00.000 UTC
0.027714997879376944,2021-09-12 00:00:00.000 UTC
0.05601407975977851,2021-09-11 00:00:00.000 UTC
0.061063382117731185,2021-09-10 00:00:00.000 UTC
0.05349290807319747,2021-09-09 00:00:00.000 UTC
0.0649539655823639,2021-09-08 00:00:00.000 UTC
0.06240877608009844,2021-09-07 00:00:00.000 UTC
0.025642647276932107,2021-09-06 00:00:00.000 UTC
0.039798290481740994,2021-09-05 00:00:00.000 UTC
0.020643788220862047,2021-09-04 00:00:00.000 UTC
0.023384507055241387,2021-09-03 00:00:00.000 UTC
0.03495561678809816,2021-09-02 00:00:00.000 UTC
0.026958918264987697,2021-09-01 00:00:00.000 UTC
0.034862483037344516,2021-08-31 00:00:00.000 UTC
0.022508917114277133,2021-08-30 00:00:00.000 UTC
0.018322076525542345,2021-08-29 00:00:00.000 UTC
0.015084570932660055,2021-08-28 00:00:00.000 UTC
0.025891773602136375,2021-08-27 00:00:00.000 UTC
0.03067114141413154,2021-08-26 00:00:00.000 UTC
0.0344523118127829,2021-08-25 00:00:00.000 UTC
0.034263809485984405,2021-08-24 00:00:00.000 UTC
0.029222383402639024,2021-08-23 00:00:00.000 UTC
0.01668514610263558,2021-08-22 00:00:00.000 UTC
0.028221955183735964,2021-08-21 00:00:00.000 UTC
0.01344901321559483,2021-08-20 00:00:00.000 UTC
0.031053823013356248,2021-08-19 00:00:00.000 UTC
0.04377422479255574,2021-08-18 00:00:00.000 UTC
0.03234420439486029,2021-08-17 00:00:00.000 UTC
0.040769135789470105,2021-08-16 00:00:00.000 UTC
0.023656924859678085,2021-08-15 00:00:00.000 UTC
0.026807275182533896,2021-08-14 00:00:00.000 UTC
0.019248543124373074,2021-08-13 00:00:00.000 UTC
0.027950612496127403,2021-08-12 00:00:00.000 UTC
0.027406379095810465,2021-08-11 00:00:00.000 UTC
0.08016548579357856,2021-08-10 00:00:00.000 UTC
0.03112954900845594,2021-08-09 00:00:00.000 UTC
0.02803968440696817,2021-08-08 00:00:00.000 UTC
0.03001318193535828,2021-08-07 00:00:00.000 UTC
0.021137251681476097,2021-08-06 00:00:00.000 UTC
0.03878530010906644,2021-08-05 00:00:00.000 UTC
0.043242052125216174,2021-08-04 00:00:00.000 UTC
0.02533830532248094,2021-08-03 00:00:00.000 UTC
0.02218550193628841,2021-08-02 00:00:00.000 UTC
0.0271274403795125,2021-08-01 00:00:00.000 UTC
0.011860175542414036,2021-07-31 00:00:00.000 UTC
0.018591042686849954,2021-07-30 00:00:00.000 UTC
0.02681240341870439,2021-07-29 00:00:00.000 UTC
0.03204467033188239,2021-07-28 00:00:00.000 UTC
0.028296705043425574,2021-07-27 00:00:00.000 UTC
0.04947599578819953,2021-07-26 00:00:00.000 UTC
0.01330622530324782,2021-07-25 00:00:00.000 UTC
0.015447763328068501,2021-07-24 00:00:00.000 UTC
0.03246377227758627,2021-07-23 00:00:00.000 UTC
0.08566511399333936,2021-07-22 00:00:00.000 UTC
0.0859386018083366,2021-07-21 00:00:00.000 UTC
0.06025248790576697,2021-07-20 00:00:00.000 UTC
0.05102435995504567,2021-07-19 00:00:00.000 UTC
0.02270349647250172,2021-07-18 00:00:00.000 UTC
0.025023190270520676,2021-07-17 00:00:00.000 UTC
0.028661282464316186,2021-07-16 00:00:00.000 UTC
0.035309915106016235,2021-07-15 00:00:00.000 UTC
0.02196818663098417,2021-07-14 00:00:00.000 UTC
0.02805297902378221,2021-07-13 00:00:00.000 UTC
0.03865905581743539,2021-07-12 00:00:00.000 UTC
0.04603404863957341,2021-07-11 00:00:00.000 UTC
0.0432857095132054,2021-07-10 00:00:00.000 UTC
0.0776547876808991,2021-07-09 00:00:00.000 UTC
0.08331241368292153,2021-07-08 00:00:00.000 UTC
0.018047789744657733,2021-07-07 00:00:00.000 UTC
0.034975830501618864,2021-07-06 00:00:00.000 UTC
0.02438611105598871,2021-07-05 00:00:00.000 UTC
0.020741146777579746,2021-07-04 00:00:00.000 UTC
0.02501128742047664,2021-07-03 00:00:00.000 UTC
0.04005322279829958,2021-07-02 00:00:00.000 UTC
0.04909947041436468,2021-07-01 00:00:00.000 UTC
0.049884002061619866,2021-06-30 00:00:00.000 UTC
0.06130643583579541,2021-06-29 00:00:00.000 UTC
0.056670323738566446,2021-06-28 00:00:00.000 UTC
0.05071649226062839,2021-06-27 00:00:00.000 UTC
0.03540842625717297,2021-06-26 00:00:00.000 UTC
0.08984681819999352,2021-06-25 00:00:00.000 UTC
0.1141758534732681,2021-06-24 00:00:00.000 UTC
0.06254469111750065,2021-06-23 00:00:00.000 UTC
0.06065630799556554,2021-06-22 00:00:00.000 UTC
0.039547238700091095,2021-06-21 00:00:00.000 UTC
0.029363689078173348,2021-06-20 00:00:00.000 UTC
0.06382748425048458,2021-06-19 00:00:00.000 UTC
0.043489156314004976,2021-06-18 00:00:00.000 UTC
0.043549552271398465,2021-06-17 00:00:00.000 UTC
0.01334585100327255,2021-06-16 00:00:00.000 UTC
0.012273145548471021,2021-06-15 00:00:00.000 UTC
0.036890601331601915,2021-06-14 00:00:00.000 UTC
0.0050916621666879875,2021-06-13 00:00:00.000 UTC
0.015114699597163467,2021-06-12 00:00:00.000 UTC
0.07022945443252844,2021-06-11 00:00:00.000 UTC
0.022911081001999095,2021-06-10 00:00:00.000 UTC
0.027056557247796237,2021-06-09 00:00:00.000 UTC
0.031140254038398513,2021-06-08 00:00:00.000 UTC
0.035046235305679706,2021-06-07 00:00:00.000 UTC
0.008350887066650216,2021-06-06 00:00:00.000 UTC
0.009236145824164956,2021-06-05 00:00:00.000 UTC
0.007983566405270176,2021-06-04 00:00:00.000 UTC
0.009016078533006991,2021-06-03 00:00:00.000 UTC
0.03234013739686944,2021-06-02 00:00:00.000 UTC
0.02359178438203833,2021-06-01 00:00:00.000 UTC
0.007919286874593664,2021-05-31 00:00:00.000 UTC
0.015680115660516768,2021-05-30 00:00:00.000 UTC
0.0691829826352182,2021-05-29 00:00:00.000 UTC
0.011741571776341247,2021-05-28 00:00:00.000 UTC
0.03370302679056182,2021-05-27 00:00:00.000 UTC
0.11529095580037686,2021-05-26 00:00:00.000 UTC
0.06011979947513274,2021-05-25 00:00:00.000 UTC
0.04151723335014863,2021-05-24 00:00:00.000 UTC
0.0518465356133632,2021-05-23 00:00:00.000 UTC
0.05923266428868551,2021-05-22 00:00:00.000 UTC
0.06392077634344365,2021-05-21 00:00:00.000 UTC
0.056409013796411084,2021-05-20 00:00:00.000 UTC
0.1456145332986819,2021-05-19 00:00:00.000 UTC
0.019688564238101544,2021-05-18 00:00:00.000 UTC
0.04036141607653322,2021-05-17 00:00:00.000 UTC
0.0243175239070806,2021-05-16 00:00:00.000 UTC
0.047250938144335716,2021-05-15 00:00:00.000 UTC
0.13765530512971558,2021-05-14 00:00:00.000 UTC
0.08218067459136157,2021-05-13 00:00:00.000 UTC
0.07968971396084591,2021-05-12 00:00:00.000 UTC
0.009774573981626304,2021-05-11 00:00:00.000 UTC
0.059688267997728126,2021-05-10 00:00:00.000 UTC
0.012918703913038121,2021-05-09 00:00:00.000 UTC
0.02570413124224537,2021-05-08 00:00:00.000 UTC
0.0680581288469037,2021-05-07 00:00:00.000 UTC
0.03299926789430397,2021-05-06 00:00:00.000 UTC
0.04434248764117085,2021-05-05 00:00:00.000 UTC
0.058137922467209516,2021-05-04 00:00:00.000 UTC
0.06071858041343895,2021-05-03 00:00:00.000 UTC
0.019801267821864463,2021-05-02 00:00:00.000 UTC
0.05229538473501169,2021-05-01 00:00:00.000 UTC
0.06073139218401748,2021-04-30 00:00:00.000 UTC
0.044179886400725815,2021-04-29 00:00:00.000 UTC
0.1349547743709473,2021-04-28 00:00:00.000 UTC
0.01971205067984401,2021-04-27 00:00:00.000 UTC
0.06886238240474518,2021-04-26 00:00:00.000 UTC
0.018845421520929904,2021-04-25 00:00:00.000 UTC
0.05264762840964714,2021-04-24 00:00:00.000 UTC
0.026096188371270167,2021-04-23 00:00:00.000 UTC
0.031892623152980665,2021-04-22 00:00:00.000 UTC
0.016177032791598357,2021-04-21 00:00:00.000 UTC
0.012236672068104651,2021-04-20 00:00:00.000 UTC
0.026794064781529597,2021-04-19 00:00:00.000 UTC
0.063876630647299,2021-04-18 00:00:00.000 UTC
0.02571763164292791,2021-04-17 00:00:00.000 UTC
0.06119145669008785,2021-04-16 00:00:00.000 UTC
0.018016484801087713,2021-04-15 00:00:00.000 UTC
0.0591810772234245,2021-04-14 00:00:00.000 UTC
0.026283709131661198,2021-04-13 00:00:00.000 UTC
0.18574725480500032,2021-04-12 00:00:00.000 UTC
0.06081943935917178,2021-04-11 00:00:00.000 UTC
0.04016914888788491,2021-04-10 00:00:00.000 UTC
0.0749429154545784,2021-04-09 00:00:00.000 UTC
0.1683964714351211,2021-04-08 00:00:00.000 UTC
0.06971099879176247,2021-04-07 00:00:00.000 UTC
0.016378557456909658,2021-04-06 00:00:00.000 UTC
0.03746448901223748,2021-04-05 00:00:00.000 UTC
0.05315503768725277,2021-04-04 00:00:00.000 UTC
0.05198187695880138,2021-04-03 00:00:00.000 UTC
0.08030734879219484,2021-04-02 00:00:00.000 UTC
0.050829667929966585,2021-04-01 00:00:00.000 UTC
0.036114891695982865,2021-03-31 00:00:00.000 UTC
0.1004595958779291,2021-03-30 00:00:00.000 UTC
0.068942874315813,2021-03-29 00:00:00.000 UTC
0.02074987234708348,2021-03-28 00:00:00.000 UTC
0.0638162692039454,2021-03-27 00:00:00.000 UTC
0.05717702147803233,2021-03-26 00:00:00.000 UTC
0.0460580844423066,2021-03-25 00:00:00.000 UTC
0.047543302589368286,2021-03-24 00:00:00.000 UTC
0.0618921623435999,2021-03-23 00:00:00.000 UTC
0.08397183339165809,2021-03-22 00:00:00.000 UTC
0.03217880555681824,2021-03-21 00:00:00.000 UTC
0.056437689939477904,2021-03-20 00:00:00.000 UTC
0.06232436358303914,2021-03-19 00:00:00.000 UTC
0.029243678399716456,2021-03-18 00:00:00.000 UTC
0.02815757088910527,2021-03-17 00:00:00.000 UTC
0.03429847156705195,2021-03-16 00:00:00.000 UTC
0.01003886146207331,2021-03-15 00:00:00.000 UTC
0.024982879690031556,2021-03-14 00:00:00.000 UTC
0.08485591088503641,2021-03-13 00:00:00.000 UTC
0.0936050051717351,2021-03-12 00:00:00.000 UTC
0.11258645152017575,2021-03-11 00:00:00.000 UTC
0.24794110492740024,2021-03-10 00:00:00.000 UTC
0.19814175656229605,2021-03-09 00:00:00.000 UTC
0.13802888777885222,2021-03-08 00:00:00.000 UTC
0.40100206000307376,2021-03-07 00:00:00.000 UTC
0.07978994530603006,2021-03-06 00:00:00.000 UTC
0.013603911743657732,2021-03-05 00:00:00.000 UTC
0.06943670627144984,2021-03-04 00:00:00.000 UTC
0.052634201100206474,2021-03-03 00:00:00.000 UTC
0.03920416185585655,2021-03-02 00:00:00.000 UTC
0.04320277602429035,2021-03-01 00:00:00.000 UTC
0.0738058959213797,2021-02-28 00:00:00.000 UTC
0.04501451303278008,2021-02-27 00:00:00.000 UTC
0.09184147475028642,2021-02-26 00:00:00.000 UTC
0.08559010572175157,2021-02-25 00:00:00.000 UTC
0.05203664867725874,2021-02-24 00:00:00.000 UTC
0.0394669036941981,2021-02-23 00:00:00.000 UTC
0.06366191367458948,2021-02-22 00:00:00.000 UTC
0.021129518084555307,2021-02-21 00:00:00.000 UTC
0.06428667957811235,2021-02-20 00:00:00.000 UTC
0.061107233464209446,2021-02-19 00:00:00.000 UTC
0.037780134886865255,2021-02-18 00:00:00.000 UTC
0.04436253792783203,2021-02-17 00:00:00.000 UTC
0.028054179099237762,2021-02-16 00:00:00.000 UTC
0.05781930325877986,2021-02-15 00:00:00.000 UTC
0.09742543185301823,2021-02-14 00:00:00.000 UTC
0.028004953403932224,2021-02-13 00:00:00.000 UTC
0.023475207956430752,2021-02-12 00:00:00.000 UTC
0.03610516886509618,2021-02-11 00:00:00.000 UTC
0.12954447376463546,2021-02-10 00:00:00.000 UTC
0.07051558098713723,2021-02-09 00:00:00.000 UTC
0.029459035506267783,2021-02-08 00:00:00.000 UTC
0.05217061190036812,2021-02-07 00:00:00.000 UTC
0.03946313233857785,2021-02-06 00:00:00.000 UTC
0.04029701107363035,2021-02-05 00:00:00.000 UTC
0.08642789975612426,2021-02-04 00:00:00.000 UTC
0.04506429095284232,2021-02-03 00:00:00.000 UTC
0.0415830181924349,2021-02-02 00:00:00.000 UTC
0.10296123456971654,2021-02-01 00:00:00.000 UTC
0.08370298262523401,2021-01-31 00:00:00.000 UTC
0.011377924575377925,2021-01-30 00:00:00.000 UTC
0.04606909091936991,2021-01-29 00:00:00.000 UTC
0.06337555026677016,2021-01-28 00:00:00.000 UTC
0.09946582971306135,2021-01-27 00:00:00.000 UTC
0.06447972869237976,2021-01-26 00:00:00.000 UTC
0.1103541516131695,2021-01-25 00:00:00.000 UTC
0.04197373715619324,2021-01-24 00:00:00.000 UTC
0.026207548742631738,2021-01-23 00:00:00.000 UTC
0.04200580780597798,2021-01-22 00:00:00.000 UTC
0.019706923970547078,2021-01-21 00:00:00.000 UTC
0.050656654950749544,2021-01-20 00:00:00.000 UTC
0.06660809273690246,2021-01-19 00:00:00.000 UTC
0.07382074412817918,2021-01-18 00:00:00.000 UTC
0.021687479806703616,2021-01-17 00:00:00.000 UTC
0.03204350963578729,2021-01-16 00:00:00.000 UTC
0.05867113255282809,2021-01-15 00:00:00.000 UTC
0.03661249572731465,2021-01-14 00:00:00.000 UTC
0.052936607585901616,2021-01-13 00:00:00.000 UTC
0.06939121948848789,2021-01-12 00:00:00.000 UTC
0.1462657445372459,2021-01-11 00:00:00.000 UTC
0.0980646688266287,2021-01-10 00:00:00.000 UTC
0.07808744321086059,2021-01-09 00:00:00.000 UTC
0.08747008236804252,2021-01-08 00:00:00.000 UTC
0.11312752695062955,2021-01-07 00:00:00.000 UTC
0.060313134255198755,2021-01-06 00:00:00.000 UTC
0.04157905416894288,2021-01-05 00:00:00.000 UTC
0.10108250481731099,2021-01-04 00:00:00.000 UTC
0.1434108943527833,2021-01-03 00:00:00.000 UTC
0.09010265361819336,2021-01-02 00:00:00.000 UTC
0.03920966891497009,2021-01-01 00:00:00.000 UTC
0.045506185409744986,2020-12-31 00:00:00.000 UTC
0.06894124561008576,2020-12-30 00:00:00.000 UTC
0.0207777591607933,2020-12-29 00:00:00.000 UTC
0.04438157361937424,2020-12-28 00:00:00.000 UTC
0.10207273634739476,2020-12-27 00:00:00.000 UTC
0.07580067537228888,2020-12-26 00:00:00.000 UTC
0.03806918188639939,2020-12-25 00:00:00.000 UTC
0.056767507871338004,2020-12-24 00:00:00.000 UTC
0.04722092138393951,2020-12-23 00:00:00.000 UTC
0.0425899056827308,2020-12-22 00:00:00.000 UTC
0.05900530459955297,2020-12-21 00:00:00.000 UTC
0.0073999911271552905,2020-12-20 00:00:00.000 UTC
0.011879330757323274,2020-12-19 00:00:00.000 UTC
0.020968521421988767,2020-12-18 00:00:00.000 UTC
0.03388091962320932,2020-12-17 00:00:00.000 UTC
0.05376017417216593,2020-12-16 00:00:00.000 UTC
0.0389569017830414,2020-12-15 00:00:00.000 UTC
0.016309148760047895,2020-12-14 00:00:00.000 UTC
0.008299104851892992,2020-12-13 00:00:00.000 UTC
0.02154594955185083,2020-12-12 00:00:00.000 UTC
0.022955338995679423,2020-12-11 00:00:00.000 UTC
0.06076292211825567,2020-12-10 00:00:00.000 UTC
0.019083064083701265,2020-12-09 00:00:00.000 UTC
0.017531141152405873,2020-12-08 00:00:00.000 UTC
0.018239869844102516,2020-12-07 00:00:00.000 UTC
0.01798375527433782,2020-12-06 00:00:00.000 UTC
0.0313290526730805,2020-12-05 00:00:00.000 UTC
0.030880706015233864,2020-12-04 00:00:00.000 UTC
0.01615255345263049,2020-12-03 00:00:00.000 UTC
0.025925215266457087,2020-12-02 00:00:00.000 UTC
0.022314243314551417,2020-12-01 00:00:00.000 UTC
0.050875066070443904,2020-11-30 00:00:00.000 UTC
0.008257716420796368,2020-11-29 00:00:00.000 UTC
0.00999343820162772,2020-11-28 00:00:00.000 UTC
0.019450752837020524,2020-11-27 00:00:00.000 UTC
0.045588106070912335,2020-11-26 00:00:00.000 UTC
0.010046180122002014,2020-11-25 00:00:00.000 UTC
0.03256845311080234,2020-11-24 00:00:00.000 UTC
0.020208104699707727,2020-11-23 00:00:00.000 UTC
0.020155488587905956,2020-11-22 00:00:00.000 UTC
0.03932395145017005,2020-11-21 00:00:00.000 UTC
0.020862269466450093,2020-11-20 00:00:00.000 UTC
0.037722014873983516,2020-11-19 00:00:00.000 UTC
0.06187321794595178,2020-11-18 00:00:00.000 UTC
0.09289020229567473,2020-11-17 00:00:00.000 UTC
0.1189757104630024,2020-11-16 00:00:00.000 UTC
0.031480097907528495,2020-11-15 00:00:00.000 UTC
0.0677659413914993,2020-11-14 00:00:00.000 UTC
0.04336774093235566,2020-11-13 00:00:00.000 UTC
0.04146953328645918,2020-11-12 00:00:00.000 UTC
0.04034070443564636,2020-11-11 00:00:00.000 UTC
0.027223907378986924,2020-11-10 00:00:00.000 UTC
0.03366036183825878,2020-11-09 00:00:00.000 UTC
0.0738781496650972,2020-11-08 00:00:00.000 UTC
0.07460220750170295,2020-11-07 00:00:00.000 UTC
0.0772763300124364,2020-11-06 00:00:00.000 UTC
0.055942173055151534,2020-11-05 00:00:00.000 UTC
0.02285731166265982,2020-11-04 00:00:00.000 UTC
0.07087184940866223,2020-11-03 00:00:00.000 UTC
0.05849926789503513,2020-11-02 00:00:00.000 UTC
0.034247594272874556,2020-11-01 00:00:00.000 UTC
0.030141613796489712,2020-10-31 00:00:00.000 UTC
0.05301232959204899,2020-10-30 00:00:00.000 UTC
0.06512627811110341,2020-10-29 00:00:00.000 UTC
0.01980973640062592,2020-10-28 00:00:00.000 UTC
0.04392710939193823,2020-10-27 00:00:00.000 UTC
0.160442708374287,2020-10-26 00:00:00.000 UTC
0.019830307587318595,2020-10-25 00:00:00.000 UTC
0.04377804811847836,2020-10-24 00:00:00.000 UTC
0.021693391544039438,2020-10-23 00:00:00.000 UTC
0.08505374151635386,2020-10-22 00:00:00.000 UTC
0.16833255030929858,2020-10-21 00:00:00.000 UTC
0.08544507879497025,2020-10-20 00:00:00.000 UTC
0.12741105698340735,2020-10-19 00:00:00.000 UTC
0.019941456534863088,2020-10-18 00:00:00.000 UTC
0.0071131078673330825,2020-10-17 00:00:00.000 UTC
0.07266403076544886,2020-10-16 00:00:00.000 UTC
0.08683140660387202,2020-10-15 00:00:00.000 UTC
0.19631220929543347,2020-10-14 00:00:00.000 UTC
0.04981617540711473,2020-10-13 00:00:00.000 UTC
0.14750911801818034,2020-10-12 00:00:00.000 UTC
0.0926304192017183,2020-10-11 00:00:00.000 UTC
0.13375103961191187,2020-10-10 00:00:00.000 UTC
0.10440916044199638,2020-10-09 00:00:00.000 UTC
0.04211669524335866,2020-10-08 00:00:00.000 UTC
0.1426401326554625,2020-10-07 00:00:00.000 UTC
0.09676262747824425,2020-10-06 00:00:00.000 UTC
0.039229139484405665,2020-10-05 00:00:00.000 UTC
0.0711857649760391,2020-10-04 00:00:00.000 UTC
0.15581630805174798,2020-10-03 00:00:00.000 UTC
0.20416882135805317,2020-10-02 00:00:00.000 UTC
0.13030628673850642,2020-10-01 00:00:00.000 UTC
0.18930785971175296,2020-09-30 00:00:00.000 UTC
0.027986035997362182,2020-09-29 00:00:00.000 UTC
0.11547762472745735,2020-09-28 00:00:00.000 UTC
0.058277530619302916,2020-09-27 00:00:00.000 UTC
0.15285277540641057,2020-09-26 00:00:00.000 UTC
0.2928049982409107,2020-09-25 00:00:00.000 UTC
0.519642403389512,2020-09-24 00:00:00.000 UTC
0.4981069846462328,2020-09-23 00:00:00.000 UTC
0.06399510642194546,2020-09-22 00:00:00.000 UTC
0.08547640550806268,2020-09-21 00:00:00.000 UTC
0.4348817656854276,2020-09-20 00:00:00.000 UTC
0.3936493843352322,2020-09-19 00:00:00.000 UTC
1.2706679748210299,2020-09-18 00:00:00.000 UTC
1.2627199498461814,2020-09-17 00:00:00.000 UTC
0.48630384646221364,2020-09-16 00:00:00.000 UTC
0.18935218315225144,2020-09-15 00:00:00.000 UTC
0.20082909472649985,2020-09-14 00:00:00.000 UTC
0.5758708654771115,2020-09-13 00:00:00.000 UTC
0.6712479530553745,2020-09-12 00:00:00.000 UTC
1.007740507741969,2020-09-11 00:00:00.000 UTC
0.964609173132772,2020-09-10 00:00:00.000 UTC
0.6949700310259369,2020-09-09 00:00:00.000 UTC
0.7090947475637124,2020-09-08 00:00:00.000 UTC
0.4021064696058606,2020-09-07 00:00:00.000 UTC
0.5294576940411342,2020-09-06 00:00:00.000 UTC
0.9655738315319307,2020-09-05 00:00:00.000 UTC
0.17515503825720957,2020-09-04 00:00:00.000 UTC
1.1577567447283204,2020-09-03 00:00:00.000 UTC
0.7267432264161834,2020-09-02 00:00:00.000 UTC
0.7900235333504483,2020-09-01 00:00:00.000 UTC
1.2082128713933376,2020-08-31 00:00:00.000 UTC
0.5451955495534022,2020-08-30 00:00:00.000 UTC
0.4290099006417027,2020-08-29 00:00:00.000 UTC
0.6442025123275641,2020-08-28 00:00:00.000 UTC
0.691963171132495,2020-08-27 00:00:00.000 UTC
0.7637051580215113,2020-08-26 00:00:00.000 UTC
0.8500809788519545,2020-08-25 00:00:00.000 UTC
0.6642209708408559,2020-08-24 00:00:00.000 UTC
1.8196458794216086,2020-08-23 00:00:00.000 UTC
5.452860689518976,2020-08-22 00:00:00.000 UTC
16.849692060541845,2020-08-21 00:00:00.000 UTC
26.564835988731467,2020-08-20 00:00:00.000 UTC
77.73846849424088,2020-08-19 00:00:00.000 UTC
54.25715142565667,2020-08-18 00:00:00.000 UTC
196.53390507444686,2020-08-17 00:00:00.000 UTC
504.23149672637453,2020-08-16 00:00:00.000 UTC
430.7620142455106,2020-08-15 00:00:00.000 UTC
879.1988735098132,2020-08-14 00:00:00.000 UTC
Infinity,2020-08-13 00:00:00.000 UTC
