glp_aum,glp_aum_arbi,glp_aum_avax,glp_aum_m,glp_aum_m_arbi,glp_aum_m_avax,glp_avax_apr,glp_avax_aprp,glp_eth_apr,glp_eth_aprp,time_day
440255095.99965215,384330132.4817234,55924963.517928705,440.25509599965216,384.3301324817234,55.9249635179287,0.08084258546682015,8.084258546682015,0.022631256256010902,2.26312562560109,2023-08-19 00:00:00.000 UTC
436517910.2937232,382129528.03931266,54388382.254410535,436.5179102937232,382.1295280393127,54.38838225441054,0.08374023698287329,8.37402369828733,0.022852985624970533,2.2852985624970534,2023-08-20 00:00:00.000 UTC
434771167.08145326,380960546.33020216,53810620.7512511,434.77116708145326,380.96054633020213,53.8106207512511,0.08256481597522526,8.256481597522527,0.02291900201348375,2.291900201348375,2023-08-21 00:00:00.000 UTC
432076540.04615295,378637608.55108976,53438931.495063215,432.07654004615296,378.6376085510898,53.438931495063215,0.07987376818410587,7.987376818410587,0.022770966963900383,2.2770966963900383,2023-08-22 00:00:00.000 UTC
432095854.4104222,379006623.7135234,53089230.696898825,432.0958544104222,379.00662371352337,53.089230696898824,0.10547392082785581,10.547392082785581,0.13237725358647637,13.237725358647637,2023-08-23 00:00:00.000 UTC
434054493.7623328,381300948.10285324,52753545.65947957,434.0544937623328,381.3009481028532,52.75354565947957,0.10595983599023859,10.595983599023858,0.13238876292794155,13.238876292794155,2023-08-24 00:00:00.000 UTC
432606928.88276696,380303330.77401334,52303598.10875361,432.60692888276697,380.3033307740133,52.303598108753604,0.10482123477640126,10.482123477640126,0.1318215800771903,13.18215800771903,2023-08-25 00:00:00.000 UTC
433081535.9208667,380892745.927235,52188789.99363174,433.0815359208667,380.892745927235,52.188789993631744,0.10532488247349785,10.532488247349784,0.13140706995883172,13.140706995883173,2023-08-26 00:00:00.000 UTC
434751424.5296961,382511894.2054539,52239530.32424222,434.7514245296961,382.51189420545387,52.23953032424222,0.10640418711323747,10.640418711323747,0.13096606644831096,13.096606644831096,2023-08-27 00:00:00.000 UTC
435200549.9451756,383047268.2850215,52153281.660154104,435.20054994517557,383.04726828502146,52.15328166015411,0.10669840033627802,10.669840033627802,0.13045376046936427,13.045376046936427,2023-08-28 00:00:00.000 UTC
441799327.0368664,389221638.4989245,52577688.53794191,441.79932703686643,389.2216384989245,52.57768853794191,0.1103476577222547,11.03476577222547,0.1309895657472771,13.09895657472771,2023-08-29 00:00:00.000 UTC
444552697.298464,391875383.8814697,52677313.41699429,444.552697298464,391.8753838814697,52.67731341699429,0.0325496971695889,3.25496971695889,0.046649324189753635,4.664932418975363,2023-08-30 00:00:00.000 UTC
438755050.0733432,386281309.51995033,52473740.5533929,438.7550500733432,386.28130951995036,52.4737405533929,0.03184275195789887,3.1842751957898865,0.04662639938101882,4.662639938101882,2023-08-31 00:00:00.000 UTC
432370687.0897704,380717240.68926346,51653446.400506906,432.3706870897704,380.71724068926346,51.65344640050691,0.031419810763421555,3.1419810763421556,0.04593695783654694,4.593695783654694,2023-09-01 00:00:00.000 UTC
431911554.05190367,380435052.5729559,51476501.47894776,431.9115540519037,380.4350525729559,51.47650147894776,0.031269687960293516,3.1269687960293515,0.04581888946709599,4.581888946709599,2023-09-02 00:00:00.000 UTC
433093865.8729157,381747634.10259527,51346231.770320415,433.09386587291567,381.74763410259527,51.346231770320415,0.03144104220347343,3.1441042203473426,0.04571450748782197,4.571450748782198,2023-09-03 00:00:00.000 UTC
433501030.7604094,382357578.0431937,51143452.71721574,433.50103076040944,382.3575780431937,51.14345271721574,0.031482821504100034,3.1482821504100036,0.045574579825069884,4.557457982506988,2023-09-04 00:00:00.000 UTC
431552822.38901794,380991927.47611994,50560894.91289798,431.55282238901793,380.99192747611994,50.56089491289798,0.0316872803076692,3.16872803076692,0.0456394815475621,4.56394815475621,2023-09-05 00:00:00.000 UTC
430049767.47015417,380701172.1024604,49348595.36769378,430.04976747015417,380.70117210246036,49.34859536769378,0.09853503387045934,9.853503387045933,0.037094993163501976,3.7094993163501977,2023-09-06 00:00:00.000 UTC
429267374.0365676,379929218.5226729,49338155.51389474,429.2673740365676,379.9292185226729,49.33815551389473,0.09898835507106822,9.898835507106822,0.03727508860297158,3.727508860297158,2023-09-07 00:00:00.000 UTC
429525198.78135777,380116965.84860164,49408232.93275615,429.52519878135774,380.11696584860164,49.40823293275615,0.09907077312312298,9.907077312312298,0.03730157654282173,3.7301576542821726,2023-09-08 00:00:00.000 UTC
428055220.3478311,378912622.8856324,49142597.46219866,428.0552203478311,378.9126228856324,49.14259746219866,0.09863818688226725,9.863818688226726,0.037348277392005504,3.7348277392005502,2023-09-09 00:00:00.000 UTC
425177758.45870125,376340965.2150395,48836793.24366174,425.17775845870125,376.3409652150395,48.83679324366174,0.09594346339924621,9.594346339924622,0.037355228911687244,3.735522891168724,2023-09-10 00:00:00.000 UTC
420667304.5062911,372597385.58046883,48069918.92582227,420.6673045062911,372.5973855804688,48.06991892582227,0.09504370492645613,9.504370492645613,0.03681835919579485,3.681835919579485,2023-09-11 00:00:00.000 UTC
422509542.17557496,375691160.3945396,46818381.78103536,422.50954217557495,375.6911603945396,46.81838178103536,0.0976756113187722,9.767561131877219,0.036620933225918764,3.6620933225918764,2023-09-12 00:00:00.000 UTC
426525802.5432621,379663343.7046219,46862458.83864021,426.5258025432621,379.6633437046219,46.862458838640215,0.05154347085459759,5.154347085459759,0.036978830644211466,3.6978830644211467,2023-09-13 00:00:00.000 UTC
434401094.9986927,388088724.233122,46312370.765570715,434.4010949986927,388.088724233122,46.31237076557071,0.05271138121728191,5.271138121728191,0.03676804920781135,3.6768049207811346,2023-09-14 00:00:00.000 UTC
437929127.82670045,391613763.4021101,46315364.424590334,437.92912782670044,391.6137634021101,46.315364424590335,0.05267355145899396,5.267355145899396,0.0364878279062888,3.6487827906288803,2023-09-15 00:00:00.000 UTC
437787545.2768744,391406383.8083107,46381161.46856373,437.7875452768744,391.4063838083107,46.381161468563725,0.05321677602814994,5.321677602814994,0.036738545344321485,3.6738545344321487,2023-09-16 00:00:00.000 UTC
434965787.8306217,389009653.3549069,45956134.47571478,434.9657878306217,389.0096533549069,45.956134475714784,0.05239125782713018,5.239125782713018,0.03676422637370808,3.676422637370808,2023-09-17 00:00:00.000 UTC
436961891.13058156,391008548.595591,45953342.53499054,436.96189113058153,391.008548595591,45.95334253499054,0.05198974483991595,5.198974483991595,0.03683286180221115,3.683286180221115,2023-09-18 00:00:00.000 UTC
437564970.3011376,391700752.285973,45864218.01516461,437.56497030113763,391.700752285973,45.86421801516462,0.05225825882977009,5.225825882977009,0.0368129462970023,3.6812946297002296,2023-09-19 00:00:00.000 UTC
436327880.68278027,390734116.2207406,45593764.46203968,436.3278806827803,390.7341162207406,45.59376446203968,0.03407809694551898,3.4078096945518976,0.02046072087507003,2.0460720875070026,2023-09-20 00:00:00.000 UTC
429956559.5467388,384719626.8771585,45236932.669580296,429.9565595467388,384.71962687715853,45.2369326695803,0.03375903131603239,3.375903131603239,0.020400781862626394,2.0400781862626394,2023-09-21 00:00:00.000 UTC
425513475.020811,380418320.1206452,45095154.9001658,425.51347502081103,380.4183201206452,45.095154900165795,0.03363691385222918,3.363691385222918,0.02052543947311646,2.052543947311646,2023-09-22 00:00:00.000 UTC
422736488.05703866,377787398.9380354,44949089.11900321,422.7364880570387,377.78739893803544,44.949089119003204,0.033921995102551276,3.3921995102551277,0.020670569059988656,2.0670569059988657,2023-09-23 00:00:00.000 UTC
419496443.7370718,374671167.5742032,44825276.16286863,419.4964437370718,374.6711675742032,44.825276162868626,0.03413050637885877,3.4130506378858767,0.020838233365723633,2.0838233365723635,2023-09-24 00:00:00.000 UTC
415238918.79380435,371200245.20140475,44038673.592399575,415.2389187938044,371.20024520140475,44.038673592399576,0.03438454966676296,3.4384549666762956,0.020874793519001626,2.0874793519001624,2023-09-25 00:00:00.000 UTC
412699481.0939758,369637116.7960266,43062364.297949225,412.6994810939758,369.6371167960266,43.06236429794922,0.03568449474050467,3.5684494740504666,0.021054860514645876,2.1054860514645877,2023-09-26 00:00:00.000 UTC
412079647.450377,368954795.4465906,43124852.003786415,412.07964745037697,368.9547954465906,43.124852003786415,0.038869952798858694,3.8869952798858693,0.017863335467700043,1.7863335467700043,2023-09-27 00:00:00.000 UTC
413583632.9690081,370483925.6243945,43099707.34461359,413.5836329690081,370.4839256243945,43.09970734461359,0.03944502229798126,3.9445022297981263,0.018126070610161877,1.8126070610161877,2023-09-28 00:00:00.000 UTC
415556233.67762685,372654211.4090891,42902022.26853777,415.55623367762684,372.6542114090891,42.90202226853777,0.040058982077052864,4.005898207705286,0.018406265021182755,1.8406265021182755,2023-09-29 00:00:00.000 UTC
415217998.93239224,372323958.06913465,42894040.86325758,415.2179989323922,372.3239580691347,42.89404086325758,0.03993599753278735,3.993599753278735,0.01854142229024968,1.854142229024968,2023-09-30 00:00:00.000 UTC
413709173.9466337,371202807.504137,42506366.44249675,413.7091739466337,371.20280750413696,42.50636644249675,0.04161924583251785,4.1619245832517855,0.018682744179722068,1.8682744179722068,2023-10-01 00:00:00.000 UTC
411299488.03053516,369263717.4542301,42035770.57630505,411.29948803053514,369.2637174542301,42.03577057630505,0.04255810454213491,4.255810454213491,0.01905860837024715,1.905860837024715,2023-10-02 00:00:00.000 UTC
403986618.54871225,362877493.5050713,41109125.043640986,403.9866185487123,362.8774935050713,41.10912504364099,0.04228180738009212,4.228180738009212,0.01883822616496953,1.8838226164969532,2023-10-03 00:00:00.000 UTC
401708582.25653195,360999750.36763626,40708831.88889571,401.70858225653194,360.99975036763624,40.708831888895716,0.051776060106259375,5.177606010625937,0.04047037574018702,4.0470375740187015,2023-10-04 00:00:00.000 UTC
400692362.8285407,360291305.54278547,40401057.285755225,400.6923628285407,360.29130554278544,40.40105728575522,0.054153889387795424,5.415388938779542,0.040290339425027855,4.029033942502785,2023-10-05 00:00:00.000 UTC
400418133.64633083,359907030.0583896,40511103.58794124,400.41813364633083,359.9070300583896,40.511103587941236,0.05664121957697241,5.66412195769724,0.040365443474522276,4.036544347452228,2023-10-06 00:00:00.000 UTC
400413261.3138093,359987465.09823817,40425796.215571105,400.4132613138093,359.98746509823815,40.425796215571104,0.057100085242032396,5.710008524203239,0.040505964301031226,4.0505964301031225,2023-10-07 00:00:00.000 UTC
396884236.50601864,356622369.14406157,40261867.36195709,396.8842365060186,356.62236914406157,40.26186736195709,0.0549735272239095,5.49735272239095,0.04069484012280518,4.069484012280518,2023-10-08 00:00:00.000 UTC
392628735.61672187,352760443.51702243,39868292.09969947,392.6287356167219,352.76044351702245,39.86829209969947,0.05296174947959447,5.296174947959447,0.04040681263265083,4.040681263265083,2023-10-09 00:00:00.000 UTC
389785841.0001414,350293186.96389806,39492654.03624331,389.7858410001414,350.29318696389805,39.49265403624331,0.05289019408362453,5.289019408362453,0.0400560216325499,4.00560216325499,2023-10-10 00:00:00.000 UTC
384774280.8846166,345942291.3361461,38831989.54847052,384.7742808846166,345.9422913361461,38.83198954847052,0.05753744419191506,5.753744419191506,0.02339310335222495,2.339310335222495,2023-10-11 00:00:00.000 UTC
380841750.67967397,342375498.2500421,38466252.42963191,380.84175067967396,342.3754982500421,38.46625242963191,0.05639961600850369,5.639961600850369,0.02340123019741466,2.340123019741466,2023-10-12 00:00:00.000 UTC
379825312.20273185,341406073.7437876,38419238.458944276,379.8253122027318,341.4060737437876,38.41923845894428,0.056810851195165823,5.681085119516583,0.023431084443116652,2.343108444311665,2023-10-13 00:00:00.000 UTC
379595626.8314586,341112092.881505,38483533.94995363,379.5956268314586,341.112092881505,38.48353394995363,0.05697044964598455,5.697044964598455,0.023545770125394033,2.354577012539403,2023-10-14 00:00:00.000 UTC
379085388.3304371,340590168.13849556,38495220.19194155,379.0853883304371,340.5901681384956,38.49522019194155,0.056788405430650404,5.67884054306504,0.02364914520819044,2.364914520819044,2023-10-15 00:00:00.000 UTC
381517439.0192583,342923895.94242674,38593543.076831564,381.51743901925835,342.9238959424267,38.593543076831565,0.05816924773322579,5.8169247733225795,0.023848231766348378,2.384823176634838,2023-10-16 00:00:00.000 UTC
379271421.0993269,340959653.1495487,38311767.949778214,379.2714210993269,340.9596531495487,38.311767949778215,0.05750875399821367,5.750875399821367,0.02397523870236841,2.397523870236841,2023-10-17 00:00:00.000 UTC
374487729.6059606,336530913.43754196,37956816.16841862,374.4877296059606,336.530913437542,37.95681616841863,0.05892617481440188,5.892617481440188,0.04932982516522692,4.932982516522692,2023-10-18 00:00:00.000 UTC
373146147.9569892,335632278.9790755,37513868.977913745,373.14614795698924,335.63227897907547,37.513868977913745,0.05882446703732041,5.8824467037320405,0.04904860242441744,4.904860242441744,2023-10-19 00:00:00.000 UTC
377934788.56264275,340095424.2056433,37839364.35699946,377.9347885626428,340.09542420564327,37.839364356999454,0.060108117384804025,6.0108117384804025,0.04964192821745406,4.964192821745406,2023-10-20 00:00:00.000 UTC
378452740.81850225,340459391.4311773,37993349.387324914,378.45274081850226,340.4593914311773,37.99334938732491,0.061650519139349276,6.165051913934928,0.05006214537352938,5.006214537352938,2023-10-21 00:00:00.000 UTC
379631077.5197166,341454319.2489073,38176758.270809285,379.6310775197166,341.4543192489073,38.17675827080929,0.06347262138331533,6.3472621383315335,0.05057470594696887,5.057470594696887,2023-10-22 00:00:00.000 UTC
379593794.4754366,340929810.2887053,38663984.18673135,379.59379447543665,340.9298102887053,38.663984186731355,0.06461404070444833,6.461404070444833,0.05235146452241552,5.235146452241552,2023-10-23 00:00:00.000 UTC
388409836.6289401,348897977.03529996,39511859.59364015,388.4098366289401,348.89797703529996,39.511859593640146,0.06536598083508625,6.5365980835086255,0.05457180474976213,5.457180474976213,2023-10-24 00:00:00.000 UTC
385140447.51775885,345889335.82472104,39251111.693037786,385.14044751775884,345.88933582472106,39.251111693037785,0.11593355557498557,11.593355557498557,0.17958613933832962,17.95861393383296,2023-10-25 00:00:00.000 UTC
385223648.08974886,345904104.99472153,39319543.09502733,385.22364808974885,345.90410499472154,39.31954309502733,0.12110118555468027,12.110118555468027,0.1811759147766992,18.11759147766992,2023-10-26 00:00:00.000 UTC
381748114.59742004,342823631.1361322,38924483.46128788,381.74811459742006,342.8236311361322,38.92448346128788,0.1199370609410866,11.99370609410866,0.180695187054027,18.0695187054027,2023-10-27 00:00:00.000 UTC
379428359.9415552,340486569.5363485,38941790.40520667,379.4283599415552,340.4865695363485,38.941790405206675,0.12173334424707004,12.173334424707004,0.18222791610020675,18.222791610020675,2023-10-28 00:00:00.000 UTC
379875320.5559289,340838548.6697432,39036771.88618572,379.8753205559289,340.8385486697432,39.03677188618572,0.12391629261318689,12.39162926131869,0.18229782104159742,18.229782104159742,2023-10-29 00:00:00.000 UTC
380686721.8019755,341623303.5625922,39063418.239383295,380.68672180197547,341.6233035625922,39.063418239383296,0.12769751895176903,12.769751895176903,0.18332197961745625,18.332197961745624,2023-10-30 00:00:00.000 UTC
380109392.770674,341370219.4916078,38739173.27906619,380.109392770674,341.37021949160777,38.73917327906619,0.1288438100624511,12.88438100624511,0.18349190017076197,18.349190017076197,2023-10-31 00:00:00.000 UTC
378824960.9411563,340368147.9214119,38456813.01974447,378.82496094115635,340.3681479214119,38.45681301974447,0.07646391290861355,7.646391290861356,0.05478265554121628,5.478265554121628,2023-11-01 00:00:00.000 UTC
378306751.7596346,340019876.9566675,38286874.80296711,378.3067517596346,340.0198769566675,38.286874802967105,0.08096660393426687,8.096660393426687,0.05525559485159088,5.525559485159088,2023-11-02 00:00:00.000 UTC
374170414.42408043,336893434.81730765,37276979.60677276,374.17041442408043,336.89343481730765,37.276979606772755,0.08234323068116828,8.234323068116828,0.0550725819679595,5.50725819679595,2023-11-03 00:00:00.000 UTC
375967165.6655875,338452101.74632275,37515063.91926472,375.96716566558746,338.45210174632274,37.51506391926472,0.08346921631441039,8.346921631441038,0.0558347109034984,5.58347109034984,2023-11-04 00:00:00.000 UTC
377928185.3710434,340140467.5018569,37787717.86918646,377.9281853710434,340.1404675018569,37.78771786918646,0.08471168378559565,8.471168378559565,0.05687872452109844,5.687872452109844,2023-11-05 00:00:00.000 UTC
377583850.3757348,339780385.18038493,37803465.195349865,377.5838503757348,339.78038518038494,37.803465195349865,0.08756641400672857,8.756641400672857,0.05726089260440236,5.7260892604402365,2023-11-06 00:00:00.000 UTC
375623775.082948,338012103.167269,37611671.91567906,375.62377508294804,338.012103167269,37.61167191567906,0.08813979617851446,8.813979617851446,0.057330641494571837,5.733064149457183,2023-11-07 00:00:00.000 UTC
357592128.0003457,320388643.5456512,37203484.45469452,357.5921280003457,320.3886435456512,37.20348445469452,0.08602320245011404,8.602320245011404,0.11653263319053692,11.653263319053691,2023-11-08 00:00:00.000 UTC
350450178.8753109,313432691.8014666,37017487.07384431,350.4501788753109,313.4326918014666,37.017487073844315,0.08871075161595467,8.871075161595467,0.12374301281199653,12.374301281199653,2023-11-09 00:00:00.000 UTC
353472690.60803473,315781757.8373308,37690932.77070391,353.4726906080347,315.7817578373308,37.69093277070391,0.0900925013824875,9.00925013824875,0.1314979874781763,13.149798747817629,2023-11-10 00:00:00.000 UTC
351932548.5096699,313942044.9676906,37990503.54197931,351.9325485096699,313.9420449676906,37.990503541979315,0.09828794231835594,9.828794231835595,0.12990174972951615,12.990174972951616,2023-11-11 00:00:00.000 UTC
351330071.86468947,313178908.19385755,38151163.670831904,351.33007186468944,313.1789081938575,38.151163670831906,0.1164482396202915,11.64482396202915,0.1295884312476818,12.95884312476818,2023-11-12 00:00:00.000 UTC
351410903.0293151,313152519.34799474,38258383.68132035,351.41090302931514,313.15251934799477,38.258383681320346,0.11536773088150652,11.536773088150651,0.13040182812540227,13.040182812540227,2023-11-13 00:00:00.000 UTC
348566409.51346487,310490523.44449365,38075886.068971194,348.56640951346486,310.49052344449365,38.075886068971194,0.11103992199271379,11.103992199271378,0.12957554174443106,12.957554174443105,2023-11-14 00:00:00.000 UTC
349321566.62014264,309146566.7602767,40174999.859865956,349.3215666201426,309.1465667602767,40.174999859865956,3.9375974284841897,393.75974284841897,0.1741620363110734,17.41620363110734,2023-11-15 00:00:00.000 UTC
351291496.68995917,308798626.22181314,42492870.468146056,351.29149668995916,308.79862622181315,42.49287046814606,4.350872456964202,435.0872456964202,0.17603032385555786,17.603032385555785,2023-11-16 00:00:00.000 UTC
347928278.53345144,305713352.96266216,42214925.57078929,347.9282785334514,305.71335296266216,42.21492557078929,4.3371498966778645,433.7149896677864,0.17217681965876083,17.217681965876082,2023-11-17 00:00:00.000 UTC
347864910.0593101,305851095.7956289,42013814.26368118,347.8649100593101,305.8510957956289,42.01381426368118,4.227721266719635,422.77212667196346,0.17112285831586657,17.112285831586657,2023-11-18 00:00:00.000 UTC
349478504.9040908,307367386.2879863,42111118.616104566,349.4785049040908,307.3673862879863,42.11111861610456,4.240960826452567,424.09608264525673,0.17166421090396128,17.166421090396128,2023-11-19 00:00:00.000 UTC
354300804.67531466,311854032.8625568,42446771.81275786,354.3008046753147,311.85403286255683,42.44677181275786,4.276713877545362,427.67138775453617,0.17395100660552879,17.395100660552878,2023-11-20 00:00:00.000 UTC
351773646.6395243,309860174.7954487,41913471.84407558,351.77364663952426,309.8601747954487,41.91347184407558,4.115144821947947,411.5144821947947,0.17333980858323192,17.33398085832319,2023-11-21 00:00:00.000 UTC
347397617.82862955,308177807.8785487,39219809.95008087,347.39761782862956,308.17780787854866,39.21980995008087,0.10571113870887379,10.571113870887379,0.09429020290435078,9.429020290435078,2023-11-22 00:00:00.000 UTC
347277250.928153,309423464.0362493,37853786.89190371,347.27725092815297,309.4234640362493,37.85378689190372,0.11294031602571833,11.294031602571833,0.09601362892369243,9.601362892369243,2023-11-23 00:00:00.000 UTC
348044543.90883195,310073809.5903755,37970734.318456456,348.04454390883194,310.0738095903755,37.97073431845646,0.11325705498007035,11.325705498007036,0.09696247613204478,9.696247613204479,2023-11-24 00:00:00.000 UTC
347766203.3417917,310175051.08112264,37591152.26066904,347.7662033417917,310.17505108112266,37.59115226066904,0.11503734877051602,11.503734877051603,0.09667062040394946,9.667062040394946,2023-11-25 00:00:00.000 UTC
346453786.1998628,309116117.5031816,37337668.69668118,346.4537861998628,309.11611750318156,37.33766869668118,0.11553042108004533,11.553042108004533,0.09665991527650553,9.665991527650553,2023-11-26 00:00:00.000 UTC
343087559.20707554,305989022.18970305,37098537.01737248,343.0875592070755,305.98902218970306,37.09853701737248,0.11330189199426226,11.330189199426226,0.09565760803382839,9.565760803382839,2023-11-27 00:00:00.000 UTC
342879211.7003227,305782734.5042131,37096477.19610961,342.8792117003227,305.78273450421307,37.09647719610961,0.11190740839473676,11.190740839473676,0.09578192292898412,9.578192292898411,2023-11-28 00:00:00.000 UTC
340605538.5796285,303619023.93467164,36986514.644956864,340.6055385796285,303.61902393467165,36.98651464495686,0.10609146510442428,10.609146510442429,0.030334239208371486,3.0334239208371487,2023-11-29 00:00:00.000 UTC
332190651.02524686,295481332.97845966,36709318.04678722,332.19065102524684,295.48133297845965,36.70931804678722,0.10745888917508957,10.745888917508957,0.031034827167044858,3.1034827167044856,2023-11-30 00:00:00.000 UTC
324825041.36919975,287474363.4046082,37350677.96459157,324.82504136919977,287.4743634046082,37.35067796459157,0.11042473984816203,11.042473984816203,0.03269127315583334,3.269127315583334,2023-12-01 00:00:00.000 UTC
323114256.69566745,285894673.27852327,37219583.41714416,323.11425669566745,285.89467327852327,37.21958341714416,0.11061803649149557,11.061803649149557,0.03326085955253634,3.326085955253634,2023-12-02 00:00:00.000 UTC
322738389.89099944,285747756.39217734,36990633.498822115,322.73838989099943,285.74775639217734,36.99063349882211,0.11117011902334939,11.117011902334939,0.03409775432352828,3.409775432352828,2023-12-03 00:00:00.000 UTC
310452851.5964148,273228037.1523614,37224814.44405344,310.4528515964148,273.22803715236137,37.22481444405344,0.11081933697180518,11.081933697180519,0.03675026789585784,3.675026789585784,2023-12-04 00:00:00.000 UTC
301802342.77575547,264550601.33948916,37251741.436266296,301.80234277575545,264.55060133948916,37.25174143626629,0.11402694801546784,11.402694801546783,0.038038093798152546,3.8038093798152546,2023-12-05 00:00:00.000 UTC
301370507.4355551,263607639.86843482,37762867.56712029,301.3705074355551,263.60763986843483,37.76286756712029,0.20162696896876606,20.162696896876607,0.09932254513350511,9.932254513350511,2023-12-06 00:00:00.000 UTC
295415723.2962988,257711939.9869631,37703783.3093357,295.4157232962988,257.7119399869631,37.7037833093357,0.20440598239509522,20.440598239509523,0.10227313993418859,10.227313993418859,2023-12-07 00:00:00.000 UTC
293519876.64169043,255442456.6805655,38077419.961124904,293.5198766416904,255.4424566805655,38.0774199611249,0.21127729304968154,21.127729304968152,0.10666332712389666,10.666332712389666,2023-12-08 00:00:00.000 UTC
293871974.30977434,255045271.85449865,38826702.4552757,293.8719743097743,255.04527185449865,38.8267024552757,0.24208320000456723,24.208320000456723,0.10678809977831517,10.678809977831518,2023-12-09 00:00:00.000 UTC
293031989.3449415,254248647.50623605,38783341.83870544,293.0319893449415,254.24864750623604,38.78334183870544,0.2515622541143848,25.15622541143848,0.10675202610739962,10.675202610739962,2023-12-10 00:00:00.000 UTC
286079984.2572908,247766107.0837385,38313877.17355228,286.0799842572908,247.76610708373852,38.313877173552285,0.27433895667778,27.433895667778003,0.10422813472046298,10.422813472046299,2023-12-11 00:00:00.000 UTC
285189510.28211945,246243279.18857092,38946231.09354854,285.18951028211944,246.2432791885709,38.94623109354853,0.29439067575543737,29.43906757554374,0.10366960250275051,10.366960250275051,2023-12-12 00:00:00.000 UTC
284380174.2909773,245506774.88364214,38873399.40733516,284.3801742909773,245.50677488364212,38.873399407335164,0.3304430409829686,33.04430409829686,0.13634427539091423,13.634427539091423,2023-12-13 00:00:00.000 UTC
287869708.3257096,248913043.82311517,38956664.502594426,287.8697083257096,248.91304382311517,38.95666450259443,0.3421706291676595,34.21706291676595,0.139366429464792,13.9366429464792,2023-12-14 00:00:00.000 UTC
287976481.21530783,248847118.6940246,39129362.521283224,287.97648121530784,248.8471186940246,39.12936252128323,0.35266491669164574,35.26649166916457,0.13836281816641569,13.836281816641568,2023-12-15 00:00:00.000 UTC
286537697.22919977,247440785.47849306,39096911.75070667,286.53769722919975,247.44078547849307,39.096911750706674,0.37273910169625857,37.27391016962586,0.13796312931958468,13.796312931958468,2023-12-16 00:00:00.000 UTC
285483192.7287159,246291568.21331784,39191624.51539804,285.4831927287159,246.29156821331784,39.19162451539804,0.36979247752465594,36.9792477524656,0.13722985073848912,13.722985073848912,2023-12-17 00:00:00.000 UTC
282800920.3318684,244222567.79488188,38578352.536986545,282.8009203318684,244.22256779488188,38.57835253698654,0.3519682512904048,35.196825129040484,0.1353101686355246,13.53101686355246,2023-12-18 00:00:00.000 UTC
284812855.11327326,245978091.79394898,38834763.319324285,284.81285511327326,245.97809179394898,38.83476331932428,0.3584037130050757,35.84037130050757,0.13690161302766596,13.690161302766596,2023-12-19 00:00:00.000 UTC
284892846.1451363,245990806.3075233,38902039.837612964,284.8928461451363,245.99080630752331,38.90203983761297,0.17549394368386587,17.549394368386587,0.07442256619936989,7.442256619936989,2023-12-20 00:00:00.000 UTC
285520874.39257556,246218994.83699918,39301879.55557641,285.52087439257554,246.21899483699917,39.301879555576406,0.18668320483028095,18.668320483028094,0.07484066552128625,7.484066552128625,2023-12-21 00:00:00.000 UTC
286684940.70395887,247430916.0596876,39254024.64427125,286.6849407039589,247.4309160596876,39.25402464427125,0.18912646983501435,18.912646983501435,0.07688532837920475,7.688532837920476,2023-12-22 00:00:00.000 UTC
286295479.1556793,246997166.954133,39298312.201546274,286.2954791556793,246.997166954133,39.298312201546274,0.18654608987744925,18.654608987744925,0.07703556755992207,7.7035567559922065,2023-12-23 00:00:00.000 UTC
285865006.06743,246421192.89336073,39443813.17406928,285.86500606743004,246.42119289336074,39.44381317406928,0.19707494240716852,19.70749424071685,0.0772934158656569,7.72934158656569,2023-12-24 00:00:00.000 UTC
284574027.2024693,245207905.85848677,39366121.34398253,284.57402720246927,245.20790585848678,39.366121343982535,0.19570317013795138,19.570317013795137,0.07701945907604274,7.701945907604274,2023-12-25 00:00:00.000 UTC
282157861.8831537,243107837.13825452,39050024.744899124,282.15786188315366,243.10783713825452,39.050024744899126,0.19000674355763825,19.000674355763824,0.07637641683321705,7.637641683321705,2023-12-26 00:00:00.000 UTC
282371260.5165261,243339101.36257502,39032159.15395109,282.3712605165261,243.33910136257504,39.03215915395109,0.24768920707709272,24.76892070770927,0.0776835757459779,7.76835757459779,2023-12-27 00:00:00.000 UTC
278415558.9027233,239764306.8325076,38651252.070215724,278.4155589027233,239.7643068325076,38.651252070215726,0.23647911193715124,23.647911193715125,0.08211512682871812,8.211512682871811,2023-12-28 00:00:00.000 UTC
272254430.2251556,233939370.701138,38315059.524017595,272.2544302251556,233.939370701138,38.31505952401759,0.23638928073162715,23.638928073162717,0.08254041283828582,8.254041283828583,2023-12-29 00:00:00.000 UTC
267828862.77731887,229837122.41079444,37991740.36652442,267.8288627773189,229.83712241079445,37.99174036652442,0.23168632946952492,23.168632946952492,0.08261197204296213,8.261197204296213,2023-12-30 00:00:00.000 UTC
268254586.4483117,230133418.1962218,38121168.25208987,268.25458644831167,230.1334181962218,38.12116825208987,0.2309412339770786,23.09412339770786,0.08240954238674117,8.240954238674117,2023-12-31 00:00:00.000 UTC
267198234.63767284,228881953.47430596,38316281.16336688,267.19823463767284,228.88195347430596,38.316281163366874,0.23029861690901682,23.029861690901683,0.08320070069146461,8.32007006914646,2024-01-01 00:00:00.000 UTC
269319168.380773,229896969.66132686,39422198.71944615,269.319168380773,229.89696966132686,39.42219871944615,0.23634412496206222,23.634412496206224,0.08552817467774575,8.552817467774574,2024-01-02 00:00:00.000 UTC
263365761.93458998,224592602.72683072,38773159.20775927,263.36576193458995,224.59260272683073,38.77315920775927,0.225529987078795,22.552998707879503,0.09833220903743847,9.833220903743847,2024-01-03 00:00:00.000 UTC
260396953.15372914,221265386.61180726,39131566.54192189,260.39695315372916,221.26538661180726,39.13156654192189,0.21687533662958755,21.687533662958757,0.09778051070613591,9.778051070613591,2024-01-04 00:00:00.000 UTC
258605874.41202515,219557448.18443674,39048426.22758841,258.6058744120252,219.55744818443674,39.04842622758841,0.21245124788024233,21.245124788024235,0.09858361809441159,9.858361809441158,2024-01-05 00:00:00.000 UTC
257484916.8738202,218536275.3042383,38948641.569581896,257.48491687382017,218.5362753042383,38.948641569581895,0.20241304595406098,20.2413045954061,0.09894767233548059,9.894767233548059,2024-01-06 00:00:00.000 UTC
257149031.91236424,218123902.67378315,39025129.23858109,257.14903191236425,218.12390267378316,39.025129238581094,0.20134900912941567,20.134900912941568,0.09901196011116083,9.901196011116083,2024-01-07 00:00:00.000 UTC
223131625.1683338,183927742.53787234,39203882.630461454,223.1316251683338,183.92774253787235,39.20388263046146,0.1952049828314,19.52049828314,0.11811755962294639,11.811755962294638,2024-01-08 00:00:00.000 UTC
213890721.31077775,174296491.9540885,39594229.35668924,213.89072131077776,174.2964919540885,39.59422935668924,0.20417921114337662,20.417921114337663,0.1267704353248606,12.67704353248606,2024-01-09 00:00:00.000 UTC
213475332.14246973,173716433.36207673,39758898.780393,213.47533214246974,173.71643336207674,39.758898780393,0.1592992854275366,15.929928542753661,0.24467456395827747,24.467456395827746,2024-01-10 00:00:00.000 UTC
217095387.2953086,177705187.86786985,39390199.42743875,217.0953872953086,177.70518786786985,39.39019942743875,0.17961492450730085,17.961492450730084,0.25833008796727125,25.833008796727125,2024-01-11 00:00:00.000 UTC
214374359.09025407,175557455.23471373,38816903.85554033,214.37435909025407,175.55745523471373,38.816903855540325,0.1769304934316368,17.69304934316368,0.26118534961253803,26.118534961253804,2024-01-12 00:00:00.000 UTC
210617685.19876206,172062404.1772644,38555281.02149768,210.61768519876205,172.0624041772644,38.555281021497684,0.16842811987485456,16.842811987485458,0.2608268203275232,26.08268203275232,2024-01-13 00:00:00.000 UTC
209746958.29530647,171478253.04647583,38268705.24883065,209.74695829530648,171.47825304647583,38.26870524883065,0.17234026574708505,17.234026574708505,0.26060434669928273,26.060434669928274,2024-01-14 00:00:00.000 UTC
209006195.52960932,171448223.6656219,37557971.86398742,209.00619552960933,171.4482236656219,37.557971863987426,0.17350195371021968,17.350195371021968,0.2586819014207488,25.86819014207488,2024-01-15 00:00:00.000 UTC
209107241.726848,172144885.52693328,36962356.19991471,209.107241726848,172.14488552693328,36.96235619991471,0.17519941797599506,17.519941797599508,0.26023908727503287,26.023908727503287,2024-01-16 00:00:00.000 UTC
211963982.24006099,171423664.6677385,40540317.57232248,211.96398224006097,171.4236646677385,40.54031757232248,0.13227471055288503,13.227471055288504,0.10883433384509339,10.883433384509338,2024-01-17 00:00:00.000 UTC
217326568.40248856,166584304.4961007,50742263.906387866,217.32656840248856,166.58430449610069,50.74226390638786,0.10269414591746338,10.269414591746338,0.11009816790759995,11.009816790759995,2024-01-18 00:00:00.000 UTC
224492067.3147877,164785803.73489732,59706263.579890385,224.49206731478768,164.7858037348973,59.70626357989038,0.08253298060959101,8.2532980609591,0.10975626083607115,10.975626083607114,2024-01-19 00:00:00.000 UTC
227283479.69204813,164400601.3342547,62882878.35779341,227.28347969204813,164.4006013342547,62.882878357793416,0.07730765294291127,7.7307652942911265,0.11002988704254725,11.002988704254726,2024-01-20 00:00:00.000 UTC
227153917.1730256,163822147.0345716,63331770.13845401,227.1539171730256,163.8221470345716,63.33177013845401,0.07786565899406757,7.786565899406757,0.11046690212558834,11.046690212558834,2024-01-21 00:00:00.000 UTC
223841775.61997664,161628537.7372291,62213237.882747546,223.84177561997663,161.6285377372291,62.21323788274755,0.07469833204280135,7.469833204280135,0.10813485672916642,10.813485672916642,2024-01-22 00:00:00.000 UTC
219078615.1700768,158164361.95249075,60914253.21758604,219.0786151700768,158.16436195249074,60.914253217586044,0.07126217232882369,7.126217232882369,0.10444506289305056,10.444506289305055,2024-01-23 00:00:00.000 UTC
224759453.75451103,157688128.93279544,67071324.82171559,224.75945375451104,157.68812893279542,67.07132482171559,1.2520418916658589,125.20418916658589,0.08550889661276806,8.550889661276805,2024-01-24 00:00:00.000 UTC
226110507.82359895,156673841.6024853,69436666.22111365,226.11050782359897,156.6738416024853,69.43666622111365,1.2017753862843394,120.17753862843395,0.0855536709720672,8.55536709720672,2024-01-25 00:00:00.000 UTC
226726630.31916273,156265814.8990305,70460815.4201322,226.72663031916272,156.26581489903052,70.4608154201322,1.230339741526321,123.03397415263211,0.08672152691383887,8.672152691383888,2024-01-26 00:00:00.000 UTC
227240226.7184439,156324847.6893141,70915379.0291298,227.2402267184439,156.32484768931408,70.91537902912981,1.2592721289979378,125.92721289979379,0.08776635196133276,8.776635196133276,2024-01-27 00:00:00.000 UTC
227204038.64895475,155498602.83511022,71705435.81384455,227.20403864895474,155.4986028351102,71.70543581384455,1.3533511067691042,135.33511067691043,0.08850123700030135,8.850123700030135,2024-01-28 00:00:00.000 UTC
227594928.51031542,155741857.10744086,71853071.40287454,227.5949285103154,155.74185710744086,71.85307140287455,1.3514849148420394,135.14849148420393,0.08839335899576142,8.839335899576142,2024-01-29 00:00:00.000 UTC
225226683.29894775,155923057.25692588,69303626.04202189,225.22668329894776,155.9230572569259,69.30362604202189,1.4292011406269813,142.92011406269813,0.09039636389787005,9.039636389787004,2024-01-30 00:00:00.000 UTC
201219347.95074594,153563124.33897254,47656223.61177342,201.21934795074594,153.56312433897253,47.65622361177341,0.07827540798947422,7.827540798947422,0.05761982743347974,5.761982743347974,2024-01-31 00:00:00.000 UTC
187866249.27297062,151845195.8645874,36021053.40838323,187.8662492729706,151.8451958645874,36.021053408383224,0.0992345004840585,9.92345004840585,0.05724655946459023,5.724655946459023,2024-02-01 00:00:00.000 UTC
183676540.7707027,147603288.3893055,36073252.38139719,183.6765407707027,147.6032883893055,36.07325238139719,0.105494763746188,10.5494763746188,0.05955485484639563,5.9554854846395635,2024-02-02 00:00:00.000 UTC
181297163.65265387,147333529.73261252,33963633.92004136,181.29716365265386,147.33352973261253,33.96363392004136,0.11406430271870682,11.406430271870683,0.05980522936902202,5.980522936902203,2024-02-03 00:00:00.000 UTC
179780556.9914969,146878958.71675298,32901598.274743926,179.7805569914969,146.87895871675298,32.901598274743925,0.1167756814737792,11.67756814737792,0.05970926699006069,5.970926699006069,2024-02-04 00:00:00.000 UTC
179162937.66321236,146483180.55122063,32679757.11199173,179.16293766321235,146.4831805512206,32.67975711199173,0.11497311052764936,11.497311052764935,0.05994851292736267,5.994851292736267,2024-02-05 00:00:00.000 UTC
178723946.82872632,146216010.73973152,32507936.088994805,178.72394682872633,146.21601073973153,32.5079360889948,0.11303805788609621,11.30380578860962,0.06094466093097418,6.0944660930974175,2024-02-06 00:00:00.000 UTC
178429626.042328,146204070.87669274,32225555.165635243,178.429626042328,146.20407087669275,32.22555516563524,0.1669824653225485,16.698246532254853,0.055158344382163764,5.515834438216376,2024-02-07 00:00:00.000 UTC
176540084.56001693,146913762.8178746,29626321.742142323,176.54008456001694,146.9137628178746,29.626321742142324,0.18662237860760592,18.66223786076059,0.05587721984516308,5.587721984516308,2024-02-08 00:00:00.000 UTC
177984172.48675323,148089268.01117054,29894904.4755827,177.98417248675324,148.08926801117053,29.8949044755827,0.1919126679826296,19.19126679826296,0.05651828472882679,5.651828472882679,2024-02-09 00:00:00.000 UTC
178812810.22440997,148149595.73423213,30663214.49017784,178.81281022440996,148.14959573423212,30.66321449017784,0.19944433016231652,19.944433016231653,0.05699486218744505,5.6994862187445055,2024-02-10 00:00:00.000 UTC
179441019.210145,148042668.19401282,31398351.016132172,179.441019210145,148.04266819401283,31.39835101613217,0.1996323633854732,19.96323633854732,0.05746438871169964,5.746438871169964,2024-02-11 00:00:00.000 UTC
179627404.31680185,147572618.5332288,32054785.783573017,179.62740431680186,147.57261853322882,32.05478578357302,0.19226302602885204,19.226302602885205,0.058172586413374174,5.817258641337418,2024-02-12 00:00:00.000 UTC
179819986.95220464,147671834.54753137,32148152.404673286,179.81998695220466,147.67183454753138,32.14815240467328,0.19626271328680261,19.62627132868026,0.06063803018558746,6.063803018558746,2024-02-13 00:00:00.000 UTC
177052964.6513594,144734604.75803155,32318359.893327855,177.05296465135942,144.73460475803154,32.31835989332785,0.14475377047623048,14.475377047623047,0.10369072481212943,10.369072481212942,2024-02-14 00:00:00.000 UTC
178276576.69101125,145930261.60366812,32346315.08734313,178.27657669101126,145.93026160366813,32.34631508734313,0.14934854659958932,14.934854659958932,0.10645633922269372,10.645633922269372,2024-02-15 00:00:00.000 UTC
177812231.63728586,145522747.6813963,32289483.95588955,177.81223163728586,145.5227476813963,32.28948395588955,0.14461013840571849,14.461013840571848,0.10710998137435379,10.710998137435379,2024-02-16 00:00:00.000 UTC
176561833.62381792,144572169.6005294,31989664.02328851,176.56183362381793,144.5721696005294,31.989664023288512,0.14231741371443907,14.231741371443906,0.10645318971199015,10.645318971199016,2024-02-17 00:00:00.000 UTC
175304625.0112744,143957807.5272997,31346817.483974695,175.3046250112744,143.9578075272997,31.346817483974696,0.14636396498031187,14.636396498031187,0.10810720903754446,10.810720903754447,2024-02-18 00:00:00.000 UTC
175692102.06350884,144414810.86141384,31277291.20209501,175.69210206350883,144.41481086141383,31.27729120209501,0.14607872279908682,14.607872279908682,0.11172295357599293,11.172295357599292,2024-02-19 00:00:00.000 UTC
174168641.6659001,143352711.79369038,30815929.872209743,174.1686416659001,143.3527117936904,30.815929872209743,0.14391044010008647,14.391044010008647,0.11358367618222188,11.35836761822219,2024-02-20 00:00:00.000 UTC
172369989.16854817,141811168.1344747,30558821.03407346,172.36998916854816,141.81116813447468,30.55882103407346,0.2194865019750928,21.94865019750928,0.08231816156910443,8.231816156910444,2024-02-21 00:00:00.000 UTC
172744435.34236938,142078576.07987434,30665859.262495056,172.74443534236937,142.07857607987432,30.665859262495054,0.2189338092950285,21.89338092950285,0.0829689587867133,8.29689587867133,2024-02-22 00:00:00.000 UTC
171256970.7514674,140856376.82925963,30400593.922207758,171.2569707514674,140.85637682925963,30.400593922207758,0.21554513304482648,21.554513304482647,0.08300538243607618,8.300538243607617,2024-02-23 00:00:00.000 UTC
172137150.35446104,141908769.04597554,30228381.308485497,172.13715035446106,141.90876904597553,30.228381308485496,0.21668055201556294,21.668055201556292,0.08280615517231228,8.280615517231228,2024-02-24 00:00:00.000 UTC
172297734.40669978,141941827.47101837,30355906.935681406,172.2977344066998,141.94182747101837,30.355906935681407,0.2188225795973313,21.88225795973313,0.08517107053245969,8.517107053245969,2024-02-25 00:00:00.000 UTC
171780475.36920854,141404475.68634474,30375999.682863798,171.78047536920855,141.40447568634474,30.3759996828638,0.2235165193236921,22.351651932369208,0.08745920276687177,8.745920276687178,2024-02-26 00:00:00.000 UTC
173389686.0747973,142510191.41386437,30879494.66093293,173.3896860747973,142.51019141386436,30.879494660932927,0.2290605665923857,22.90605665923857,0.09013129864565211,9.013129864565212,2024-02-27 00:00:00.000 UTC
175530373.78360027,144585987.6176997,30944386.165900566,175.53037378360028,144.58598761769971,30.944386165900564,0.10580747103969024,10.580747103969024,0.1720155743534941,17.20155743534941,2024-02-28 00:00:00.000 UTC
176608203.84098083,145587308.48983058,31020895.35115026,176.60820384098082,145.58730848983058,31.02089535115026,0.11230073362706224,11.230073362706223,0.1771805440033031,17.71805440033031,2024-02-29 00:00:00.000 UTC
174592393.35567534,143734430.18417054,30857963.171504784,174.59239335567534,143.73443018417055,30.857963171504785,0.11327965696035805,11.327965696035806,0.1782176287271028,17.82176287271028,2024-03-01 00:00:00.000 UTC
175019416.48584783,144355331.41996127,30664085.06588656,175.01941648584784,144.35533141996126,30.66408506588656,0.11573875729862423,11.573875729862424,0.17843628068916076,17.843628068916075,2024-03-02 00:00:00.000 UTC
174728956.96950057,144363559.99052927,30365396.97897131,174.72895696950056,144.36355999052927,30.36539697897131,0.11715398991981665,11.715398991981665,0.1790939283833783,17.90939283833783,2024-03-03 00:00:00.000 UTC
175974512.131416,145556195.89706895,30418316.234347053,175.974512131416,145.55619589706896,30.418316234347053,0.1166338609340459,11.66338609340459,0.18221332580655367,18.221332580655368,2024-03-04 00:00:00.000 UTC
174608208.98451748,144521438.59856007,30086770.38595743,174.6082089845175,144.52143859856005,30.086770385957433,0.11524754181862296,11.524754181862296,0.19033895744765297,19.033895744765296,2024-03-05 00:00:00.000 UTC
175158822.16096836,145022374.72495946,30136447.436008915,175.15882216096836,145.02237472495946,30.136447436008915,0.49465406282595503,49.4654062825955,0.2533675915841708,25.33675915841708,2024-03-06 00:00:00.000 UTC
177276196.31497395,146389040.05028662,30887156.26468732,177.27619631497396,146.3890400502866,30.88715626468732,0.5170868512732867,51.70868512732867,0.254755698864932,25.475569886493197,2024-03-07 00:00:00.000 UTC
178162486.56261402,147054442.63943827,31108043.923175737,178.16248656261402,147.05444263943826,31.10804392317574,0.5117266079731277,51.17266079731277,0.260512276774395,26.0512276774395,2024-03-08 00:00:00.000 UTC
175077822.76373696,143706144.98208052,31371677.781656437,175.07782276373698,143.70614498208053,31.371677781656437,0.5070065587423304,50.700655874233036,0.265981329242241,26.5981329242241,2024-03-09 00:00:00.000 UTC
175513435.80109712,144013363.6537664,31500072.147330742,175.51343580109713,144.0133636537664,31.50007214733074,0.5007582522669591,50.07582522669591,0.2658401009272369,26.58401009272369,2024-03-10 00:00:00.000 UTC
177679057.06094587,145878910.55205876,31800146.5088871,177.67905706094587,145.87891055205876,31.8001465088871,0.5250192981180594,52.50192981180594,0.26629014650938443,26.629014650938444,2024-03-11 00:00:00.000 UTC
178382642.5888252,146597462.5044663,31785180.084358897,178.3826425888252,146.5974625044663,31.785180084358895,0.5911309964767995,59.113099647679945,0.26632141870613535,26.632141870613534,2024-03-12 00:00:00.000 UTC
178895066.9107855,146758843.05954123,32136223.85124428,178.8950669107855,146.75884305954122,32.13622385124428,0.18833148745539222,18.833148745539223,0.1692529075808203,16.925290758082028,2024-03-13 00:00:00.000 UTC
178477187.48373514,146432096.1391135,32045091.34462166,178.47718748373515,146.4320961391135,32.04509134462166,0.19285261366141201,19.285261366141203,0.16578550258200364,16.578550258200366,2024-03-14 00:00:00.000 UTC
174070163.24320272,142634343.23080227,31435820.01240044,174.07016324320273,142.63434323080227,31.43582001240044,0.19300184403938878,19.30018440393888,0.16136186626752022,16.13618662675202,2024-03-15 00:00:00.000 UTC
173405647.5388532,141792961.4143691,31612686.12448409,173.4056475388532,141.7929614143691,31.61268612448409,0.20197203771674163,20.197203771674165,0.16046447513392972,16.046447513392973,2024-03-16 00:00:00.000 UTC
171780858.68306294,140202247.5337533,31578611.14930964,171.78085868306295,140.2022475337533,31.57861114930964,0.19442771764017494,19.442771764017493,0.15803545276623587,15.803545276623588,2024-03-17 00:00:00.000 UTC
171490701.9637119,140035069.94219047,31455632.02152142,171.4907019637119,140.03506994219046,31.45563202152142,0.2188729843137049,21.88729843137049,0.15749635709665563,15.749635709665563,2024-03-18 00:00:00.000 UTC
164248635.1848596,133175110.99033655,31073524.194523048,164.2486351848596,133.17511099033655,31.07352419452305,0.20897646491288935,20.897646491288935,0.15427463449842502,15.427463449842502,2024-03-19 00:00:00.000 UTC
165311875.879951,133679675.68857397,31632200.191377014,165.311875879951,133.67967568857398,31.632200191377013,0.364803759616418,36.4803759616418,0.19308774788390434,19.308774788390433,2024-03-20 00:00:00.000 UTC
170863725.03091753,136639736.17357275,34223988.85734477,170.86372503091752,136.63973617357274,34.22398885734477,0.34602763665901465,34.60276366590146,0.20182259111310494,20.182259111310493,2024-03-21 00:00:00.000 UTC
170299593.36934897,135327571.30358258,34972022.06576639,170.29959336934897,135.32757130358257,34.97202206576639,0.33485887481481874,33.485887481481875,0.19808320587877326,19.808320587877326,2024-03-22 00:00:00.000 UTC
170027182.2876492,134654352.63161957,35372829.65602966,170.02718228764923,134.65435263161956,35.37282965602966,0.33092511244360645,33.092511244360644,0.19627244859876697,19.627244859876697,2024-03-23 00:00:00.000 UTC
171441586.86981726,135543923.9163807,35897662.95343655,171.44158686981726,135.5439239163807,35.89766295343655,0.3230672548565285,32.30672548565285,0.19552316806885212,19.552316806885212,2024-03-24 00:00:00.000 UTC
174358479.4473378,137346410.07239443,37012069.37494339,174.3584794473378,137.34641007239443,37.012069374943394,0.33306252766920946,33.30625276692095,0.20098242927340135,20.098242927340134,2024-03-25 00:00:00.000 UTC
178006670.64454564,139249129.76937765,38757540.875167996,178.00667064454564,139.24912976937765,38.757540875168,0.31898874695914187,31.898874695914188,0.20367679792880056,20.367679792880054,2024-03-26 00:00:00.000 UTC
180611059.87259132,138297540.02493793,42313519.84765338,180.6110598725913,138.29754002493792,42.31351984765338,1.0449214652385395,104.49214652385395,0.11568870756011754,11.568870756011753,2024-03-27 00:00:00.000 UTC
183157120.22411093,137717458.555253,45439661.66885793,183.15712022411094,137.717458555253,45.43966166885793,0.9634516957854363,96.34516957854363,0.11597542848911054,11.597542848911054,2024-03-28 00:00:00.000 UTC
182233490.4481137,136352710.50784904,45880779.94026467,182.2334904481137,136.35271050784903,45.880779940264674,0.9421226080720105,94.21226080720105,0.11652663416216824,11.652663416216825,2024-03-29 00:00:00.000 UTC
180870224.58982038,135090245.9175387,45779978.67228168,180.8702245898204,135.0902459175387,45.77997867228168,0.9470595599321877,94.70595599321877,0.1171726232748644,11.71726232748644,2024-03-30 00:00:00.000 UTC
179746483.0240273,134074802.8491578,45671680.17486951,179.7464830240273,134.0748028491578,45.67168017486951,0.947042014739672,94.7042014739672,0.12082482331119167,12.082482331119166,2024-03-31 00:00:00.000 UTC
175167505.3795629,131248652.9663449,43918852.41321802,175.16750537956293,131.2486529663449,43.91885241321802,0.9587987932279162,95.87987932279162,0.12110831166484831,12.11083116648483,2024-04-01 00:00:00.000 UTC
171920170.54459426,127641198.69032134,44278971.85427292,171.92017054459427,127.64119869032135,44.27897185427292,0.870741637436853,87.07416374368529,0.11736575932260547,11.736575932260546,2024-04-02 00:00:00.000 UTC
169677883.57164523,125283223.48554352,44394660.08610171,169.67788357164522,125.28322348554352,44.39466008610171,0.40280892769839566,40.28089276983957,0.11634107866765822,11.634107866765822,2024-04-03 00:00:00.000 UTC
168138877.39117864,124632947.95600528,43505929.43517336,168.13887739117862,124.63294795600528,43.505929435173364,0.41093797913311,41.093797913311,0.11763963638927823,11.763963638927823,2024-04-04 00:00:00.000 UTC
166886738.77866846,124340197.95706883,42546540.82159962,166.88673877866847,124.34019795706882,42.54654082159962,0.4066140650165901,40.66140650165901,0.11661604427996432,11.661604427996432,2024-04-05 00:00:00.000 UTC
166981871.04096872,124698318.66187687,42283552.379091844,166.9818710409687,124.69831866187687,42.283552379091844,0.4256225339858729,42.56225339858729,0.11768921262696413,11.768921262696413,2024-04-06 00:00:00.000 UTC
166780843.9218285,124425129.69971785,42355714.22211066,166.7808439218285,124.42512969971784,42.355714222110656,0.437330522772357,43.7330522772357,0.11987406101122018,11.987406101122017,2024-04-07 00:00:00.000 UTC
167229233.11312526,124757800.31990571,42471432.793219544,167.22923311312528,124.75780031990571,42.47143279321954,0.4456349816530539,44.56349816530539,0.12598242402325208,12.598242402325207,2024-04-08 00:00:00.000 UTC
165748077.47730196,123543446.12833628,42204631.34896569,165.74807747730196,123.54344612833629,42.20463134896569,0.43522989838779197,43.522989838779196,0.12807899158328567,12.807899158328567,2024-04-09 00:00:00.000 UTC
161033263.65456113,121115666.70296274,39917596.9515984,161.03326365456113,121.11566670296274,39.9175969515984,0.09091800821962445,9.091800821962446,0.10173505009192572,10.173505009192573,2024-04-10 00:00:00.000 UTC
159189969.21823525,121282322.4075916,37907646.81064364,159.18996921823526,121.2823224075916,37.90764681064364,0.09477510539653848,9.477510539653847,0.10251181917536767,10.251181917536767,2024-04-11 00:00:00.000 UTC
157024262.73143426,120595123.75992297,36429138.97151128,157.02426273143425,120.59512375992297,36.42913897151128,0.09349258945829529,9.34925894582953,0.10008259895300778,10.008259895300778,2024-04-12 00:00:00.000 UTC
152623502.32089823,118514233.69112213,34109268.62977609,152.62350232089824,118.51423369112213,34.10926862977609,0.08405248087314147,8.405248087314147,0.09490209901192283,9.490209901192284,2024-04-13 00:00:00.000 UTC
150170322.00119764,116284356.2136141,33885965.78758354,150.17032200119763,116.2843562136141,33.88596578758354,0.08117685167600308,8.117685167600309,0.09228518337269066,9.228518337269067,2024-04-14 00:00:00.000 UTC
151108682.484019,116841181.67430897,34267500.80971003,151.108682484019,116.84118167430897,34.267500809710036,0.08266850364943643,8.266850364943643,0.09517223383064786,9.517223383064787,2024-04-15 00:00:00.000 UTC
149191501.3141164,114525575.22944476,34665926.08467163,149.19150131411638,114.52557522944475,34.66592608467163,0.07710765976757165,7.710765976757165,0.09421731787792412,9.421731787792412,2024-04-16 00:00:00.000 UTC
150472068.39554808,113867846.57564569,36604221.81990239,150.47206839554806,113.86784657564569,36.60422181990239,0.7483319983907625,74.83319983907624,0.15669237935166203,15.669237935166203,2024-04-17 00:00:00.000 UTC
150526335.14757597,112949450.48386508,37576884.66371089,150.52633514757596,112.94945048386508,37.57688466371089,0.7322342095994726,73.22342095994726,0.1573023572007991,15.73023572007991,2024-04-18 00:00:00.000 UTC
150950840.9059798,112951822.61330505,37999018.29267477,150.95084090597982,112.95182261330504,37.99901829267477,0.7325790159306025,73.25790159306025,0.15889588900301926,15.889588900301927,2024-04-19 00:00:00.000 UTC
151842849.4901961,112780103.25885558,39062746.23134052,151.8428494901961,112.78010325885558,39.06274623134052,0.7388406589143682,73.88406589143682,0.1604222961617095,16.04222961617095,2024-04-20 00:00:00.000 UTC
152971483.77143803,113410429.91244973,39561053.8589883,152.97148377143805,113.41042991244973,39.5610538589883,0.7591847099423008,75.91847099423008,0.1634162348909854,16.341623489098538,2024-04-21 00:00:00.000 UTC
153857173.39706624,114078063.98552153,39779109.411544695,153.85717339706625,114.07806398552152,39.779109411544695,0.7785760356867107,77.85760356867108,0.16415119717836044,16.415119717836042,2024-04-22 00:00:00.000 UTC
154118532.22373128,114286058.5869188,39832473.63681249,154.11853222373128,114.2860585869188,39.832473636812495,0.777526693958794,77.75266939587941,0.16423554936497195,16.423554936497194,2024-04-23 00:00:00.000 UTC
152230464.135078,114192757.04760455,38037707.08747346,152.23046413507802,114.19275704760454,38.03770708747346,0.11668510383380924,11.668510383380925,0.08534985707846539,8.53498570784654,2024-04-24 00:00:00.000 UTC
149351014.1432458,112916327.60691842,36434686.53632737,149.35101414324578,112.91632760691843,36.43468653632737,0.11379909963716871,11.379909963716871,0.08447857662749553,8.447857662749552,2024-04-25 00:00:00.000 UTC
149032421.42879725,112873965.59850496,36158455.830292284,149.03242142879725,112.87396559850497,36.15845583029228,0.11318169736015371,11.31816973601537,0.08433486852563978,8.433486852563977,2024-04-26 00:00:00.000 UTC
148536805.92992294,112613038.15587729,35923767.77404566,148.53680592992293,112.61303815587729,35.92376777404566,0.11056267546548623,11.056267546548623,0.08503581476302344,8.503581476302344,2024-04-27 00:00:00.000 UTC
149517168.94927517,113542081.54112712,35975087.40814804,149.51716894927517,113.54208154112712,35.97508740814804,0.11234035923948535,11.234035923948534,0.08820090336819492,8.820090336819492,2024-04-28 00:00:00.000 UTC
148101846.11223453,112444466.33344531,35657379.77878923,148.10184611223454,112.4444663334453,35.65737977878923,0.1109867571956999,11.098675719569991,0.08604997057986612,8.604997057986612,2024-04-29 00:00:00.000 UTC
146543103.62878323,111210877.5452857,35332226.08349751,146.54310362878323,111.2108775452857,35.33222608349751,0.11043616473271002,11.043616473271003,0.08364337471829374,8.364337471829373,2024-04-30 00:00:00.000 UTC
143146556.4988273,108451929.45637421,34694627.0424531,143.1465564988273,108.45192945637422,34.6946270424531,0.09159123802314538,9.159123802314538,0.12045575174391392,12.045575174391391,2024-05-01 00:00:00.000 UTC
143192502.4541068,108708133.91445288,34484368.539653935,143.1925024541068,108.70813391445289,34.484368539653936,0.09496311256221282,9.496311256221283,0.12122377807334994,12.122377807334994,2024-05-02 00:00:00.000 UTC
144803350.0122475,110311797.64670159,34491552.3655459,144.8033500122475,110.31179764670159,34.4915523655459,0.09840436616545208,9.840436616545208,0.12231749997024655,12.231749997024654,2024-05-03 00:00:00.000 UTC
145870697.17418307,111537859.83412826,34332837.34005481,145.87069717418308,111.53785983412826,34.33283734005481,0.103570665179525,10.3570665179525,0.1244350796000565,12.443507960005649,2024-05-04 00:00:00.000 UTC
145766847.51526022,111424900.68715568,34341946.828104556,145.76684751526022,111.42490068715568,34.341946828104554,0.10663374142226345,10.663374142226345,0.12476772487336504,12.476772487336504,2024-05-05 00:00:00.000 UTC
145819970.06322056,111449139.27624397,34370830.78697658,145.81997006322055,111.44913927624397,34.37083078697658,0.10822196571109984,10.822196571109984,0.12473570908324551,12.47357090832455,2024-05-06 00:00:00.000 UTC
145259354.26496217,110946776.55040579,34312577.71455637,145.25935426496216,110.94677655040579,34.312577714556376,0.1052750866815256,10.52750866815256,0.12308431605489792,12.308431605489792,2024-05-07 00:00:00.000 UTC
144030038.19538066,109952788.38566372,34077249.80971694,144.03003819538065,109.95278838566372,34.07724980971694,0.07158604982406641,7.158604982406641,0.0941193733743364,9.41193733743364,2024-05-08 00:00:00.000 UTC
143510941.84638304,109521567.77261607,33989374.07376696,143.51094184638305,109.52156777261608,33.98937407376696,0.07116532050588342,7.116532050588342,0.09432707204010779,9.432707204010779,2024-05-09 00:00:00.000 UTC
143925484.82312405,109943590.81871964,33981894.0044044,143.92548482312404,109.94359081871964,33.9818940044044,0.07249638611243352,7.249638611243352,0.09349789745737792,9.349789745737793,2024-05-10 00:00:00.000 UTC
142521624.84971833,108559690.4080035,33961934.44171485,142.52162484971834,108.55969040800349,33.96193444171485,0.06969026980585832,6.9690269805858325,0.09258149952770163,9.258149952770163,2024-05-11 00:00:00.000 UTC
142359625.9848221,108568848.23212492,33790777.75269716,142.3596259848221,108.56884823212492,33.79077775269716,0.06998726867647997,6.9987268676479975,0.09288025522191642,9.288025522191642,2024-05-12 00:00:00.000 UTC
143267506.26957908,108409442.78663965,34858063.48293943,143.2675062695791,108.40944278663964,34.85806348293943,0.0665455068734824,6.65455068734824,0.09349740785008198,9.349740785008198,2024-05-13 00:00:00.000 UTC
144610613.70640504,108446306.0544461,36164307.651958935,144.61061370640505,108.4463060544461,36.164307651958936,0.0628050948258941,6.28050948258941,0.09249408237342413,9.249408237342413,2024-05-14 00:00:00.000 UTC
149568581.80791882,108058133.31935057,41510448.488568254,149.5685818079188,108.05813331935057,41.51044848856825,0.9265775831846484,92.65775831846484,0.038457630576967626,3.8457630576967627,2024-05-15 00:00:00.000 UTC
153447126.84311247,108907641.62488262,44539485.21822983,153.44712684311247,108.90764162488263,44.53948521822983,0.8961933046722245,89.61933046722244,0.0386607476382371,3.86607476382371,2024-05-16 00:00:00.000 UTC
153449376.65892243,108336649.9066377,45112726.75228473,153.44937665892243,108.3366499066377,45.11272675228473,0.9259202686023155,92.59202686023154,0.03951377472806536,3.951377472806536,2024-05-17 00:00:00.000 UTC
155002964.61679763,109184688.12958875,45818276.48720887,155.0029646167976,109.18468812958875,45.81827648720887,0.9394131756671237,93.94131756671237,0.04024132311836745,4.024132311836745,2024-05-18 00:00:00.000 UTC
155103206.81854126,109223312.37542804,45879894.44311323,155.10320681854125,109.22331237542804,45.87989444311323,0.9201099069718087,92.01099069718087,0.04000836938390426,4.000836938390425,2024-05-19 00:00:00.000 UTC
157004747.5213502,110500233.85745747,46504513.66389273,157.0047475213502,110.50023385745747,46.50451366389273,0.911973375586646,91.1973375586646,0.04070833969796604,4.070833969796604,2024-05-20 00:00:00.000 UTC
159628441.7951823,111936418.37280345,47692023.42237883,159.62844179518228,111.93641837280344,47.69202342237883,0.9849667195637782,98.49667195637782,0.04695379067988518,4.695379067988518,2024-05-21 00:00:00.000 UTC
152892314.2360969,110058798.69376108,42833515.542335816,152.8923142360969,110.05879869376108,42.83351554233582,0.17705518786946106,17.705518786946108,0.11754206542609487,11.754206542609486,2024-05-22 00:00:00.000 UTC
151063137.5747638,108664687.85116759,42398449.723596215,151.0631375747638,108.66468785116759,42.398449723596215,0.17279851205086613,17.27985120508661,0.12052442798286617,12.052442798286616,2024-05-23 00:00:00.000 UTC
149839465.84448206,108461777.96051593,41377687.883966126,149.83946584448208,108.46177796051593,41.377687883966125,0.1723110451776184,17.23110451776184,0.11868765345568706,11.868765345568706,2024-05-24 00:00:00.000 UTC
148554700.5977632,107693347.36843726,40861353.22932594,148.5547005977632,107.69334736843726,40.86135322932594,0.1749184138161079,17.49184138161079,0.12001458656118216,12.001458656118217,2024-05-25 00:00:00.000 UTC
148661443.61553052,108118936.07058574,40542507.54494478,148.66144361553052,108.11893607058575,40.542507544944776,0.17231202604846524,17.231202604846523,0.12140809369269037,12.140809369269038,2024-05-26 00:00:00.000 UTC
148359690.44988197,107907080.58658077,40452609.86330122,148.35969044988198,107.90708058658076,40.45260986330122,0.1741488263028402,17.41488263028402,0.12495556457282123,12.495556457282122,2024-05-27 00:00:00.000 UTC
147251077.78766477,107273073.04557776,39978004.742087014,147.25107778766477,107.27307304557776,39.978004742087016,0.17393910339096622,17.39391033909662,0.12408179125695282,12.408179125695282,2024-05-28 00:00:00.000 UTC
145898305.31576076,106461872.87825324,39436432.43750752,145.89830531576075,106.46187287825323,39.43643243750752,0.0780264852681549,7.8026485268154895,0.13401269917988645,13.401269917988646,2024-05-29 00:00:00.000 UTC
145726906.00049382,106561327.56890008,39165578.43159374,145.7269060004938,106.56132756890008,39.16557843159374,0.0777049684385733,7.77049684385733,0.13238403714475036,13.238403714475035,2024-05-30 00:00:00.000 UTC
145248553.29313576,106431743.72084682,38816809.57228893,145.24855329313576,106.43174372084681,38.81680957228893,0.07759874314727032,7.759874314727032,0.13266267417800007,13.266267417800007,2024-05-31 00:00:00.000 UTC
144371258.53189155,106273961.10085335,38097297.43103821,144.37125853189156,106.27396110085336,38.09729743103821,0.07892244932541626,7.892244932541626,0.13373179194228602,13.373179194228602,2024-06-01 00:00:00.000 UTC
143672961.9082143,106004508.17459187,37668453.733622424,143.6729619082143,106.00450817459186,37.66845373362242,0.07897155882384803,7.897155882384803,0.13419449599049174,13.419449599049175,2024-06-02 00:00:00.000 UTC
144170343.1922637,106623773.0981141,37546570.09414959,144.1703431922637,106.6237730981141,37.54657009414959,0.07912507386206448,7.912507386206448,0.13346115427446528,13.346115427446529,2024-06-03 00:00:00.000 UTC
143441249.8441571,106466395.50876753,36974854.335389584,143.4412498441571,106.46639550876753,36.97485433538959,0.07958159210689032,7.958159210689033,0.133175613830632,13.3175613830632,2024-06-04 00:00:00.000 UTC
143441737.1068715,107239580.58187981,36202156.52499169,143.4417371068715,107.2395805818798,36.20215652499169,0.04542737965652961,4.542737965652961,0.05888443924004145,5.888443924004145,2024-06-05 00:00:00.000 UTC
141993385.6935729,106345646.6501662,35647739.04340672,141.99338569357292,106.3456466501662,35.647739043406716,0.04624558501758536,4.624558501758536,0.05968861123442033,5.968861123442033,2024-06-06 00:00:00.000 UTC
140313212.2252493,105358903.51685323,34954308.70839607,140.3132122252493,105.35890351685323,34.95430870839607,0.04575990252143777,4.575990252143777,0.05926949390744136,5.926949390744136,2024-06-07 00:00:00.000 UTC
137522048.90759873,103517595.71487918,34004453.19271955,137.52204890759873,103.51759571487918,34.00445319271955,0.04378652776885492,4.378652776885493,0.058896598983177936,5.8896598983177935,2024-06-08 00:00:00.000 UTC
137346615.1780029,103446234.32788616,33900380.85011672,137.3466151780029,103.44623432788616,33.900380850116726,0.043385736715279684,4.338573671527969,0.05901697423839324,5.901697423839324,2024-06-09 00:00:00.000 UTC
137069451.89036638,103510237.21229997,33559214.67806642,137.06945189036637,103.51023721229997,33.55921467806642,0.04406753775048248,4.406753775048248,0.05879877027111366,5.879877027111366,2024-06-10 00:00:00.000 UTC
135202231.92958513,102038735.23087722,33163496.6987079,135.20223192958514,102.03873523087722,33.1634966987079,0.04334078494819539,4.334078494819539,0.057284535721633986,5.7284535721633985,2024-06-11 00:00:00.000 UTC
133484737.58882052,100369325.98812541,33115411.6006951,133.4847375888205,100.36932598812541,33.1154116006951,0.07710758545359571,7.710758545359571,0.07464825009208956,7.464825009208956,2024-06-12 00:00:00.000 UTC
132720972.70044732,99917522.63232508,32803450.06812224,132.72097270044733,99.91752263232509,32.80345006812224,0.0767131630097687,7.67131630097687,0.07380220095067598,7.380220095067598,2024-06-13 00:00:00.000 UTC
132742996.69757253,100129727.09174432,32613269.605828214,132.74299669757252,100.12972709174431,32.613269605828215,0.07443965532554596,7.4439655325545955,0.0732468078402174,7.324680784021741,2024-06-14 00:00:00.000 UTC
133309327.49983539,100683499.09440184,32625828.405433547,133.30932749983538,100.68349909440184,32.625828405433545,0.07275219498836989,7.275219498836989,0.07412752571393019,7.412752571393019,2024-06-15 00:00:00.000 UTC
133758454.96872334,101108024.78500314,32650430.183720205,133.75845496872333,101.10802478500314,32.650430183720204,0.07229791558569607,7.229791558569606,0.07464811965289592,7.4648119652895915,2024-06-16 00:00:00.000 UTC
133179655.71776804,100741271.8601136,32438383.85765444,133.17965571776804,100.7412718601136,32.43838385765444,0.07014789830443867,7.014789830443867,0.07432703258177263,7.432703258177263,2024-06-17 00:00:00.000 UTC
130307807.95395467,98691483.5953021,31616324.35865257,130.30780795395466,98.6914835953021,31.61632435865257,0.06560495521898749,6.560495521898749,0.07344909523670816,7.3449095236708155,2024-06-18 00:00:00.000 UTC
130284243.90192074,98866715.08817258,31417528.813748147,130.28424390192075,98.86671508817258,31.41752881374815,0.07665842434686132,7.665842434686132,0.0638748359363222,6.38748359363222,2024-06-19 00:00:00.000 UTC
130023417.32409385,98530036.43504283,31493380.889051016,130.02341732409386,98.53003643504283,31.493380889051018,0.07779471972103334,7.779471972103334,0.06425066472641294,6.425066472641294,2024-06-20 00:00:00.000 UTC
129612214.31261979,98180086.92983145,31432127.38278835,129.61221431261978,98.18008692983145,31.432127382788348,0.07794436311003515,7.794436311003515,0.06361777029080687,6.361777029080687,2024-06-21 00:00:00.000 UTC
128933570.70090178,97935651.05269718,30997919.6482046,128.93357070090178,97.93565105269718,30.997919648204597,0.074136025842438,7.4136025842438,0.06367726164623555,6.367726164623555,2024-06-22 00:00:00.000 UTC
128781392.61061922,97934434.06469356,30846958.545925666,128.7813926106192,97.93443406469356,30.846958545925666,0.07282727786793748,7.282727786793748,0.06348731103836813,6.348731103836814,2024-06-23 00:00:00.000 UTC
126749560.2004444,96340154.89567852,30409405.304765884,126.7495602004444,96.34015489567852,30.409405304765883,0.07161600925441183,7.161600925441183,0.06188927888780895,6.188927888780895,2024-06-24 00:00:00.000 UTC
126473767.84324451,95970479.64997187,30503288.193272635,126.4737678432445,95.97047964997188,30.503288193272635,0.07346547344767979,7.346547344767979,0.06280063249691598,6.280063249691597,2024-06-25 00:00:00.000 UTC
126351705.62278739,95772191.026965,30579514.595822386,126.35170562278739,95.772191026965,30.579514595822385,0.1778967922708379,17.78967922708379,0.041462005294696236,4.146200529469624,2024-06-26 00:00:00.000 UTC
122340568.72697492,91736427.79192662,30604140.935048293,122.34056872697492,91.73642779192662,30.604140935048292,0.18432207914025653,18.432207914025653,0.04368305415733498,4.368305415733498,2024-06-27 00:00:00.000 UTC
120667191.96561049,89994822.33017953,30672369.635430966,120.66719196561048,89.99482233017953,30.672369635430965,0.19291002076161495,19.291002076161494,0.04466815957062375,4.466815957062375,2024-06-28 00:00:00.000 UTC
119819421.03717245,89207521.46267913,30611899.574493315,119.81942103717245,89.20752146267914,30.611899574493314,0.19263274590314214,19.263274590314214,0.04457672634690256,4.4576726346902555,2024-06-29 00:00:00.000 UTC
119844627.32356635,89200217.55858366,30644409.764982685,119.84462732356634,89.20021755858366,30.644409764982687,0.1933033426737859,19.33033426737859,0.044666638017659945,4.4666638017659945,2024-06-30 00:00:00.000 UTC
120767085.42468981,89871177.12074062,30895908.30394919,120.76708542468981,89.87117712074063,30.895908303949188,0.20175289326386928,20.175289326386928,0.045362515577667316,4.5362515577667315,2024-07-01 00:00:00.000 UTC
120106715.17713203,89410349.49613181,30696365.68100022,120.10671517713203,89.4103494961318,30.69636568100022,0.19480937084633732,19.48093708463373,0.04510756266695082,4.510756266695082,2024-07-02 00:00:00.000 UTC
117485889.79306248,88024198.770393,29461691.022669483,117.48588979306248,88.024198770393,29.461691022669484,0.06527886695595263,6.527886695595263,0.03156017817256657,3.1560178172566573,2024-07-03 00:00:00.000 UTC
114261014.03035979,85729351.6931753,28531662.337184492,114.26101403035979,85.7293516931753,28.531662337184493,0.06309176427340835,6.309176427340835,0.03087232121110835,3.087232121110835,2024-07-04 00:00:00.000 UTC
110287877.92381129,82212374.62463298,28075503.29917831,110.28787792381128,82.21237462463299,28.07550329917831,0.060197678160577486,6.019767816057748,0.03001308554135128,3.0013085541351283,2024-07-05 00:00:00.000 UTC
110738191.5477802,82680702.74360435,28057488.80417585,110.7381915477802,82.68070274360434,28.05748880417585,0.06506265840932317,6.506265840932317,0.030431920100415007,3.043192010041501,2024-07-06 00:00:00.000 UTC
110287147.6055107,83248108.61157757,27039038.993933126,110.2871476055107,83.24810861157756,27.039038993933126,0.06833966817283996,6.833966817283995,0.030143551398697906,3.0143551398697905,2024-07-07 00:00:00.000 UTC
109097965.83432715,82053565.06396185,27044400.7703653,109.09796583432714,82.05356506396186,27.0444007703653,0.06710727546195339,6.710727546195338,0.0302561419879115,3.02561419879115,2024-07-08 00:00:00.000 UTC
110672964.16552435,83114507.22779611,27558456.93772824,110.67296416552435,83.11450722779611,27.55845693772824,0.06523428242962423,6.523428242962423,0.030770838847668368,3.0770838847668367,2024-07-09 00:00:00.000 UTC
110889485.83868232,83348214.47184518,27541271.366837148,110.88948583868232,83.34821447184518,27.541271366837147,0.13971255128510382,13.971255128510382,0.13531382593430205,13.531382593430205,2024-07-10 00:00:00.000 UTC
110581099.88675141,83143514.55527124,27437585.33148017,110.58109988675142,83.14351455527124,27.43758533148017,0.13536509887072629,13.53650988707263,0.1366851024009949,13.66851024009949,2024-07-11 00:00:00.000 UTC
110363830.91530627,82879163.03448598,27484667.880820297,110.36383091530627,82.87916303448598,27.484667880820297,0.1343891578735229,13.43891578735229,0.13630178469519075,13.630178469519075,2024-07-12 00:00:00.000 UTC
111079070.26886143,83509076.33204424,27569993.936817188,111.07907026886143,83.50907633204424,27.569993936817188,0.1363158709200798,13.63158709200798,0.1372798939752204,13.72798939752204,2024-07-13 00:00:00.000 UTC
111575691.65965182,83966468.79368721,27609222.865964614,111.57569165965181,83.96646879368721,27.609222865964615,0.1367914962130369,13.67914962130369,0.13870822935863686,13.870822935863686,2024-07-14 00:00:00.000 UTC
112720633.91348675,84859382.53264312,27861251.38084363,112.72063391348675,84.85938253264312,27.86125138084363,0.14086341445109146,14.086341445109147,0.1443147252214706,14.43147252214706,2024-07-15 00:00:00.000 UTC
113221524.00750004,85282769.64815553,27938754.35934451,113.22152400750004,85.28276964815552,27.938754359344507,0.14447561771857637,14.447561771857636,0.1467407738017764,14.67407738017764,2024-07-16 00:00:00.000 UTC
113771125.0193415,85811977.65098958,27959147.368351925,113.7711250193415,85.81197765098958,27.959147368351925,0.1148646614834,11.48646614834,0.06017925823568989,6.017925823568989,2024-07-17 00:00:00.000 UTC
113366802.65984504,85483177.0657228,27883625.59412225,113.36680265984504,85.4831770657228,27.88362559412225,0.11160175667437114,11.160175667437114,0.05994183966192004,5.994183966192004,2024-07-18 00:00:00.000 UTC
112036775.21585983,83914116.15162373,28122659.064236112,112.03677521585983,83.91411615162373,28.12265906423611,0.11070880780229038,11.070880780229038,0.0614105743350242,6.14105743350242,2024-07-19 00:00:00.000 UTC
112777891.06267145,84226566.00099134,28551325.061680105,112.77789106267146,84.22656600099134,28.551325061680103,0.11286431899374257,11.286431899374257,0.06217827132580234,6.217827132580234,2024-07-20 00:00:00.000 UTC
113008248.73432755,84370913.89555687,28637334.838770684,113.00824873432755,84.37091389555687,28.637334838770684,0.11940886215676101,11.940886215676102,0.06207850253698811,6.207850253698811,2024-07-21 00:00:00.000 UTC
112754120.38723527,84492342.72047949,28261777.666755777,112.75412038723528,84.49234272047948,28.261777666755776,0.12917492872001804,12.917492872001803,0.061703872312450676,6.170387231245067,2024-07-22 00:00:00.000 UTC
112138685.04762413,84075588.054371,28063096.99325313,112.13868504762412,84.075588054371,28.06309699325313,0.12413496671365426,12.413496671365426,0.061728609481127995,6.1728609481128,2024-07-23 00:00:00.000 UTC
111535240.49006805,83618332.52925399,27916907.960814066,111.53524049006805,83.61833252925399,27.916907960814065,0.10978943821591257,10.978943821591256,0.08789363768224101,8.789363768224101,2024-07-24 00:00:00.000 UTC
109975158.26454288,82343392.35985775,27631765.904685117,109.97515826454288,82.34339235985776,27.631765904685118,0.10339717836495442,10.339717836495442,0.08267256232998138,8.267256232998138,2024-07-25 00:00:00.000 UTC
110963053.39924426,83232329.10833882,27730724.290905446,110.96305339924426,83.23232910833882,27.730724290905446,0.1060747908927531,10.60747908927531,0.08369699214044764,8.369699214044763,2024-07-26 00:00:00.000 UTC
110982275.33014753,83200773.57526393,27781501.754883595,110.98227533014753,83.20077357526394,27.781501754883596,0.10783576259364668,10.783576259364667,0.0843019426766653,8.43019426766653,2024-07-27 00:00:00.000 UTC
110594599.50444499,82919480.78060354,27675118.723841436,110.59459950444499,82.91948078060355,27.675118723841436,0.10436321247514531,10.436321247514531,0.0841415737403482,8.41415737403482,2024-07-28 00:00:00.000 UTC
111269794.7236034,83497111.35617985,27772683.367423557,111.2697947236034,83.49711135617984,27.772683367423557,0.10546502041405949,10.54650204140595,0.08569821671668444,8.569821671668445,2024-07-29 00:00:00.000 UTC
110250376.71647157,82589072.73239423,27661303.984077338,110.25037671647156,82.58907273239423,27.66130398407734,0.10157323780471242,10.157323780471241,0.08602928524583918,8.602928524583918,2024-07-30 00:00:00.000 UTC
109841231.39470047,82233741.08372769,27607490.31097278,109.84123139470047,82.2337410837277,27.60749031097278,0.09657993298299995,9.657993298299996,0.11503080030985814,11.503080030985814,2024-07-31 00:00:00.000 UTC
108473785.21620128,81145019.7079577,27328765.508243572,108.47378521620128,81.1450197079577,27.32876550824357,0.09374093652529046,9.374093652529046,0.11219242840521033,11.219242840521034,2024-08-01 00:00:00.000 UTC
107803096.24959767,80670524.47594623,27132571.77365144,107.80309624959767,80.67052447594624,27.13257177365144,0.09217784862649907,9.217784862649907,0.11051332879201091,11.051332879201091,2024-08-02 00:00:00.000 UTC
106438683.64306411,79729330.68279696,26709352.96026716,106.43868364306411,79.72933068279696,26.70935296026716,0.08880186388942672,8.880186388942672,0.10661902149428157,10.661902149428157,2024-08-03 00:00:00.000 UTC
105432385.65706453,79014706.63949981,26417679.017564707,105.43238565706453,79.0147066394998,26.417679017564705,0.08539182152755807,8.539182152755806,0.10371616489784657,10.371616489784657,2024-08-04 00:00:00.000 UTC
98045004.38713056,72034455.64572603,26010548.74140453,98.04500438713056,72.03445564572603,26.01054874140453,0.07473330329271884,7.473330329271883,0.09459675323060486,9.459675323060486,2024-08-05 00:00:00.000 UTC
100010846.85794303,72619104.2928197,27391742.565123342,100.01084685794302,72.6191042928197,27.39174256512334,0.07697690921049942,7.697690921049942,0.09865461085078267,9.865461085078268,2024-08-06 00:00:00.000 UTC
101449750.91163525,73735354.66990687,27714396.241728377,101.44975091163525,73.73535466990687,27.714396241728377,0.2276768408932406,22.76768408932406,0.278437255224314,27.843725522431402,2024-08-07 00:00:00.000 UTC
105085198.51725867,76999436.61107415,28085761.906184528,105.08519851725868,76.99943661107415,28.085761906184526,0.22855841780207153,22.855841780207154,0.27177652184142315,27.177652184142314,2024-08-08 00:00:00.000 UTC
109380491.84310639,81090044.04297277,28290447.80013361,109.38049184310638,81.09004404297278,28.29044780013361,0.23409742837257033,23.409742837257035,0.2726395156244271,27.263951562442713,2024-08-09 00:00:00.000 UTC
109920004.65598938,81663926.91127414,28256077.74471524,109.92000465598937,81.66392691127413,28.25607774471524,0.2329621921692364,23.29621921692364,0.2687636857716755,26.876368577167547,2024-08-10 00:00:00.000 UTC
110303884.12555939,82274358.7989195,28029525.32663989,110.30388412555939,82.2743587989195,28.02952532663989,0.23320493669632658,23.320493669632658,0.26866961474597445,26.866961474597446,2024-08-11 00:00:00.000 UTC
109398343.1164965,81370801.65983139,28027541.456665117,109.3983431164965,81.37080165983139,28.027541456665116,0.2279427805717127,22.79427805717127,0.27074178169433627,27.074178169433626,2024-08-12 00:00:00.000 UTC
110846453.37047584,82468304.08852378,28378149.281952072,110.84645337047584,82.46830408852378,28.378149281952073,0.22604563970335514,22.604563970335516,0.27261315542919395,27.261315542919395,2024-08-13 00:00:00.000 UTC
107353851.26607758,79645731.3368292,27708119.929248385,107.35385126607758,79.6457313368292,27.708119929248387,0.06733922205323521,6.7339222053235215,0.02646551978859428,2.646551978859428,2024-08-14 00:00:00.000 UTC
103611089.01968563,77130822.15537511,26480266.864310525,103.61108901968562,77.13082215537511,26.480266864310526,0.06853179482033388,6.853179482033387,0.02934576661631235,2.934576661631235,2024-08-15 00:00:00.000 UTC
102987650.68336947,76581288.61750014,26406362.065869328,102.98765068336947,76.58128861750014,26.406362065869327,0.06751237862940518,6.751237862940518,0.03713834438238545,3.7138344382385453,2024-08-16 00:00:00.000 UTC
102558653.4879641,76284678.7354072,26273974.75255689,102.5586534879641,76.2846787354072,26.27397475255689,0.06849509824050169,6.849509824050169,0.037382023469845524,3.7382023469845524,2024-08-17 00:00:00.000 UTC
102588630.67709804,76420819.11661987,26167811.560478162,102.58863067709804,76.42081911661987,26.16781156047816,0.06996711560837263,6.996711560837262,0.03766216217965218,3.7662162179652183,2024-08-18 00:00:00.000 UTC
