gmx_price,green_volume,red_volume,time,usd_volume
25.029868355196022,15768.817063773495,,2024-08-18 00:00:00.000 UTC,15768.817063773495
24.92025066704669,,17643.537472269058,2024-08-17 00:00:00.000 UTC,17643.537472269058
25.665388042580936,,51587.42996558768,2024-08-16 00:00:00.000 UTC,51587.42996558768
27.177073228619676,,52424.57425800736,2024-08-15 00:00:00.000 UTC,52424.57425800736
28.58390052286171,65457.13219735332,,2024-08-14 00:00:00.000 UTC,65457.13219735332
27.590899345476902,94112.55766742172,,2024-08-13 00:00:00.000 UTC,94112.55766742172
25.367523902971712,59131.69821782706,,2024-08-12 00:00:00.000 UTC,59131.69821782706
24.729293901614955,53662.56776650446,,2024-08-11 00:00:00.000 UTC,53662.56776650446
23.274992443073337,29512.690417816993,,2024-08-10 00:00:00.000 UTC,29512.690417816993
22.5755900540622,40410.30619677134,,2024-08-09 00:00:00.000 UTC,40410.30619677134
21.396713465636314,67613.61455141075,,2024-08-08 00:00:00.000 UTC,67613.61455141075
20.769653947674826,,31507.56503862271,2024-08-07 00:00:00.000 UTC,31507.56503862271
21.015432345762076,37554.57760187683,,2024-08-06 00:00:00.000 UTC,37554.57760187683
19.532185241240313,,45959.231872638455,2024-08-05 00:00:00.000 UTC,45959.231872638455
23.2372995883872,,32230.134529093044,2024-08-04 00:00:00.000 UTC,32230.134529093044
23.88765545566157,,24389.296220230462,2024-08-03 00:00:00.000 UTC,24389.296220230462
25.722387873204433,,53811.235430743676,2024-08-02 00:00:00.000 UTC,53811.235430743676
26.614489333652514,,64673.20908077561,2024-08-01 00:00:00.000 UTC,64673.20908077561
27.743205516243588,37675.27309105879,,2024-07-31 00:00:00.000 UTC,37675.27309105879
27.54401815258859,,20272.3973603052,2024-07-30 00:00:00.000 UTC,20272.3973603052
28.322342620233886,25801.65412703307,,2024-07-29 00:00:00.000 UTC,25801.65412703307
28.29136595016602,,16776.78000844845,2024-07-28 00:00:00.000 UTC,16776.78000844845
29.173486123194145,,24389.034398990305,2024-07-27 00:00:00.000 UTC,24389.034398990305
30.08358371967836,75810.63097358946,,2024-07-26 00:00:00.000 UTC,75810.63097358946
28.52732159648169,,48125.59153326461,2024-07-25 00:00:00.000 UTC,48125.59153326461
30.874632391229653,,51591.51072574475,2024-07-24 00:00:00.000 UTC,51591.51072574475
32.2301726228777,,81639.02725374923,2024-07-23 00:00:00.000 UTC,81639.02725374923
33.25935290269119,54844.672936537776,,2024-07-22 00:00:00.000 UTC,54844.672936537776
32.83484248108524,96271.75815454192,,2024-07-21 00:00:00.000 UTC,96271.75815454192
31.089501368169913,149882.48609594716,,2024-07-20 00:00:00.000 UTC,149882.48609594716
28.101268433781158,22902.533773531643,,2024-07-19 00:00:00.000 UTC,22902.533773531643
27.841229135292007,24138.34566029817,,2024-07-18 00:00:00.000 UTC,24138.34566029817
27.764341211574862,23210.989252876585,,2024-07-17 00:00:00.000 UTC,23210.989252876585
27.365217453309775,38694.41747898002,,2024-07-16 00:00:00.000 UTC,38694.41747898002
26.885721893555118,22073.177674608753,,2024-07-15 00:00:00.000 UTC,22073.177674608753
25.521647989803913,,27895.161252855676,2024-07-14 00:00:00.000 UTC,27895.161252855676
25.846254720491494,9614.806756022836,,2024-07-13 00:00:00.000 UTC,9614.806756022836
25.679145010667735,,19670.225078171487,2024-07-12 00:00:00.000 UTC,19670.225078171487
25.87541784923254,,19613.566729718266,2024-07-11 00:00:00.000 UTC,19613.566729718266
26.074632212481394,16609.540719350647,,2024-07-10 00:00:00.000 UTC,16609.540719350647
25.644894297582187,22259.76825030134,,2024-07-09 00:00:00.000 UTC,22259.76825030134
24.64463453710862,,39875.01868104174,2024-07-08 00:00:00.000 UTC,39875.01868104174
25.369412485976014,,38257.07402885183,2024-07-07 00:00:00.000 UTC,38257.07402885183
25.579563810731386,47245.45435842087,,2024-07-06 00:00:00.000 UTC,47245.45435842087
23.65252621416077,,63767.210673377434,2024-07-05 00:00:00.000 UTC,63767.210673377434
26.59310022130725,,40979.967441034474,2024-07-04 00:00:00.000 UTC,40979.967441034474
28.405494621578143,,39568.854007858354,2024-07-03 00:00:00.000 UTC,39568.854007858354
28.794310523235406,,36856.71746974132,2024-07-02 00:00:00.000 UTC,36856.71746974132
29.066459511328155,27148.073183580498,,2024-07-01 00:00:00.000 UTC,27148.073183580498
28.23345924165668,34840.08870420434,,2024-06-30 00:00:00.000 UTC,34840.08870420434
27.771869949844948,,36408.921504246726,2024-06-29 00:00:00.000 UTC,36408.921504246726
28.483242872618657,30021.337987740066,,2024-06-28 00:00:00.000 UTC,30021.337987740066
28.46066417229734,,18584.81370451016,2024-06-27 00:00:00.000 UTC,18584.81370451016
28.524746405847416,,27184.08332477259,2024-06-26 00:00:00.000 UTC,27184.08332477259
28.706542550521977,32524.5127097414,,2024-06-25 00:00:00.000 UTC,32524.5127097414
28.1212869105528,,96821.59083303329,2024-06-24 00:00:00.000 UTC,96821.59083303329
28.877847435153466,70837.35975843146,,2024-06-23 00:00:00.000 UTC,70837.35975843146
27.62405498731918,,17154.53814712521,2024-06-22 00:00:00.000 UTC,17154.53814712521
27.94065493463099,,41463.93192299239,2024-06-21 00:00:00.000 UTC,41463.93192299239
28.4981220099112,,41208.28442633159,2024-06-20 00:00:00.000 UTC,41208.28442633159
28.94437356984824,69205.99720550714,,2024-06-19 00:00:00.000 UTC,69205.99720550714
28.57736399122646,,83045.81975850409,2024-06-18 00:00:00.000 UTC,83045.81975850409
31.270920342417995,,56506.55305874932,2024-06-17 00:00:00.000 UTC,56506.55305874932
32.4786563039804,,24813.69341624103,2024-06-16 00:00:00.000 UTC,24813.69341624103
32.63817813676152,,26763.306072144445,2024-06-15 00:00:00.000 UTC,26763.306072144445
33.03178996605879,,49844.971058782714,2024-06-14 00:00:00.000 UTC,49844.971058782714
33.22046814883911,,51524.94609884946,2024-06-13 00:00:00.000 UTC,51524.94609884946
35.09036898406737,,57688.56660980675,2024-06-12 00:00:00.000 UTC,57688.56660980675
35.65271905199038,,53443.42585893358,2024-06-11 00:00:00.000 UTC,53443.42585893358
38.66256798331297,,66538.27949928162,2024-06-10 00:00:00.000 UTC,66538.27949928162
39.39512912183214,,46958.993913223916,2024-06-09 00:00:00.000 UTC,46958.993913223916
42.34195835466701,,140829.35348762246,2024-06-08 00:00:00.000 UTC,140829.35348762246
43.866016777655446,,171428.3935670775,2024-06-07 00:00:00.000 UTC,171428.3935670775
43.89598604129422,149685.3124008133,,2024-06-06 00:00:00.000 UTC,149685.3124008133
39.98311570181644,119069.71856000935,,2024-06-05 00:00:00.000 UTC,119069.71856000935
37.22202702217436,67632.42309929081,,2024-06-04 00:00:00.000 UTC,67632.42309929081
36.9374668564775,,57548.573362391944,2024-06-03 00:00:00.000 UTC,57548.573362391944
37.08775910393156,,53777.25070070076,2024-06-02 00:00:00.000 UTC,53777.25070070076
38.433466166043054,66220.86220409218,,2024-06-01 00:00:00.000 UTC,66220.86220409218
37.93079736008754,101654.53692503461,,2024-05-31 00:00:00.000 UTC,101654.53692503461
35.96831325780746,114127.45796702307,,2024-05-30 00:00:00.000 UTC,114127.45796702307
34.31747446035344,28106.011583029464,,2024-05-29 00:00:00.000 UTC,28106.011583029464
33.730527372620465,112862.34458878808,,2024-05-28 00:00:00.000 UTC,112862.34458878808
32.647675391810324,42017.558229259885,,2024-05-27 00:00:00.000 UTC,42017.558229259885
31.71171013274979,,31014.052509829293,2024-05-26 00:00:00.000 UTC,31014.052509829293
32.88776463228541,45746.880603509,,2024-05-25 00:00:00.000 UTC,45746.880603509
31.7309658602495,50230.11895677496,,2024-05-24 00:00:00.000 UTC,50230.11895677496
30.632772564187498,,38474.7623406195,2024-05-23 00:00:00.000 UTC,38474.7623406195
31.90337184542622,,37135.52482807612,2024-05-22 00:00:00.000 UTC,37135.52482807612
33.71229576370122,67660.57759774834,,2024-05-21 00:00:00.000 UTC,67660.57759774834
30.66269869096731,74908.97290203314,,2024-05-20 00:00:00.000 UTC,74908.97290203314
29.60950943973337,,55280.9541239822,2024-05-19 00:00:00.000 UTC,55280.9541239822
29.814908232295206,,20423.212139122217,2024-05-18 00:00:00.000 UTC,20423.212139122217
30.19040797960934,,49542.459494538925,2024-05-17 00:00:00.000 UTC,49542.459494538925
30.837008560850112,47735.689252195974,,2024-05-16 00:00:00.000 UTC,47735.689252195974
30.00925058360111,113524.99495776299,,2024-05-15 00:00:00.000 UTC,113524.99495776299
28.143845703482224,,83362.07097371435,2024-05-14 00:00:00.000 UTC,83362.07097371435
28.41897763179202,,62493.33181231065,2024-05-13 00:00:00.000 UTC,62493.33181231065
30.125580248671895,128606.10208158032,,2024-05-12 00:00:00.000 UTC,128606.10208158032
28.280564831172292,,72624.49048645045,2024-05-11 00:00:00.000 UTC,72624.49048645045
30.04615570055297,285799.03302365984,,2024-05-10 00:00:00.000 UTC,285799.03302365984
26.00454664583809,31153.446881714033,,2024-05-09 00:00:00.000 UTC,31153.446881714033
24.9682886539942,,19824.821191271396,2024-05-08 00:00:00.000 UTC,19824.821191271396
25.284744275059243,,12515.948416154326,2024-05-07 00:00:00.000 UTC,12515.948416154326
25.889653726983628,20297.488521955165,,2024-05-06 00:00:00.000 UTC,20297.488521955165
25.596873039757643,,13643.133330190823,2024-05-05 00:00:00.000 UTC,13643.133330190823
25.825483427676257,13739.157183523768,,2024-05-04 00:00:00.000 UTC,13739.157183523768
25.344679416691484,20047.641418602965,,2024-05-03 00:00:00.000 UTC,20047.641418602965
24.50767184557651,,21223.64381826926,2024-05-02 00:00:00.000 UTC,21223.64381826926
24.630730154563423,,17561.71060020372,2024-05-01 00:00:00.000 UTC,17561.71060020372
25.3769869619557,,19768.672843363493,2024-04-30 00:00:00.000 UTC,19768.672843363493
26.222619471090983,,18093.607435052778,2024-04-29 00:00:00.000 UTC,18093.607435052778
27.457969566163634,25920.32327045847,,2024-04-28 00:00:00.000 UTC,25920.32327045847
27.016741765751462,25665.90467746389,,2024-04-27 00:00:00.000 UTC,25665.90467746389
26.90049971341863,,21143.792774747042,2024-04-26 00:00:00.000 UTC,21143.792774747042
27.061950227720924,,27873.808734552553,2024-04-25 00:00:00.000 UTC,27873.808734552553
28.055553344399613,,41662.49671643342,2024-04-24 00:00:00.000 UTC,41662.49671643342
29.36558059914759,,52065.17440228868,2024-04-23 00:00:00.000 UTC,52065.17440228868
30.26732705945501,41617.57470675064,,2024-04-22 00:00:00.000 UTC,41617.57470675064
29.85610526855718,39439.91505976403,,2024-04-21 00:00:00.000 UTC,39439.91505976403
29.128783767168247,50684.08375487275,,2024-04-20 00:00:00.000 UTC,50684.08375487275
28.835167839306546,41551.476856440735,,2024-04-19 00:00:00.000 UTC,41551.476856440735
28.597468492199948,48587.09896824771,,2024-04-18 00:00:00.000 UTC,48587.09896824771
28.374400918618065,,43299.33580181117,2024-04-17 00:00:00.000 UTC,43299.33580181117
28.521954366681218,132712.6536681677,,2024-04-16 00:00:00.000 UTC,132712.6536681677
27.9276496068121,89396.40639140553,,2024-04-15 00:00:00.000 UTC,89396.40639140553
25.4083911880612,,72845.85753617146,2024-04-14 00:00:00.000 UTC,72845.85753617146
26.833748627171968,,114097.0991627352,2024-04-13 00:00:00.000 UTC,114097.0991627352
31.634380737969664,,115528.75845506521,2024-04-12 00:00:00.000 UTC,115528.75845506521
36.773975203128806,,30926.913145831324,2024-04-11 00:00:00.000 UTC,30926.913145831324
37.85524419299769,,25098.02689995747,2024-04-10 00:00:00.000 UTC,25098.02689995747
39.90458860969808,,33200.617723268806,2024-04-09 00:00:00.000 UTC,33200.617723268806
40.327131314057645,,105899.04683071538,2024-04-08 00:00:00.000 UTC,105899.04683071538
40.817803383544536,7796.200446257007,,2024-04-07 00:00:00.000 UTC,7796.200446257007
40.34172520331371,10085.431300828426,,2024-04-06 00:00:00.000 UTC,10085.431300828426
39.88832935642571,,18907.068114945785,2024-04-05 00:00:00.000 UTC,18907.068114945785
40.67729021107548,14359.083444509644,,2024-04-04 00:00:00.000 UTC,14359.083444509644
40.16789912550135,,29965.252747624007,2024-04-03 00:00:00.000 UTC,29965.252747624007
40.64822857689411,,52273.621949885826,2024-04-02 00:00:00.000 UTC,52273.621949885826
43.61222093757595,,47929.830810395964,2024-04-01 00:00:00.000 UTC,47929.830810395964
45.6524167568849,17804.44253518511,,2024-03-31 00:00:00.000 UTC,17804.44253518511
45.123124225263524,23870.132715164404,,2024-03-30 00:00:00.000 UTC,23870.132715164404
45.115077307078764,,21565.00695278365,2024-03-29 00:00:00.000 UTC,21565.00695278365
45.36499443595804,,28035.566561422067,2024-03-28 00:00:00.000 UTC,28035.566561422067
46.05370857486106,,51119.616518095776,2024-03-27 00:00:00.000 UTC,51119.616518095776
47.42098632459227,38600.68286821811,,2024-03-26 00:00:00.000 UTC,38600.68286821811
47.060128448346454,26259.55167417732,,2024-03-25 00:00:00.000 UTC,26259.55167417732
45.44621707770906,16905.99275290777,,2024-03-24 00:00:00.000 UTC,16905.99275290777
45.2318590780555,,16735.787858880536,2024-03-23 00:00:00.000 UTC,16735.787858880536
45.38960633845088,,39897.46397149833,2024-03-22 00:00:00.000 UTC,39897.46397149833
46.874296482592,30608.915603132577,,2024-03-21 00:00:00.000 UTC,30608.915603132577
44.831453535096415,39048.196029068975,,2024-03-20 00:00:00.000 UTC,39048.196029068975
44.7209723890468,,96418.4164707849,2024-03-19 00:00:00.000 UTC,96418.4164707849
49.1793207424255,,34179.62791598572,2024-03-18 00:00:00.000 UTC,34179.62791598572
49.88060657756092,,41550.54527910824,2024-03-17 00:00:00.000 UTC,41550.54527910824
51.72960956811774,,83336.40101423768,2024-03-16 00:00:00.000 UTC,83336.40101423768
53.07140992950805,,101790.96424479644,2024-03-15 00:00:00.000 UTC,101790.96424479644
57.917319589501616,,65504.48845572633,2024-03-14 00:00:00.000 UTC,65504.48845572633
60.33464487186712,62929.03460135741,,2024-03-13 00:00:00.000 UTC,62929.03460135741
57.58723350897297,51598.16122403978,,2024-03-12 00:00:00.000 UTC,51598.16122403978
56.23582966056297,40433.56152594477,,2024-03-11 00:00:00.000 UTC,40433.56152594477
55.31414779082586,,35788.25362066433,2024-03-10 00:00:00.000 UTC,35788.25362066433
56.40104712694131,,19965.970682937223,2024-03-09 00:00:00.000 UTC,19965.970682937223
56.91624542355476,37564.72197954614,,2024-03-08 00:00:00.000 UTC,37564.72197954614
54.70362246879283,52679.58843744749,,2024-03-07 00:00:00.000 UTC,52679.58843744749
52.53300444386313,,45546.114852829334,2024-03-06 00:00:00.000 UTC,45546.114852829334
54.40340521580089,,76654.39794906345,2024-03-05 00:00:00.000 UTC,76654.39794906345
57.142826693815856,,53542.828612105455,2024-03-04 00:00:00.000 UTC,53542.828612105455
58.003843161187866,54465.60872835541,,2024-03-03 00:00:00.000 UTC,54465.60872835541
56.91367179962879,60100.837420407996,,2024-03-02 00:00:00.000 UTC,60100.837420407996
54.675999894175085,94808.1838164996,,2024-03-01 00:00:00.000 UTC,94808.1838164996
51.50773876302501,60830.63947913254,,2024-02-29 00:00:00.000 UTC,60830.63947913254
50.98418794983123,,60008.38921695136,2024-02-28 00:00:00.000 UTC,60008.38921695136
52.3939377977911,46525.816764438496,,2024-02-27 00:00:00.000 UTC,46525.816764438496
51.5818943134034,42193.989548363985,,2024-02-26 00:00:00.000 UTC,42193.989548363985
50.900935606198146,43011.29058723743,,2024-02-25 00:00:00.000 UTC,43011.29058723743
49.11702768132975,91996.19284713063,,2024-02-24 00:00:00.000 UTC,91996.19284713063
46.39382236575933,45002.007694786545,,2024-02-23 00:00:00.000 UTC,45002.007694786545
46.30462238480408,20003.59687023536,,2024-02-22 00:00:00.000 UTC,20003.59687023536
45.91412509428635,,31588.91806486901,2024-02-21 00:00:00.000 UTC,31588.91806486901
47.729380201624835,,37610.75159888037,2024-02-20 00:00:00.000 UTC,37610.75159888037
48.80573050202032,39727.86462864454,,2024-02-19 00:00:00.000 UTC,39727.86462864454
45.976474887327846,32321.461845791477,,2024-02-18 00:00:00.000 UTC,32321.461845791477
44.38583613206104,,17266.090255371742,2024-02-17 00:00:00.000 UTC,17266.090255371742
45.01228002259418,30608.350415364042,,2024-02-16 00:00:00.000 UTC,30608.350415364042
44.14528704494628,16907.644938214424,,2024-02-15 00:00:00.000 UTC,16907.644938214424
42.95070683749159,22119.614021308167,,2024-02-14 00:00:00.000 UTC,22119.614021308167
42.389961898124334,52902.67244885917,,2024-02-13 00:00:00.000 UTC,52902.67244885917
42.26375602219007,,23202.80205618235,2024-02-12 00:00:00.000 UTC,23202.80205618235
42.96962964501172,,33602.250382399165,2024-02-11 00:00:00.000 UTC,33602.250382399165
44.524669768192524,,29787.0040749208,2024-02-10 00:00:00.000 UTC,29787.0040749208
45.2461004345343,10813.818003853698,,2024-02-09 00:00:00.000 UTC,10813.818003853698
44.95737581828278,13487.212745484834,,2024-02-08 00:00:00.000 UTC,13487.212745484834
43.878588596595286,9609.410902654368,,2024-02-07 00:00:00.000 UTC,9609.410902654368
43.077966140512906,10640.257636706689,,2024-02-06 00:00:00.000 UTC,10640.257636706689
42.70397645880388,,8028.347574255129,2024-02-05 00:00:00.000 UTC,8028.347574255129
42.85260857763643,,6727.859546688919,2024-02-04 00:00:00.000 UTC,6727.859546688919
43.517018157710375,8094.1653773341295,,2024-02-03 00:00:00.000 UTC,8094.1653773341295
43.325165894962005,10917.941805530425,,2024-02-02 00:00:00.000 UTC,10917.941805530425
42.405830752934804,,14375.576625244898,2024-02-01 00:00:00.000 UTC,14375.576625244898
43.74386500315403,,16535.18097119222,2024-01-31 00:00:00.000 UTC,16535.18097119222
44.48565311945802,15614.464244929766,,2024-01-30 00:00:00.000 UTC,15614.464244929766
43.64494246939405,,9514.597458327904,2024-01-29 00:00:00.000 UTC,9514.597458327904
43.73839764722795,,9841.139470626289,2024-01-28 00:00:00.000 UTC,9841.139470626289
43.78018546546068,10638.585068106946,,2024-01-27 00:00:00.000 UTC,10638.585068106946
43.2525733590795,22837.358733593974,,2024-01-26 00:00:00.000 UTC,22837.358733593974
41.93090565185384,18743.114826378667,,2024-01-25 00:00:00.000 UTC,18743.114826378667
41.14244909375715,,20694.651894159848,2024-01-24 00:00:00.000 UTC,20694.651894159848
41.35930151606176,,38340.07250538925,2024-01-23 00:00:00.000 UTC,38340.07250538925
44.59053211833231,,25372.012775331084,2024-01-22 00:00:00.000 UTC,25372.012775331084
46.80878273712988,,13902.208472927574,2024-01-21 00:00:00.000 UTC,13902.208472927574
46.91568858150121,,14121.622263031863,2024-01-20 00:00:00.000 UTC,14121.622263031863
48.3089590903211,,50965.95184028876,2024-01-19 00:00:00.000 UTC,50965.95184028876
51.531135379354154,,33959.01821499439,2024-01-18 00:00:00.000 UTC,33959.01821499439
52.687246029988394,,19178.157554915775,2024-01-17 00:00:00.000 UTC,19178.157554915775
52.70605225844576,24455.608247918834,,2024-01-16 00:00:00.000 UTC,24455.608247918834
52.42633083973166,,20970.532335892665,2024-01-15 00:00:00.000 UTC,20970.532335892665
53.77011856007595,,24895.564893315164,2024-01-14 00:00:00.000 UTC,24895.564893315164
54.82119547820181,,23463.471664670375,2024-01-13 00:00:00.000 UTC,23463.471664670375
56.15212671143053,,70583.22327626818,2024-01-12 00:00:00.000 UTC,70583.22327626818
56.26308548549127,46754.624038443246,,2024-01-11 00:00:00.000 UTC,46754.624038443246
52.325586145001786,65040.70357823722,,2024-01-10 00:00:00.000 UTC,65040.70357823722
49.94814036593132,38110.4310992056,,2024-01-09 00:00:00.000 UTC,38110.4310992056
49.70883115122876,,53685.53764332706,2024-01-08 00:00:00.000 UTC,53685.53764332706
50.91225275361596,,39711.55714782045,2024-01-07 00:00:00.000 UTC,39711.55714782045
51.77014846668039,,54824.587226214535,2024-01-06 00:00:00.000 UTC,54824.587226214535
54.84071864314586,,67179.88033785368,2024-01-05 00:00:00.000 UTC,67179.88033785368
57.983763557301295,,59781.26022757764,2024-01-04 00:00:00.000 UTC,59781.26022757764
59.5769685820071,,154423.5025645624,2024-01-03 00:00:00.000 UTC,154423.5025645624
61.22414707463076,157039.9372464279,,2024-01-02 00:00:00.000 UTC,157039.9372464279
56.98933607310056,66050.64050872355,,2024-01-01 00:00:00.000 UTC,66050.64050872355
56.45370935692199,87390.34208451524,,2023-12-31 00:00:00.000 UTC,87390.34208451524
55.51373766981161,150997.36646188758,,2023-12-30 00:00:00.000 UTC,150997.36646188758
51.78312981036042,82128.04387923163,,2023-12-29 00:00:00.000 UTC,82128.04387923163
51.420056468738956,46483.73104774002,,2023-12-28 00:00:00.000 UTC,46483.73104774002
48.62751416145607,84076.97198515755,,2023-12-27 00:00:00.000 UTC,84076.97198515755
46.74041701628238,,48703.51453096624,2023-12-26 00:00:00.000 UTC,48703.51453096624
47.6454414955902,32208.318451018975,,2023-12-25 00:00:00.000 UTC,32208.318451018975
46.64059342339483,40530.67568493011,,2023-12-24 00:00:00.000 UTC,40530.67568493011
46.50597933350649,20509.13688607636,,2023-12-23 00:00:00.000 UTC,20509.13688607636
45.906600323492036,56465.1183978952,,2023-12-22 00:00:00.000 UTC,56465.1183978952
43.0601162295175,,24458.14601836594,2023-12-21 00:00:00.000 UTC,24458.14601836594
43.66544960849003,,14060.274773933788,2023-12-20 00:00:00.000 UTC,14060.274773933788
43.921865751004425,17085.60577714072,,2023-12-19 00:00:00.000 UTC,17085.60577714072
43.703401465936345,,20802.8190977857,2023-12-18 00:00:00.000 UTC,20802.8190977857
45.596031508653674,,19059.141170617237,2023-12-17 00:00:00.000 UTC,19059.141170617237
47.2308586298056,,26307.588256801722,2023-12-16 00:00:00.000 UTC,26307.588256801722
48.25848936561179,,11389.003490284382,2023-12-15 00:00:00.000 UTC,11389.003490284382
48.826039417288285,15526.680534697674,,2023-12-14 00:00:00.000 UTC,15526.680534697674
47.276554665009904,,27656.784479030794,2023-12-13 00:00:00.000 UTC,27656.784479030794
48.865095116034716,,25751.905126150297,2023-12-12 00:00:00.000 UTC,25751.905126150297
50.193280449565535,,42714.48166258027,2023-12-11 00:00:00.000 UTC,42714.48166258027
53.85371674950539,,36835.942256661685,2023-12-10 00:00:00.000 UTC,36835.942256661685
54.48464543956656,56173.669448193126,,2023-12-09 00:00:00.000 UTC,56173.669448193126
53.66501257539621,30642.722180551238,,2023-12-08 00:00:00.000 UTC,30642.722180551238
51.27403346570684,,32507.737217258138,2023-12-07 00:00:00.000 UTC,32507.737217258138
51.826724344643985,30836.90098506317,,2023-12-06 00:00:00.000 UTC,30836.90098506317
50.8936313254291,,37813.96807479382,2023-12-05 00:00:00.000 UTC,37813.96807479382
52.39125378428147,38455.1802776626,,2023-12-04 00:00:00.000 UTC,38455.1802776626
51.62173078804994,19564.635968670926,,2023-12-03 00:00:00.000 UTC,19564.635968670926
51.431462628373325,17846.717532045543,,2023-12-02 00:00:00.000 UTC,17846.717532045543
50.65396332149646,20160.27740195559,,2023-12-01 00:00:00.000 UTC,20160.27740195559
48.709576708436,,12761.909097610232,2023-11-30 00:00:00.000 UTC,12761.909097610232
49.11401069126226,,12671.414758345663,2023-11-29 00:00:00.000 UTC,12671.414758345663
49.22039533636663,,16045.848879655521,2023-11-28 00:00:00.000 UTC,16045.848879655521
49.405729300256795,,19959.914637303744,2023-11-27 00:00:00.000 UTC,19959.914637303744
51.60092774065509,,13261.438429348358,2023-11-26 00:00:00.000 UTC,13261.438429348358
52.33561259624627,,12037.190897136643,2023-11-25 00:00:00.000 UTC,12037.190897136643
52.509825771565886,10764.514283171007,,2023-11-24 00:00:00.000 UTC,10764.514283171007
51.51581772124341,8912.23646577511,,2023-11-23 00:00:00.000 UTC,8912.23646577511
50.47698608057009,23168.936610981673,,2023-11-22 00:00:00.000 UTC,23168.936610981673
50.22031173775418,,39272.28377892377,2023-11-21 00:00:00.000 UTC,39272.28377892377
52.05413233280429,20353.16574212648,,2023-11-20 00:00:00.000 UTC,20353.16574212648
50.81059957191491,15243.179871574474,,2023-11-19 00:00:00.000 UTC,15243.179871574474
50.170985653183045,,19165.316519515924,2023-11-18 00:00:00.000 UTC,19165.316519515924
50.76500546331742,,34570.968720519166,2023-11-17 00:00:00.000 UTC,34570.968720519166
53.32370992109761,33433.9661205282,,2023-11-16 00:00:00.000 UTC,33433.9661205282
52.92266283185735,42391.05292831774,,2023-11-15 00:00:00.000 UTC,42391.05292831774
52.18336829579307,,28544.30245779881,2023-11-14 00:00:00.000 UTC,28544.30245779881
53.81141109306008,,39820.44420886446,2023-11-13 00:00:00.000 UTC,39820.44420886446
54.45495317586673,35232.35470478577,,2023-11-12 00:00:00.000 UTC,35232.35470478577
54.01841929684148,45969.6748216121,,2023-11-11 00:00:00.000 UTC,45969.6748216121
53.52867881075326,31956.621250019696,,2023-11-10 00:00:00.000 UTC,31956.621250019696
50.33247915947071,57429.35872095608,,2023-11-09 00:00:00.000 UTC,57429.35872095608
49.1401186034374,41277.69962688741,,2023-11-08 00:00:00.000 UTC,41277.69962688741
47.45142159808693,,35398.76051217285,2023-11-07 00:00:00.000 UTC,35398.76051217285
47.70075706319347,28811.257266168857,,2023-11-06 00:00:00.000 UTC,28811.257266168857
47.67096050096256,26552.724999036145,,2023-11-05 00:00:00.000 UTC,26552.724999036145
47.62723911766708,36577.71964236832,,2023-11-04 00:00:00.000 UTC,36577.71964236832
46.3454051346099,60851.5169417428,,2023-11-03 00:00:00.000 UTC,60851.5169417428
46.1349518019321,49318.26347626541,,2023-11-02 00:00:00.000 UTC,49318.26347626541
45.48566186538133,48305.77290103497,,2023-11-01 00:00:00.000 UTC,48305.77290103497
44.75612158838177,,36252.45848658923,2023-10-31 00:00:00.000 UTC,36252.45848658923
45.69119134275621,,29059.597693992953,2023-10-30 00:00:00.000 UTC,29059.597693992953
45.7383565228599,26665.461852827324,,2023-10-29 00:00:00.000 UTC,26665.461852827324
45.41526338649154,51455.49341689491,,2023-10-28 00:00:00.000 UTC,51455.49341689491
43.383576083221385,,38915.06774664958,2023-10-27 00:00:00.000 UTC,38915.06774664958
43.95658801204239,104089.20041251638,,2023-10-26 00:00:00.000 UTC,104089.20041251638
41.429726950989846,55142.96657176748,,2023-10-25 00:00:00.000 UTC,55142.96657176748
41.34146158418484,55480.241445976055,,2023-10-24 00:00:00.000 UTC,55480.241445976055
40.07804450885631,71338.91922576423,,2023-10-23 00:00:00.000 UTC,71338.91922576423
38.54492083595863,27135.624268514875,,2023-10-22 00:00:00.000 UTC,27135.624268514875
38.16635403845077,28433.933758645824,,2023-10-21 00:00:00.000 UTC,28433.933758645824
36.59634226247092,24665.934684905398,,2023-10-20 00:00:00.000 UTC,24665.934684905398
34.82752576548326,,17030.660099321314,2023-10-19 00:00:00.000 UTC,17030.660099321314
35.664869536033876,22789.851633525646,,2023-10-18 00:00:00.000 UTC,22789.851633525646
35.552073150262764,,20335.785841950303,2023-10-17 00:00:00.000 UTC,20335.785841950303
36.30817425416728,21095.049241671186,,2023-10-16 00:00:00.000 UTC,21095.049241671186
35.54950138635168,,16850.463657130695,2023-10-15 00:00:00.000 UTC,16850.463657130695
35.68466047430637,16165.151194860786,,2023-10-14 00:00:00.000 UTC,16165.151194860786
35.186773261222605,,17065.585031692965,2023-10-13 00:00:00.000 UTC,17065.585031692965
35.27517359814781,,17990.338535055384,2023-10-12 00:00:00.000 UTC,17990.338535055384
36.080940763269695,16669.3946326306,,2023-10-11 00:00:00.000 UTC,16669.3946326306
36.01939043636031,,17073.19106683479,2023-10-10 00:00:00.000 UTC,17073.19106683479
36.49020187048621,,22295.513342867074,2023-10-09 00:00:00.000 UTC,22295.513342867074
37.99740444986179,,17060.834597987945,2023-10-08 00:00:00.000 UTC,17060.834597987945
39.41986178000651,28185.201172704652,,2023-10-07 00:00:00.000 UTC,28185.201172704652
38.93432847043688,19545.032892159314,,2023-10-06 00:00:00.000 UTC,19545.032892159314
38.116459719107766,,23822.787324442354,2023-10-05 00:00:00.000 UTC,23822.787324442354
38.13505205793639,,52016.21100702524,2023-10-04 00:00:00.000 UTC,52016.21100702524
39.459732389572515,,30857.510728645706,2023-10-03 00:00:00.000 UTC,30857.510728645706
40.836786483107474,,56885.643570968714,2023-10-02 00:00:00.000 UTC,56885.643570968714
41.90740317573384,60137.12355717806,,2023-10-01 00:00:00.000 UTC,60137.12355717806
39.663637040792786,35419.627877427956,,2023-09-30 00:00:00.000 UTC,35419.627877427956
37.95806964232102,24710.703337150986,,2023-09-29 00:00:00.000 UTC,24710.703337150986
36.86566742729713,24073.28083002503,,2023-09-28 00:00:00.000 UTC,24073.28083002503
35.575258070792216,18712.585745236705,,2023-09-27 00:00:00.000 UTC,18712.585745236705
35.048483658976146,24814.326430555113,,2023-09-26 00:00:00.000 UTC,24814.326430555113
34.190287777070125,16890.002161872642,,2023-09-25 00:00:00.000 UTC,16890.002161872642
33.939353253600295,,10147.866622826488,2023-09-24 00:00:00.000 UTC,10147.866622826488
34.376367037769704,,17085.054417771542,2023-09-23 00:00:00.000 UTC,17085.054417771542
34.76672117813883,,15749.324693696892,2023-09-22 00:00:00.000 UTC,15749.324693696892
35.83860121459857,,27595.722935240898,2023-09-21 00:00:00.000 UTC,27595.722935240898
35.97895862527817,29790.577741730325,,2023-09-20 00:00:00.000 UTC,29790.577741730325
35.46354287225364,38016.9179590559,,2023-09-19 00:00:00.000 UTC,38016.9179590559
33.834825373332805,45474.005301759295,,2023-09-18 00:00:00.000 UTC,45474.005301759295
32.382515690425784,,17616.088535591625,2023-09-17 00:00:00.000 UTC,17616.088535591625
32.440165809061746,21929.552086925738,,2023-09-16 00:00:00.000 UTC,21929.552086925738
31.35849911223208,,12167.097655546047,2023-09-15 00:00:00.000 UTC,12167.097655546047
31.803419816766866,15456.462030948696,,2023-09-14 00:00:00.000 UTC,15456.462030948696
31.62557648231982,,12871.609628304166,2023-09-13 00:00:00.000 UTC,12871.609628304166
31.647132711215274,22437.81709225163,,2023-09-12 00:00:00.000 UTC,22437.81709225163
30.771579725686056,,24217.233244114926,2023-09-11 00:00:00.000 UTC,24217.233244114926
31.62968133950571,,25904.709017055175,2023-09-10 00:00:00.000 UTC,25904.709017055175
33.195754417410534,,8863.266429448613,2023-09-09 00:00:00.000 UTC,8863.266429448613
33.82635889613865,,14274.723454170511,2023-09-08 00:00:00.000 UTC,14274.723454170511
34.26087037912915,24565.0440618356,,2023-09-07 00:00:00.000 UTC,24565.0440618356
33.23188837797476,21235.17667352587,,2023-09-06 00:00:00.000 UTC,21235.17667352587
32.22692302518627,,13535.307670578233,2023-09-05 00:00:00.000 UTC,13535.307670578233
32.279537144733695,,20691.1833097743,2023-09-04 00:00:00.000 UTC,20691.1833097743
32.708295421205705,,14686.02464412136,2023-09-03 00:00:00.000 UTC,14686.02464412136
33.32743379112298,,11964.548731013148,2023-09-02 00:00:00.000 UTC,11964.548731013148
34.33314089026533,,16685.90647266895,2023-09-01 00:00:00.000 UTC,16685.90647266895
35.87109520001638,,54703.42018002498,2023-08-31 00:00:00.000 UTC,54703.42018002498
37.91253974018492,12245.75033607973,,2023-08-30 00:00:00.000 UTC,12245.75033607973
37.56218729386523,16189.302723655914,,2023-08-29 00:00:00.000 UTC,16189.302723655914
36.733572346807286,,9477.26166547628,2023-08-28 00:00:00.000 UTC,9477.26166547628
36.88093333598297,,8814.543067299928,2023-08-27 00:00:00.000 UTC,8814.543067299928
37.08058156027735,16834.584028365916,,2023-08-26 00:00:00.000 UTC,16834.584028365916
36.604492039675264,,16472.02141785387,2023-08-25 00:00:00.000 UTC,16472.02141785387
36.964232384527016,13750.69444704405,,2023-08-24 00:00:00.000 UTC,13750.69444704405
36.725056794116476,14469.672376881892,,2023-08-23 00:00:00.000 UTC,14469.672376881892
36.320208800694616,,19322.351081969537,2023-08-22 00:00:00.000 UTC,19322.351081969537
37.25470872987437,,14715.609948300376,2023-08-21 00:00:00.000 UTC,14715.609948300376
38.01657974598363,,12811.587374396482,2023-08-20 00:00:00.000 UTC,12811.587374396482
38.050377209211355,24808.845940405805,,2023-08-19 00:00:00.000 UTC,24808.845940405805
36.65057248897534,,40132.376875428,2023-08-18 00:00:00.000 UTC,40132.376875428
38.746306884519846,,68503.47057183109,2023-08-17 00:00:00.000 UTC,68503.47057183109
41.04054156102031,,79249.28575433022,2023-08-16 00:00:00.000 UTC,79249.28575433022
45.31667895035784,,57914.715698557324,2023-08-15 00:00:00.000 UTC,57914.715698557324
47.083584415260724,28532.652155648,,2023-08-14 00:00:00.000 UTC,28532.652155648
46.66207960715696,19831.38383304171,,2023-08-13 00:00:00.000 UTC,19831.38383304171
45.943768789489944,32114.69438385347,,2023-08-12 00:00:00.000 UTC,32114.69438385347
45.01251859540848,,112216.20885835333,2023-08-11 00:00:00.000 UTC,112216.20885835333
48.92421555483256,,42172.67380826567,2023-08-10 00:00:00.000 UTC,42172.67380826567
50.147076326963074,,19306.624385880783,2023-08-09 00:00:00.000 UTC,19306.624385880783
50.70706932302176,,32959.595059964144,2023-08-08 00:00:00.000 UTC,32959.595059964144
52.87409233141588,,32887.68543014068,2023-08-07 00:00:00.000 UTC,32887.68543014068
53.967052796989464,37291.23348271972,,2023-08-06 00:00:00.000 UTC,37291.23348271972
52.631989768027495,21842.27575373141,,2023-08-05 00:00:00.000 UTC,21842.27575373141
51.754100033336655,33174.3781213688,,2023-08-04 00:00:00.000 UTC,33174.3781213688
50.187661803250634,,54252.86240931394,2023-08-03 00:00:00.000 UTC,54252.86240931394
51.05577059426132,,28897.566156351906,2023-08-02 00:00:00.000 UTC,28897.566156351906
52.38103986310142,,44419.121803910006,2023-08-01 00:00:00.000 UTC,44419.121803910006
54.98873829165235,,25074.864660993473,2023-07-31 00:00:00.000 UTC,25074.864660993473
55.970714899281425,,19589.7502147485,2023-07-30 00:00:00.000 UTC,19589.7502147485
56.87332618340325,18881.94429288988,,2023-07-29 00:00:00.000 UTC,18881.94429288988
56.4596255244766,20438.38443986053,,2023-07-28 00:00:00.000 UTC,20438.38443986053
55.66411476641822,28221.70618657404,,2023-07-27 00:00:00.000 UTC,28221.70618657404
54.39181363848992,36551.29876506523,,2023-07-26 00:00:00.000 UTC,36551.29876506523
53.75142818077565,39346.04542832777,,2023-07-25 00:00:00.000 UTC,39346.04542832777
51.83454108025388,43800.187212814526,,2023-07-24 00:00:00.000 UTC,43800.187212814526
51.82022427656574,29226.606491983075,,2023-07-23 00:00:00.000 UTC,29226.606491983075
50.655511289638405,,32672.804781816772,2023-07-22 00:00:00.000 UTC,32672.804781816772
52.32565654423106,,51383.7947264349,2023-07-21 00:00:00.000 UTC,51383.7947264349
55.17188054287385,,28579.034121208653,2023-07-20 00:00:00.000 UTC,28579.034121208653
55.36666554910304,,18270.999631204002,2023-07-19 00:00:00.000 UTC,18270.999631204002
55.91745130171003,,31984.782144578137,2023-07-18 00:00:00.000 UTC,31984.782144578137
56.34730337454979,,32850.477867362526,2023-07-17 00:00:00.000 UTC,32850.477867362526
56.96017988243543,,22841.03213285661,2023-07-16 00:00:00.000 UTC,22841.03213285661
57.644660404490644,,30263.44671235759,2023-07-15 00:00:00.000 UTC,30263.44671235759
59.7503044346369,77376.64424285479,,2023-07-14 00:00:00.000 UTC,77376.64424285479
56.74527674229084,37508.62792665425,,2023-07-13 00:00:00.000 UTC,37508.62792665425
55.60286492653366,18738.165480241845,,2023-07-12 00:00:00.000 UTC,18738.165480241845
55.49335035043446,17591.392061087725,,2023-07-11 00:00:00.000 UTC,17591.392061087725
55.05755622188216,,23179.23116941239,2023-07-10 00:00:00.000 UTC,23179.23116941239
55.87720239558896,22518.512565422352,,2023-07-09 00:00:00.000 UTC,22518.512565422352
55.639697291670956,27319.09137021044,,2023-07-08 00:00:00.000 UTC,27319.09137021044
54.77838740680222,,31004.567272250057,2023-07-07 00:00:00.000 UTC,31004.567272250057
55.93983467214471,,38878.18509714057,2023-07-06 00:00:00.000 UTC,38878.18509714057
56.613719985009745,,35270.34755066107,2023-07-05 00:00:00.000 UTC,35270.34755066107
58.00752485684086,47856.20800689371,,2023-07-04 00:00:00.000 UTC,47856.20800689371
57.282298414020644,38894.68062312002,,2023-07-03 00:00:00.000 UTC,38894.68062312002
56.168285479436015,32184.427579716837,,2023-07-02 00:00:00.000 UTC,32184.427579716837
56.10191410136099,41122.70303629761,,2023-07-01 00:00:00.000 UTC,41122.70303629761
54.12023746927314,52226.029157848585,,2023-06-30 00:00:00.000 UTC,52226.029157848585
52.587351298930315,,25767.802136475853,2023-06-29 00:00:00.000 UTC,25767.802136475853
53.222425718110756,,35765.47008257043,2023-06-28 00:00:00.000 UTC,35765.47008257043
54.289549044997415,34202.41589834837,,2023-06-27 00:00:00.000 UTC,34202.41589834837
53.99213201811393,,34824.925151683485,2023-06-26 00:00:00.000 UTC,34824.925151683485
54.3849725856633,35187.077262924155,,2023-06-25 00:00:00.000 UTC,35187.077262924155
53.45048143778863,,36560.12930344742,2023-06-24 00:00:00.000 UTC,36560.12930344742
54.47648370609056,,31051.59571247162,2023-06-23 00:00:00.000 UTC,31051.59571247162
55.02597076787971,51284.20475566389,,2023-06-22 00:00:00.000 UTC,51284.20475566389
52.877246181847084,51026.542565482436,,2023-06-21 00:00:00.000 UTC,51026.542565482436
50.09594646815214,42882.13017673823,,2023-06-20 00:00:00.000 UTC,42882.13017673823
49.24973182122801,,25708.360010681023,2023-06-19 00:00:00.000 UTC,25708.360010681023
49.96443243824503,,20385.488434803974,2023-06-18 00:00:00.000 UTC,20385.488434803974
50.36803923718607,29717.14314993978,,2023-06-17 00:00:00.000 UTC,29717.14314993978
47.484313620055076,62726.77829209276,,2023-06-16 00:00:00.000 UTC,62726.77829209276
44.507149731691364,,37564.03437354751,2023-06-15 00:00:00.000 UTC,37564.03437354751
45.700862461579376,28745.842488333426,,2023-06-14 00:00:00.000 UTC,28745.842488333426
45.587077163271466,38566.66728012766,,2023-06-13 00:00:00.000 UTC,38566.66728012766
43.263502409300315,,50877.87883333717,2023-06-12 00:00:00.000 UTC,50877.87883333717
44.63634425222729,,48475.06985791884,2023-06-11 00:00:00.000 UTC,48475.06985791884
45.78812426108374,,105862.1432916256,2023-06-10 00:00:00.000 UTC,105862.1432916256
51.34042509373543,22846.48916671227,,2023-06-09 00:00:00.000 UTC,22846.48916671227
51.24067343163719,,30180.756651234304,2023-06-08 00:00:00.000 UTC,30180.756651234304
52.50554392726471,,30348.204389959003,2023-06-07 00:00:00.000 UTC,30348.204389959003
52.769866875758936,,48495.50765882246,2023-06-06 00:00:00.000 UTC,48495.50765882246
53.423178746835674,,85477.08599493708,2023-06-05 00:00:00.000 UTC,85477.08599493708
55.9247193476134,,28521.606867282833,2023-06-04 00:00:00.000 UTC,28521.606867282833
56.04194743248845,23201.366237050217,,2023-06-03 00:00:00.000 UTC,23201.366237050217
55.14430994003844,30274.226157081102,,2023-06-02 00:00:00.000 UTC,30274.226157081102
53.43040144805877,,22227.047002392446,2023-06-01 00:00:00.000 UTC,22227.047002392446
54.62079693713844,,24470.11702783802,2023-05-31 00:00:00.000 UTC,24470.11702783802
56.47831063627903,28690.981803229748,,2023-05-30 00:00:00.000 UTC,28690.981803229748
56.15944273256609,36335.15944797026,,2023-05-29 00:00:00.000 UTC,36335.15944797026
55.96751023215118,41415.95757179187,,2023-05-28 00:00:00.000 UTC,41415.95757179187
54.466944180198276,24782.459601990216,,2023-05-27 00:00:00.000 UTC,24782.459601990216
54.00678761499292,41585.22646354455,,2023-05-26 00:00:00.000 UTC,41585.22646354455
53.21716093826429,,47203.621752240426,2023-05-25 00:00:00.000 UTC,47203.621752240426
55.19406271019721,,66012.09900139587,2023-05-24 00:00:00.000 UTC,66012.09900139587
59.37952663759787,,35330.81834937073,2023-05-23 00:00:00.000 UTC,35330.81834937073
59.66306497559734,,28339.955863408733,2023-05-22 00:00:00.000 UTC,28339.955863408733
60.07216599648292,,44873.90799937274,2023-05-21 00:00:00.000 UTC,44873.90799937274
62.94952554743851,21528.73773722397,,2023-05-20 00:00:00.000 UTC,21528.73773722397
62.46295934463256,,20612.776583728744,2023-05-19 00:00:00.000 UTC,20612.776583728744
63.199330191634175,33558.84433175775,,2023-05-18 00:00:00.000 UTC,33558.84433175775
62.63814355175588,35453.18925029383,,2023-05-17 00:00:00.000 UTC,35453.18925029383
62.40174083763407,,25147.901557566533,2023-05-16 00:00:00.000 UTC,25147.901557566533
62.75382334481811,26607.62109820288,,2023-05-15 00:00:00.000 UTC,26607.62109820288
61.43331214789083,20887.326130282883,,2023-05-14 00:00:00.000 UTC,20887.326130282883
61.20816022400152,22157.354001088548,,2023-05-13 00:00:00.000 UTC,22157.354001088548
59.86076409904391,,47649.168222838955,2023-05-12 00:00:00.000 UTC,47649.168222838955
60.293472667369166,,36537.844436425716,2023-05-11 00:00:00.000 UTC,36537.844436425716
60.88531728198369,,64051.35378064684,2023-05-10 00:00:00.000 UTC,64051.35378064684
62.37239563047743,,34990.91394869784,2023-05-09 00:00:00.000 UTC,34990.91394869784
65.09049006156664,,55977.82145294731,2023-05-08 00:00:00.000 UTC,55977.82145294731
68.97121849920052,,24553.753785715384,2023-05-07 00:00:00.000 UTC,24553.753785715384
69.74582959244124,,35151.89811459038,2023-05-06 00:00:00.000 UTC,35151.89811459038
69.91197739717319,33627.6611280403,,2023-05-05 00:00:00.000 UTC,33627.6611280403
68.92696759856476,28191.129747812985,,2023-05-04 00:00:00.000 UTC,28191.129747812985
68.62948358553759,,36099.10836599277,2023-05-03 00:00:00.000 UTC,36099.10836599277
69.6305538779768,,30289.290936919908,2023-05-02 00:00:00.000 UTC,30289.290936919908
70.62141005472279,,45974.537945624535,2023-05-01 00:00:00.000 UTC,45974.537945624535
72.78022091547913,25545.857541333175,,2023-04-30 00:00:00.000 UTC,25545.857541333175
72.54092657042554,,26767.601904487023,2023-04-29 00:00:00.000 UTC,26767.601904487023
72.95745100003276,,42023.49177601887,2023-04-28 00:00:00.000 UTC,42023.49177601887
73.89450138455163,,58154.97258964213,2023-04-27 00:00:00.000 UTC,58154.97258964213
74.45429120562085,79144.91155157496,,2023-04-26 00:00:00.000 UTC,79144.91155157496
71.532040151302,,67883.9061035856,2023-04-25 00:00:00.000 UTC,67883.9061035856
71.83686022047122,,56966.630154833685,2023-04-24 00:00:00.000 UTC,56966.630154833685
73.46619400775597,,56201.638415933325,2023-04-23 00:00:00.000 UTC,56201.638415933325
73.88889061127843,,43298.889898209156,2023-04-22 00:00:00.000 UTC,43298.889898209156
75.52898929298792,,109743.62144271143,2023-04-21 00:00:00.000 UTC,109743.62144271143
79.93289964497764,,92162.63329065921,2023-04-20 00:00:00.000 UTC,92162.63329065921
84.27165811880505,,119244.39623810916,2023-04-19 00:00:00.000 UTC,119244.39623810916
88.69138985935842,111928.53400251034,,2023-04-18 00:00:00.000 UTC,111928.53400251034
86.26691457307416,,90148.9257288625,2023-04-17 00:00:00.000 UTC,90148.9257288625
87.33396228676703,119298.19248372376,,2023-04-16 00:00:00.000 UTC,119298.19248372376
87.29786691045558,213181.39099533253,,2023-04-15 00:00:00.000 UTC,213181.39099533253
84.0708372363004,153261.13628177563,,2023-04-14 00:00:00.000 UTC,153261.13628177563
79.8387393420479,54050.826534566426,,2023-04-13 00:00:00.000 UTC,54050.826534566426
76.44830867460395,,58865.19767944504,2023-04-12 00:00:00.000 UTC,58865.19767944504
78.5860546768907,76621.40330996843,,2023-04-11 00:00:00.000 UTC,76621.40330996843
78.37428925369821,50081.17083311316,,2023-04-10 00:00:00.000 UTC,50081.17083311316
76.95819461532948,,36170.351469204856,2023-04-09 00:00:00.000 UTC,36170.351469204856
78.86811363733189,41878.968341423235,,2023-04-08 00:00:00.000 UTC,41878.968341423235
78.21390465824852,,47866.909650848094,2023-04-07 00:00:00.000 UTC,47866.909650848094
79.25357304045764,,59994.95479162643,2023-04-06 00:00:00.000 UTC,59994.95479162643
79.49285404145662,114390.21696565607,,2023-04-05 00:00:00.000 UTC,114390.21696565607
73.62990372548275,45503.28050234834,,2023-04-04 00:00:00.000 UTC,45503.28050234834
73.22087292897598,,69999.15452010103,2023-04-03 00:00:00.000 UTC,69999.15452010103
75.02040272974946,,54764.89399271711,2023-04-02 00:00:00.000 UTC,54764.89399271711
75.75552224530132,55301.53123906997,,2023-04-01 00:00:00.000 UTC,55301.53123906997
75.3075800942057,,87507.40806946703,2023-03-31 00:00:00.000 UTC,87507.40806946703
75.35491187585032,,112580.23834252039,2023-03-30 00:00:00.000 UTC,112580.23834252039
77.01609078755169,124689.05098504618,,2023-03-29 00:00:00.000 UTC,124689.05098504618
73.98950657428965,153306.25762192815,,2023-03-28 00:00:00.000 UTC,153306.25762192815
70.01525514003637,130648.46609130787,,2023-03-27 00:00:00.000 UTC,130648.46609130787
69.60306947606767,,73709.65057515567,2023-03-26 00:00:00.000 UTC,73709.65057515567
69.87407848109413,,89159.3241418761,2023-03-25 00:00:00.000 UTC,89159.3241418761
72.30170173751188,,144603.40347502375,2023-03-24 00:00:00.000 UTC,144603.40347502375
76.44719295828189,,151136.1004785233,2023-03-23 00:00:00.000 UTC,151136.1004785233
79.37791030812139,,208128.8808278943,2023-03-22 00:00:00.000 UTC,208128.8808278943
80.63364642912963,,254641.05542319137,2023-03-21 00:00:00.000 UTC,254641.05542319137
81.72449326974437,182245.61999152994,,2023-03-20 00:00:00.000 UTC,182245.61999152994
81.02024522403275,,172005.98061062154,2023-03-19 00:00:00.000 UTC,172005.98061062154
82.57134935929719,239787.19853939902,,2023-03-18 00:00:00.000 UTC,239787.19853939902
79.1800093651223,,236985.76802981104,2023-03-17 00:00:00.000 UTC,236985.76802981104
79.61041585408027,536096.5403613766,,2023-03-16 00:00:00.000 UTC,536096.5403613766
76.01507678254586,330209.49354337924,,2023-03-15 00:00:00.000 UTC,330209.49354337924
75.50094265334361,203173.03668014766,,2023-03-14 00:00:00.000 UTC,203173.03668014766
69.43835926606008,177762.19972111378,,2023-03-13 00:00:00.000 UTC,177762.19972111378
61.940797263841866,102821.7234579775,,2023-03-12 00:00:00.000 UTC,102821.7234579775
59.45244971029113,,206002.73824615875,2023-03-11 00:00:00.000 UTC,206002.73824615875
62.80788447785769,,97917.49190098014,2023-03-10 00:00:00.000 UTC,97917.49190098014
67.03594348228454,,92509.60200555266,2023-03-09 00:00:00.000 UTC,92509.60200555266
70.13894856133034,,96791.74901463588,2023-03-08 00:00:00.000 UTC,96791.74901463588
71.33454363436275,109213.18630420936,,2023-03-07 00:00:00.000 UTC,109213.18630420936
69.51629484453055,97878.94314109902,,2023-03-06 00:00:00.000 UTC,97878.94314109902
67.52576728447248,,73062.88020179923,2023-03-05 00:00:00.000 UTC,73062.88020179923
67.56727562925562,,107634.6700774042,2023-03-04 00:00:00.000 UTC,107634.6700774042
69.00882172024706,,109862.04417863331,2023-03-03 00:00:00.000 UTC,109862.04417863331
74.55786531352356,120709.18394259465,,2023-03-02 00:00:00.000 UTC,120709.18394259465
74.43736879268242,129297.70959288937,,2023-03-01 00:00:00.000 UTC,129297.70959288937
73.79313180696164,,79844.1686151325,2023-02-28 00:00:00.000 UTC,79844.1686151325
74.90209766835177,99919.39828958127,,2023-02-27 00:00:00.000 UTC,99919.39828958127
73.37182361464521,97437.78176024884,,2023-02-26 00:00:00.000 UTC,97437.78176024884
72.06529441871213,,95342.38451595615,2023-02-25 00:00:00.000 UTC,95342.38451595615
74.90688027948562,,145843.6959041585,2023-02-24 00:00:00.000 UTC,145843.6959041585
76.4215730452285,164917.7546316031,,2023-02-23 00:00:00.000 UTC,164917.7546316031
73.93509952873498,,157407.82689667676,2023-02-22 00:00:00.000 UTC,157407.82689667676
78.34987032523307,147924.55517404003,,2023-02-21 00:00:00.000 UTC,147924.55517404003
78.02190437703047,,143482.28214935903,2023-02-20 00:00:00.000 UTC,143482.28214935903
79.88642276850324,,132771.23464125238,2023-02-19 00:00:00.000 UTC,132771.23464125238
82.0201180553319,209889.48210359435,,2023-02-18 00:00:00.000 UTC,209889.48210359435
79.40192324854695,,236458.92743417283,2023-02-17 00:00:00.000 UTC,236458.92743417283
81.80974247277499,311449.68959385436,,2023-02-16 00:00:00.000 UTC,311449.68959385436
76.89762145874721,200702.79200733022,,2023-02-15 00:00:00.000 UTC,200702.79200733022
72.25840128124965,319815.68407081097,,2023-02-14 00:00:00.000 UTC,319815.68407081097
63.40978419922414,,134175.1033655583,2023-02-13 00:00:00.000 UTC,134175.1033655583
66.17377627359997,154052.55116494073,,2023-02-12 00:00:00.000 UTC,154052.55116494073
63.59201665979618,170680.97271489294,,2023-02-11 00:00:00.000 UTC,170680.97271489294
60.48428229100966,,117702.4133383048,2023-02-10 00:00:00.000 UTC,117702.4133383048
63.75341487285721,,147589.15543066445,2023-02-09 00:00:00.000 UTC,147589.15543066445
68.55240425699718,,149101.47925896887,2023-02-08 00:00:00.000 UTC,149101.47925896887
70.44083481761959,209491.04274760064,,2023-02-07 00:00:00.000 UTC,209491.04274760064
66.96310255688768,,156024.0289575483,2023-02-06 00:00:00.000 UTC,156024.0289575483
67.67990852438201,,229908.6492573257,2023-02-05 00:00:00.000 UTC,229908.6492573257
74.18393314647693,276186.7831043336,,2023-02-04 00:00:00.000 UTC,276186.7831043336
68.91827809129373,179049.68648118112,,2023-02-03 00:00:00.000 UTC,179049.68648118112
67.36961003676811,212281.6412258563,,2023-02-02 00:00:00.000 UTC,212281.6412258563
60.24559597773457,150854.97232824736,,2023-02-01 00:00:00.000 UTC,150854.97232824736
58.17258141069512,,108433.6917495357,2023-01-31 00:00:00.000 UTC,108433.6917495357
59.05201160705203,,155424.89454976094,2023-01-30 00:00:00.000 UTC,155424.89454976094
60.58414478498985,197201.39127514197,,2023-01-29 00:00:00.000 UTC,197201.39127514197
55.44962587409883,100807.41983911167,,2023-01-28 00:00:00.000 UTC,100807.41983911167
52.527769053866,80787.70880484591,,2023-01-27 00:00:00.000 UTC,80787.70880484591
52.14304549821269,51830.18722522342,,2023-01-26 00:00:00.000 UTC,51830.18722522342
50.87043627753998,,74677.80045542869,2023-01-25 00:00:00.000 UTC,74677.80045542869
52.88141081025209,96720.10037195108,,2023-01-24 00:00:00.000 UTC,96720.10037195108
51.98757845688526,130488.82192678201,,2023-01-23 00:00:00.000 UTC,130488.82192678201
50.39482463857796,,69242.48905340611,2023-01-22 00:00:00.000 UTC,69242.48905340611
50.50170760820384,74338.51359927605,,2023-01-21 00:00:00.000 UTC,74338.51359927605
47.27623849282439,58149.773346174,,2023-01-20 00:00:00.000 UTC,58149.773346174
45.52433505833077,,52717.179997547035,2023-01-19 00:00:00.000 UTC,52717.179997547035
47.60722184922317,,79932.52548484571,2023-01-18 00:00:00.000 UTC,79932.52548484571
48.61289508865252,,84975.3406149646,2023-01-17 00:00:00.000 UTC,84975.3406149646
50.457428026229444,,67612.95355514745,2023-01-16 00:00:00.000 UTC,67612.95355514745
51.415176893374664,48741.58769491918,,2023-01-15 00:00:00.000 UTC,48741.58769491918
51.32303546449322,94588.354361061,,2023-01-14 00:00:00.000 UTC,94588.354361061
47.39778860086418,62280.69422153554,,2023-01-13 00:00:00.000 UTC,62280.69422153554
45.89425841738314,59708.43020101547,,2023-01-12 00:00:00.000 UTC,59708.43020101547
44.73707713593217,44602.86590452437,,2023-01-11 00:00:00.000 UTC,44602.86590452437
44.095489039247,59969.86509337592,,2023-01-10 00:00:00.000 UTC,59969.86509337592
41.82105259041167,67791.92624905732,,2023-01-09 00:00:00.000 UTC,67791.92624905732
40.47196303697286,,67911.95397604046,2023-01-08 00:00:00.000 UTC,67911.95397604046
41.64411187673159,51888.56339840757,,2023-01-07 00:00:00.000 UTC,51888.56339840757
41.58488839149051,,71110.15914944877,2023-01-06 00:00:00.000 UTC,71110.15914944877
41.67356093039936,125354.07127864128,,2023-01-05 00:00:00.000 UTC,125354.07127864128
41.29491455460892,243516.11112852884,,2023-01-04 00:00:00.000 UTC,243516.11112852884
40.93173473003496,,195039.7159886166,2023-01-03 00:00:00.000 UTC,195039.7159886166
41.55908404670757,42888.97473620221,,2023-01-02 00:00:00.000 UTC,42888.97473620221
41.510476467649376,24076.07635123664,,2023-01-01 00:00:00.000 UTC,24076.07635123664
41.060857565227295,,34408.99863966047,2022-12-31 00:00:00.000 UTC,34408.99863966047
41.77153402616451,,44277.82606773438,2022-12-30 00:00:00.000 UTC,44277.82606773438
42.10723694357346,,43370.45405188067,2022-12-29 00:00:00.000 UTC,43370.45405188067
42.79247638512171,,65729.24372754694,2022-12-28 00:00:00.000 UTC,65729.24372754694
44.770387754579225,,58246.274468707576,2022-12-27 00:00:00.000 UTC,58246.274468707576
45.4552287786461,,49364.378453609665,2022-12-26 00:00:00.000 UTC,49364.378453609665
46.31739396354883,,34599.09329077098,2022-12-25 00:00:00.000 UTC,34599.09329077098
46.596533018211915,26653.216886417216,,2022-12-24 00:00:00.000 UTC,26653.216886417216
46.23820336987613,,39071.28184754533,2022-12-23 00:00:00.000 UTC,39071.28184754533
46.65213470909835,,45579.13561078909,2022-12-22 00:00:00.000 UTC,45579.13561078909
46.899638965904636,65471.89599640287,,2022-12-21 00:00:00.000 UTC,65471.89599640287
46.52351833530219,92860.94259726317,,2022-12-20 00:00:00.000 UTC,92860.94259726317
44.79862409863559,,124136.98737731922,2022-12-19 00:00:00.000 UTC,124136.98737731922
47.112821581920564,,91728.66361999934,2022-12-18 00:00:00.000 UTC,91728.66361999934
47.857357719339,,132995.59710204307,2022-12-17 00:00:00.000 UTC,132995.59710204307
49.60171577169893,,171175.521128133,2022-12-16 00:00:00.000 UTC,171175.521128133
51.68484680783891,,311349.5171704216,2022-12-15 00:00:00.000 UTC,311349.5171704216
53.47165598092275,,135657.59122360102,2022-12-14 00:00:00.000 UTC,135657.59122360102
57.06764377696315,226786.81636965155,,2022-12-13 00:00:00.000 UTC,226786.81636965155
56.899396429663746,152205.88544935052,,2022-12-12 00:00:00.000 UTC,152205.88544935052
56.36185605903038,118641.70700425895,,2022-12-11 00:00:00.000 UTC,118641.70700425895
53.09304889638306,,67587.45124509564,2022-12-10 00:00:00.000 UTC,67587.45124509564
53.257318788234095,80045.75013871584,,2022-12-09 00:00:00.000 UTC,80045.75013871584
52.728337576789606,114104.1225161727,,2022-12-08 00:00:00.000 UTC,114104.1225161727
52.69518073627831,171470.11811584962,,2022-12-07 00:00:00.000 UTC,171470.11811584962
51.02023035173303,,96581.29605583062,2022-12-06 00:00:00.000 UTC,96581.29605583062
54.15383332095939,106574.74397564809,,2022-12-05 00:00:00.000 UTC,106574.74397564809
53.52332043680057,,93826.3807257114,2022-12-04 00:00:00.000 UTC,93826.3807257114
54.994199788168,142324.98905177877,,2022-12-03 00:00:00.000 UTC,142324.98905177877
54.151757410312584,179837.9863596481,,2022-12-02 00:00:00.000 UTC,179837.9863596481
49.975107638532435,193803.46742222877,,2022-12-01 00:00:00.000 UTC,193803.46742222877
45.48271245513779,135174.6214166695,,2022-11-30 00:00:00.000 UTC,135174.6214166695
41.50050572779544,,94164.64749636786,2022-11-29 00:00:00.000 UTC,94164.64749636786
41.85388695284633,,80568.73238422918,2022-11-28 00:00:00.000 UTC,80568.73238422918
45.766188560492324,,60823.2645968943,2022-11-27 00:00:00.000 UTC,60823.2645968943
46.49843387768772,90532.45075985798,,2022-11-26 00:00:00.000 UTC,90532.45075985798
44.66450219485706,,89239.6753853244,2022-11-25 00:00:00.000 UTC,89239.6753853244
44.96772765258533,114532.80233113484,,2022-11-24 00:00:00.000 UTC,114532.80233113484
41.87674466092684,84088.50327914109,,2022-11-23 00:00:00.000 UTC,84088.50327914109
39.751679826976584,,117903.48236681255,2022-11-22 00:00:00.000 UTC,117903.48236681255
41.49555112451771,,143699.09354420484,2022-11-21 00:00:00.000 UTC,143699.09354420484
44.3166497586361,148682.35994022412,,2022-11-20 00:00:00.000 UTC,148682.35994022412
41.578420841466425,77710.06855270074,,2022-11-19 00:00:00.000 UTC,77710.06855270074
40.270161042910985,65439.01169473035,,2022-11-18 00:00:00.000 UTC,65439.01169473035
39.63322566086181,,59608.37139393616,2022-11-17 00:00:00.000 UTC,59608.37139393616
40.99910219145108,,109426.60374898293,2022-11-16 00:00:00.000 UTC,109426.60374898293
43.072968312593126,119915.14378225926,,2022-11-15 00:00:00.000 UTC,119915.14378225926
40.90301868817313,,140174.6450443693,2022-11-14 00:00:00.000 UTC,140174.6450443693
42.050567178223844,210000.53248804988,,2022-11-13 00:00:00.000 UTC,210000.53248804988
37.31666032819198,144714.0087527285,,2022-11-12 00:00:00.000 UTC,144714.0087527285
33.64787011376609,112350.23830986497,,2022-11-11 00:00:00.000 UTC,112350.23830986497
30.825973516421858,,125430.88623832054,2022-11-10 00:00:00.000 UTC,125430.88623832054
31.899555476225668,,142654.8120896812,2022-11-09 00:00:00.000 UTC,142654.8120896812
36.46719930419928,,149187.31235347927,2022-11-08 00:00:00.000 UTC,149187.31235347927
38.6401742276216,,91654.49326791844,2022-11-07 00:00:00.000 UTC,91654.49326791844
40.572732605927044,,85405.60213547642,2022-11-06 00:00:00.000 UTC,85405.60213547642
42.10646595626714,102739.77693329181,,2022-11-05 00:00:00.000 UTC,102739.77693329181
41.5938050838542,90258.55703196362,,2022-11-04 00:00:00.000 UTC,90258.55703196362
40.75907401945627,,94764.84709523583,2022-11-03 00:00:00.000 UTC,94764.84709523583
41.38082839875328,,110900.6201086588,2022-11-02 00:00:00.000 UTC,110900.6201086588
42.55257243801047,107785.66598548053,,2022-11-01 00:00:00.000 UTC,107785.66598548053
41.87265763020595,,96265.23989184348,2022-10-31 00:00:00.000 UTC,96265.23989184348
42.05617203356086,,141519.0188929323,2022-10-30 00:00:00.000 UTC,141519.0188929323
43.564772047116676,135050.7933460617,,2022-10-29 00:00:00.000 UTC,135050.7933460617
40.12009392692523,,113058.4246860753,2022-10-28 00:00:00.000 UTC,113058.4246860753
41.0224129468619,146655.1262850313,,2022-10-27 00:00:00.000 UTC,146655.1262850313
40.04931079458741,157473.8900443177,,2022-10-26 00:00:00.000 UTC,157473.8900443177
36.71812459120682,121463.55614771218,,2022-10-25 00:00:00.000 UTC,121463.55614771218
36.316543996529454,101504.74047029982,,2022-10-24 00:00:00.000 UTC,101504.74047029982
35.37945402700571,85689.03765340782,,2022-10-23 00:00:00.000 UTC,85689.03765340782
34.95912715305151,89285.61074889355,,2022-10-22 00:00:00.000 UTC,89285.61074889355
34.29975656560948,,111920.10567358373,2022-10-21 00:00:00.000 UTC,111920.10567358373
34.59421617704061,,118692.75570342632,2022-10-20 00:00:00.000 UTC,118692.75570342632
35.58567309261673,,85725.88648011371,2022-10-19 00:00:00.000 UTC,85725.88648011371
37.70773954085558,,36651.92283371162,2022-10-18 00:00:00.000 UTC,36651.92283371162
38.37762186964036,55801.062198457075,,2022-10-17 00:00:00.000 UTC,55801.062198457075
37.28807462264223,,38033.83611509507,2022-10-16 00:00:00.000 UTC,38033.83611509507
37.5193182609132,,39507.8421287416,2022-10-15 00:00:00.000 UTC,39507.8421287416
39.00661865359077,69392.77458473798,,2022-10-14 00:00:00.000 UTC,69392.77458473798
37.16953763747234,,78985.26747962872,2022-10-13 00:00:00.000 UTC,78985.26747962872
39.24419290996521,61338.67351827562,,2022-10-12 00:00:00.000 UTC,61338.67351827562
39.22233588493658,,76797.33366270582,2022-10-11 00:00:00.000 UTC,76797.33366270582
43.62735785964857,,63695.942475086915,2022-10-10 00:00:00.000 UTC,63695.942475086915
46.436817360934945,83029.02944135168,,2022-10-09 00:00:00.000 UTC,83029.02944135168
45.38632788111362,85099.36477708805,,2022-10-08 00:00:00.000 UTC,85099.36477708805
43.8882551240855,,57274.17293693157,2022-10-07 00:00:00.000 UTC,57274.17293693157
47.22917217656984,,138192.55778864335,2022-10-06 00:00:00.000 UTC,138192.55778864335
52.26191915787086,415534.5192242312,,2022-10-05 00:00:00.000 UTC,415534.5192242312
40.6518770189713,50936.80190477104,,2022-10-04 00:00:00.000 UTC,50936.80190477104
37.857764952242924,,48344.36584401421,2022-10-03 00:00:00.000 UTC,48344.36584401421
39.29866383815428,,75571.33056077069,2022-10-02 00:00:00.000 UTC,75571.33056077069
39.77695722150441,,68177.70467765856,2022-10-01 00:00:00.000 UTC,68177.70467765856
40.18909654269757,,68642.97689492744,2022-09-30 00:00:00.000 UTC,68642.97689492744
40.795006095286446,75185.19623361292,,2022-09-29 00:00:00.000 UTC,75185.19623361292
40.26727637892706,,84722.34950126254,2022-09-28 00:00:00.000 UTC,84722.34950126254
42.12966419600257,84217.19872780914,,2022-09-27 00:00:00.000 UTC,84217.19872780914
39.596879797976925,,96735.17734645763,2022-09-26 00:00:00.000 UTC,96735.17734645763
39.794209756974794,,71987.7254503674,2022-09-25 00:00:00.000 UTC,71987.7254503674
40.18871360459081,66431.9435883886,,2022-09-24 00:00:00.000 UTC,66431.9435883886
40.01096287168558,,89344.4800924739,2022-09-23 00:00:00.000 UTC,89344.4800924739
40.703884550143854,,75709.22526326757,2022-09-22 00:00:00.000 UTC,75709.22526326757
40.942798617690976,,85201.96392341492,2022-09-21 00:00:00.000 UTC,85201.96392341492
42.59225255864689,62355.05774585905,,2022-09-20 00:00:00.000 UTC,62355.05774585905
41.06715816620437,,57124.417009190285,2022-09-19 00:00:00.000 UTC,57124.417009190285
42.78712599267904,,91393.30112036242,2022-09-18 00:00:00.000 UTC,91393.30112036242
44.510677605295996,,26528.363852756414,2022-09-17 00:00:00.000 UTC,26528.363852756414
44.763795649193824,,40690.29024511718,2022-09-16 00:00:00.000 UTC,40690.29024511718
46.1406571416791,,49601.206427305035,2022-09-15 00:00:00.000 UTC,49601.206427305035
46.60823261674466,50756.36531963493,,2022-09-14 00:00:00.000 UTC,50756.36531963493
45.513848863151956,,64857.23462999154,2022-09-13 00:00:00.000 UTC,64857.23462999154
46.85363466839332,,61706.236858274,2022-09-12 00:00:00.000 UTC,61706.236858274
49.56203648724815,50900.21147240385,,2022-09-11 00:00:00.000 UTC,50900.21147240385
49.22467774961983,,46911.117895387695,2022-09-10 00:00:00.000 UTC,46911.117895387695
51.907299593741236,,63015.46170680186,2022-09-09 00:00:00.000 UTC,63015.46170680186
52.14111624780456,64446.41968228644,,2022-09-08 00:00:00.000 UTC,64446.41968228644
49.43927345596336,,83997.32560168175,2022-09-07 00:00:00.000 UTC,83997.32560168175
49.922669321848936,,103938.99752808949,2022-09-06 00:00:00.000 UTC,103938.99752808949
52.11538354317126,,143056.7278260051,2022-09-05 00:00:00.000 UTC,143056.7278260051
54.88541847271718,148190.62987633637,,2022-09-04 00:00:00.000 UTC,148190.62987633637
50.66501724696286,102292.66982161802,,2022-09-03 00:00:00.000 UTC,102292.66982161802
49.585764425240946,92824.55100405106,,2022-09-02 00:00:00.000 UTC,92824.55100405106
49.015711279158204,114206.60728043862,,2022-09-01 00:00:00.000 UTC,114206.60728043862
47.904083607562946,148215.23468179975,,2022-08-31 00:00:00.000 UTC,148215.23468179975
44.727788208914326,137180.12643674025,,2022-08-30 00:00:00.000 UTC,137180.12643674025
41.20045221969241,92701.01749430792,,2022-08-29 00:00:00.000 UTC,92701.01749430792
40.98117864810583,119665.04165246902,,2022-08-28 00:00:00.000 UTC,119665.04165246902
36.679396124097025,,118584.48766920567,2022-08-27 00:00:00.000 UTC,118584.48766920567
39.293854971720535,,114148.64869284815,2022-08-26 00:00:00.000 UTC,114148.64869284815
41.115592729596585,34331.51992921315,,2022-08-25 00:00:00.000 UTC,34331.51992921315
41.01424368604179,27766.64297545029,,2022-08-24 00:00:00.000 UTC,27766.64297545029
40.717687711268695,35424.38830880376,,2022-08-23 00:00:00.000 UTC,35424.38830880376
37.517867596225514,39806.45751959527,,2022-08-22 00:00:00.000 UTC,39806.45751959527
34.46608498994408,18956.346744469243,,2022-08-21 00:00:00.000 UTC,18956.346744469243
33.30057822034114,19980.346932204684,,2022-08-20 00:00:00.000 UTC,19980.346932204684
32.273246011017,,36178.30877835006,2022-08-19 00:00:00.000 UTC,36178.30877835006
34.8678778230317,22071.366661979064,,2022-08-18 00:00:00.000 UTC,22071.366661979064
33.592200463398285,,35271.810486568196,2022-08-17 00:00:00.000 UTC,35271.810486568196
36.7307968617091,,25711.55780319637,2022-08-16 00:00:00.000 UTC,25711.55780319637
37.18278367860811,,32386.204584067662,2022-08-15 00:00:00.000 UTC,32386.204584067662
37.566421975221594,,39670.141605834004,2022-08-14 00:00:00.000 UTC,39670.141605834004
41.32082064198609,,53964.99175843383,2022-08-13 00:00:00.000 UTC,53964.99175843383
43.34782094287592,,30863.648511327654,2022-08-12 00:00:00.000 UTC,30863.648511327654
45.35342657204868,39638.89482397055,,2022-08-11 00:00:00.000 UTC,39638.89482397055
42.768617898012664,44992.586028709324,,2022-08-10 00:00:00.000 UTC,44992.586028709324
42.21238511304025,,39932.916316936076,2022-08-09 00:00:00.000 UTC,39932.916316936076
45.555717071078384,57172.42492420337,,2022-08-08 00:00:00.000 UTC,57172.42492420337
42.66069579137694,,36773.51977216692,2022-08-07 00:00:00.000 UTC,36773.51977216692
43.61145036941866,44222.01067459052,,2022-08-06 00:00:00.000 UTC,44222.01067459052
42.89020716168069,50224.43258632809,,2022-08-05 00:00:00.000 UTC,50224.43258632809
41.07685155656255,,34627.78586218223,2022-08-04 00:00:00.000 UTC,34627.78586218223
41.39507025205779,48349.4420544035,,2022-08-03 00:00:00.000 UTC,48349.4420544035
40.654115719923716,50980.26111278434,,2022-08-02 00:00:00.000 UTC,50980.26111278434
40.12412266116211,48349.56780670035,,2022-08-01 00:00:00.000 UTC,48349.56780670035
39.60002568959035,62290.84040972563,,2022-07-31 00:00:00.000 UTC,62290.84040972563
36.38238431116239,43804.39071063952,,2022-07-30 00:00:00.000 UTC,43804.39071063952
32.19240288667512,25013.497042946565,,2022-07-29 00:00:00.000 UTC,25013.497042946565
30.30568352762806,20516.947748204195,,2022-07-28 00:00:00.000 UTC,20516.947748204195
27.064550294453014,14290.082555471192,,2022-07-27 00:00:00.000 UTC,14290.082555471192
24.037611932613064,,11033.263877069396,2022-07-26 00:00:00.000 UTC,11033.263877069396
26.063465776731537,,12588.653970161333,2022-07-25 00:00:00.000 UTC,12588.653970161333
28.20490504940568,10181.970722835451,,2022-07-24 00:00:00.000 UTC,10181.970722835451
26.997365338401544,,10690.956674007011,2022-07-23 00:00:00.000 UTC,10690.956674007011
28.599386562804714,13155.717818890169,,2022-07-22 00:00:00.000 UTC,13155.717818890169
27.23355726369981,,19608.161229863865,2022-07-21 00:00:00.000 UTC,19608.161229863865
28.95599199659369,,16273.267502085653,2022-07-20 00:00:00.000 UTC,16273.267502085653
30.458478927707837,20620.390234058206,,2022-07-19 00:00:00.000 UTC,20620.390234058206
29.360224392688487,,23576.260187328855,2022-07-18 00:00:00.000 UTC,23576.260187328855
29.470287327415825,,30619.62853318504,2022-07-17 00:00:00.000 UTC,30619.62853318504
30.87373380122962,15498.61436821727,,2022-07-16 00:00:00.000 UTC,15498.61436821727
29.986289493554178,22039.92277776232,,2022-07-15 00:00:00.000 UTC,22039.92277776232
27.86671712749807,27838.85041037057,,2022-07-14 00:00:00.000 UTC,27838.85041037057
26.91376020126162,36656.54139411833,,2022-07-13 00:00:00.000 UTC,36656.54139411833
24.41847360573655,20023.148356703972,,2022-07-12 00:00:00.000 UTC,20023.148356703972
22.842948384843673,,18754.060623956655,2022-07-11 00:00:00.000 UTC,18754.060623956655
25.1896727380503,23904.999428409737,,2022-07-10 00:00:00.000 UTC,23904.999428409737
25.11966893060431,21477.316935666684,,2022-07-09 00:00:00.000 UTC,21477.316935666684
22.03088915701914,10971.382800195532,,2022-07-08 00:00:00.000 UTC,10971.382800195532
20.57184749503547,11396.803512249651,,2022-07-07 00:00:00.000 UTC,11396.803512249651
18.146332184812618,5498.338651998223,,2022-07-06 00:00:00.000 UTC,5498.338651998223
17.478660003679103,3792.869220798365,,2022-07-05 00:00:00.000 UTC,3792.869220798365
16.780154611413092,2550.58350093479,,2022-07-04 00:00:00.000 UTC,2550.58350093479
16.288286512538672,2264.0718252428755,,2022-07-03 00:00:00.000 UTC,2264.0718252428755
15.762277642175421,,2064.8583711249803,2022-07-02 00:00:00.000 UTC,2064.8583711249803
15.826921625890709,3339.4804630629396,,2022-07-01 00:00:00.000 UTC,3339.4804630629396
15.305771601265493,,6397.812529328976,2022-06-30 00:00:00.000 UTC,6397.812529328976
17.896401891225924,,9324.025385328707,2022-06-29 00:00:00.000 UTC,9324.025385328707
19.39956219989312,10766.75702094068,,2022-06-28 00:00:00.000 UTC,10766.75702094068
18.95708030267493,,5421.724966565031,2022-06-27 00:00:00.000 UTC,5421.724966565031
19.50317055586162,4602.748251183342,,2022-06-26 00:00:00.000 UTC,4602.748251183342
19.119856739425014,5162.361319644754,,2022-06-25 00:00:00.000 UTC,5162.361319644754
17.99681188671447,7126.7375071389315,,2022-06-24 00:00:00.000 UTC,7126.7375071389315
17.148919655124118,7974.247639632716,,2022-06-23 00:00:00.000 UTC,7974.247639632716
17.026303323049707,,6214.600712913143,2022-06-22 00:00:00.000 UTC,6214.600712913143
17.49495493013473,7715.275124189415,,2022-06-21 00:00:00.000 UTC,7715.275124189415
17.18086810774266,7628.305439837742,,2022-06-20 00:00:00.000 UTC,7628.305439837742
15.189080091876704,6060.442956658805,,2022-06-19 00:00:00.000 UTC,6060.442956658805
14.492567544840998,,7014.402691703043,2022-06-18 00:00:00.000 UTC,7014.402691703043
14.496579742876227,5871.114795864872,,2022-06-17 00:00:00.000 UTC,5871.114795864872
14.382516421154223,5105.793329509749,,2022-06-16 00:00:00.000 UTC,5105.793329509749
13.383747927518733,,9368.623549263113,2022-06-15 00:00:00.000 UTC,9368.623549263113
14.00958203760358,6458.417319335251,,2022-06-14 00:00:00.000 UTC,6458.417319335251
13.950270569255089,,9221.128846277614,2022-06-13 00:00:00.000 UTC,9221.128846277614
16.00933412651496,,7508.377705335517,2022-06-12 00:00:00.000 UTC,7508.377705335517
16.40639596015825,,8137.572396238492,2022-06-11 00:00:00.000 UTC,8137.572396238492
18.518082094115552,,6259.111747811056,2022-06-10 00:00:00.000 UTC,6259.111747811056
19.5494406147467,,10263.456322742019,2022-06-09 00:00:00.000 UTC,10263.456322742019
20.377543014261953,11676.3321471721,,2022-06-08 00:00:00.000 UTC,11676.3321471721
20.115749278603605,,10138.337636416218,2022-06-07 00:00:00.000 UTC,10138.337636416218
22.624453708140365,6561.091575360706,,2022-06-06 00:00:00.000 UTC,6561.091575360706
21.86656749547476,4329.580364104003,,2022-06-05 00:00:00.000 UTC,4329.580364104003
21.43127723932085,4179.099061667565,,2022-06-04 00:00:00.000 UTC,4179.099061667565
21.071221665415873,6173.867947966851,,2022-06-03 00:00:00.000 UTC,6173.867947966851
19.274655195379083,,8133.904492449973,2022-06-02 00:00:00.000 UTC,8133.904492449973
19.74906163446505,,5292.748518036634,2022-06-01 00:00:00.000 UTC,5292.748518036634
21.15159194576294,,6197.416440108542,2022-05-31 00:00:00.000 UTC,6197.416440108542
21.577321282372477,6991.052095488682,,2022-05-30 00:00:00.000 UTC,6991.052095488682
19.174595116978367,3892.442808746608,,2022-05-29 00:00:00.000 UTC,3892.442808746608
18.570426494568935,3008.4090921201673,,2022-05-28 00:00:00.000 UTC,3008.4090921201673
18.345423722639712,,4769.810167886325,2022-05-27 00:00:00.000 UTC,4769.810167886325
20.1753475438931,,4680.680630183199,2022-05-26 00:00:00.000 UTC,4680.680630183199
20.666401024113416,4629.273829401405,,2022-05-25 00:00:00.000 UTC,4629.273829401405
19.72744663966389,,4004.671667851769,2022-05-24 00:00:00.000 UTC,4004.671667851769
20.844515322396052,5148.595284631825,,2022-05-23 00:00:00.000 UTC,5148.595284631825
19.720754768237626,4752.701899145268,,2022-05-22 00:00:00.000 UTC,4752.701899145268
18.48258807945485,,4583.681843704802,2022-05-21 00:00:00.000 UTC,4583.681843704802
18.634451083403984,5217.646303353115,,2022-05-20 00:00:00.000 UTC,5217.646303353115
18.41107903731724,,6572.7552163222545,2022-05-19 00:00:00.000 UTC,6572.7552163222545
20.01982287634888,,4224.182626909614,2022-05-18 00:00:00.000 UTC,4224.182626909614
21.060771287900792,4022.607315989051,,2022-05-17 00:00:00.000 UTC,4022.607315989051
20.419083018688667,,4083.816603737733,2022-05-16 00:00:00.000 UTC,4083.816603737733
21.511519592304488,6195.317642583693,,2022-05-15 00:00:00.000 UTC,6195.317642583693
20.704406583508923,,3788.906404782133,2022-05-14 00:00:00.000 UTC,3788.906404782133
22.5047560203238,8259.245459458834,,2022-05-13 00:00:00.000 UTC,8259.245459458834
18.748345700490834,,16929.756167543223,2022-05-12 00:00:00.000 UTC,16929.756167543223
26.36397382096438,,16767.487350133346,2022-05-11 00:00:00.000 UTC,16767.487350133346
27.631177687951244,9173.550992399812,,2022-05-10 00:00:00.000 UTC,9173.550992399812
26.470050271464746,,11593.882018901559,2022-05-09 00:00:00.000 UTC,11593.882018901559
27.84723206733025,,7045.349713034553,2022-05-08 00:00:00.000 UTC,7045.349713034553
28.647551029406348,,7734.8387779397135,2022-05-07 00:00:00.000 UTC,7734.8387779397135
30.5790418221728,,9234.870630296185,2022-05-06 00:00:00.000 UTC,9234.870630296185
30.59542054337071,13859.725506146931,,2022-05-05 00:00:00.000 UTC,13859.725506146931
29.992237315661335,10317.3296365875,,2022-05-04 00:00:00.000 UTC,10317.3296365875
27.844779330991773,5875.248438839264,,2022-05-03 00:00:00.000 UTC,5875.248438839264
26.697921496239555,6994.855432014763,,2022-05-02 00:00:00.000 UTC,6994.855432014763
26.290305598707096,,4600.803479773742,2022-05-01 00:00:00.000 UTC,4600.803479773742
27.238590747598167,,5692.865466248017,2022-04-30 00:00:00.000 UTC,5692.865466248017
28.64594681291108,,7419.30022454397,2022-04-29 00:00:00.000 UTC,7419.30022454397
29.357302506674035,,6810.894181548376,2022-04-28 00:00:00.000 UTC,6810.894181548376
30.09473211898552,,8908.040707219714,2022-04-27 00:00:00.000 UTC,8908.040707219714
31.018627284836757,7258.358784651801,,2022-04-26 00:00:00.000 UTC,7258.358784651801
30.362662935438664,,11446.723926660376,2022-04-25 00:00:00.000 UTC,11446.723926660376
31.489283452287616,,7305.513760930727,2022-04-24 00:00:00.000 UTC,7305.513760930727
31.599579584915777,,12481.833936041732,2022-04-23 00:00:00.000 UTC,12481.833936041732
34.72592269863078,,8021.688143383711,2022-04-22 00:00:00.000 UTC,8021.688143383711
36.52601895214791,,10811.70160983578,2022-04-21 00:00:00.000 UTC,10811.70160983578
37.01263252995111,,20208.89736135331,2022-04-20 00:00:00.000 UTC,20208.89736135331
38.181830011938985,11416.367173569757,,2022-04-19 00:00:00.000 UTC,11416.367173569757
35.09492178363055,,10984.71051827636,2022-04-18 00:00:00.000 UTC,10984.71051827636
36.02336881426267,,5871.809116724815,2022-04-17 00:00:00.000 UTC,5871.809116724815
36.15657915986229,6978.219777853422,,2022-04-16 00:00:00.000 UTC,6978.219777853422
35.14338919942719,,9488.715083845342,2022-04-15 00:00:00.000 UTC,9488.715083845342
36.36766191803645,12583.21102364061,,2022-04-14 00:00:00.000 UTC,12583.21102364061
35.72835650289952,21401.285545236813,,2022-04-13 00:00:00.000 UTC,21401.285545236813
30.19992954384383,18452.15695128858,,2022-04-12 00:00:00.000 UTC,18452.15695128858
30.118412377315373,,26263.255593019006,2022-04-11 00:00:00.000 UTC,26263.255593019006
36.69086457689099,11154.022831374861,,2022-04-10 00:00:00.000 UTC,11154.022831374861
35.804429777427494,,9309.15174213115,2022-04-09 00:00:00.000 UTC,9309.15174213115
38.167026766014295,15839.316107895933,,2022-04-08 00:00:00.000 UTC,15839.316107895933
36.69949298587495,,9982.262092157986,2022-04-07 00:00:00.000 UTC,9982.262092157986
39.07396908941105,,11487.74691228685,2022-04-06 00:00:00.000 UTC,11487.74691228685
42.451537458449046,11928.882025824181,,2022-04-05 00:00:00.000 UTC,11928.882025824181
39.25115906941789,,13266.891765463246,2022-04-04 00:00:00.000 UTC,13266.891765463246
39.83957035338845,,9003.74289986579,2022-04-03 00:00:00.000 UTC,9003.74289986579
41.67272326207377,,13793.671399746418,2022-04-02 00:00:00.000 UTC,13793.671399746418
42.83975023884518,32729.569182477713,,2022-04-01 00:00:00.000 UTC,32729.569182477713
37.19057067483922,28339.214854227488,,2022-03-31 00:00:00.000 UTC,28339.214854227488
31.625205225459766,14009.965914878676,,2022-03-30 00:00:00.000 UTC,14009.965914878676
28.500153697388413,13936.575158022933,,2022-03-29 00:00:00.000 UTC,13936.575158022933
28.2079621334187,,8659.84437495954,2022-03-28 00:00:00.000 UTC,8659.84437495954
28.836750491590447,4613.880078654472,,2022-03-27 00:00:00.000 UTC,4613.880078654472
28.770295629689745,3193.5028148955616,,2022-03-26 00:00:00.000 UTC,3193.5028148955616
28.64450211367126,7533.504055895541,,2022-03-25 00:00:00.000 UTC,7533.504055895541
27.11848186356967,,8325.373932115888,2022-03-24 00:00:00.000 UTC,8325.373932115888
27.89651080604437,,3989.201045264345,2022-03-23 00:00:00.000 UTC,3989.201045264345
29.95608559338973,5212.358893249813,,2022-03-22 00:00:00.000 UTC,5212.358893249813
28.49845111585073,,5443.20416312749,2022-03-21 00:00:00.000 UTC,5443.20416312749
28.949450877211515,,4574.013238599419,2022-03-20 00:00:00.000 UTC,4574.013238599419
29.289057886773502,5477.053824826645,,2022-03-19 00:00:00.000 UTC,5477.053824826645
27.13337099378991,6376.342183540629,,2022-03-18 00:00:00.000 UTC,6376.342183540629
24.818706745504215,5038.197469337356,,2022-03-17 00:00:00.000 UTC,5038.197469337356
22.554181030110772,4939.365645594259,,2022-03-16 00:00:00.000 UTC,4939.365645594259
21.21493713964532,,4349.06211362729,2022-03-15 00:00:00.000 UTC,4349.06211362729
21.383444200191807,,8275.39290547423,2022-03-14 00:00:00.000 UTC,8275.39290547423
23.611702699581652,,2786.180918550635,2022-03-13 00:00:00.000 UTC,2786.180918550635
23.75587559630266,,2209.2964304561474,2022-03-12 00:00:00.000 UTC,2209.2964304561474
24.31710601630793,,4668.884355131122,2022-03-11 00:00:00.000 UTC,4668.884355131122
24.41025950450623,,3685.9491851804405,2022-03-10 00:00:00.000 UTC,3685.9491851804405
25.533264879163745,8119.578231574071,,2022-03-09 00:00:00.000 UTC,8119.578231574071
23.774364556946914,4802.421640503277,,2022-03-08 00:00:00.000 UTC,4802.421640503277
23.460945046419923,,5583.704921047942,2022-03-07 00:00:00.000 UTC,5583.704921047942
25.534345567277036,,4085.495290764326,2022-03-06 00:00:00.000 UTC,4085.495290764326
27.336549911399416,,3690.434238038921,2022-03-05 00:00:00.000 UTC,3690.434238038921
27.437354224573095,,8313.518330045648,2022-03-04 00:00:00.000 UTC,8313.518330045648
30.56229927756904,,6204.146753346515,2022-03-03 00:00:00.000 UTC,6204.146753346515
32.34180355838137,5950.891854742173,,2022-03-02 00:00:00.000 UTC,5950.891854742173
31.532461727934542,9806.595597387643,,2022-03-01 00:00:00.000 UTC,9806.595597387643
26.515007914685025,,4534.066353411139,2022-02-28 00:00:00.000 UTC,4534.066353411139
27.172671950214134,,4103.073464482334,2022-02-27 00:00:00.000 UTC,4103.073464482334
28.762814847582845,3422.7749668623587,,2022-02-26 00:00:00.000 UTC,3422.7749668623587
27.145642380273948,7383.614727434514,,2022-02-25 00:00:00.000 UTC,7383.614727434514
23.34792538805027,,14102.146934382365,2022-02-24 00:00:00.000 UTC,14102.146934382365
28.600397860666472,7293.10145446995,,2022-02-23 00:00:00.000 UTC,7293.10145446995
26.53109498080837,,7030.740169914217,2022-02-22 00:00:00.000 UTC,7030.740169914217
28.64205410509034,6415.820119540236,,2022-02-21 00:00:00.000 UTC,6415.820119540236
27.963730252140362,,8948.393680684916,2022-02-20 00:00:00.000 UTC,8948.393680684916
31.685097183052065,,3897.266953515404,2022-02-19 00:00:00.000 UTC,3897.266953515404
33.09683684084298,,6089.817978715109,2022-02-18 00:00:00.000 UTC,6089.817978715109
34.26470599137208,,8908.823557756741,2022-02-17 00:00:00.000 UTC,8908.823557756741
37.65129867687247,8207.983111558198,,2022-02-16 00:00:00.000 UTC,8207.983111558198
36.40498513532431,9319.676194643023,,2022-02-15 00:00:00.000 UTC,9319.676194643023
33.51802213725925,,11798.343792315256,2022-02-14 00:00:00.000 UTC,11798.343792315256
35.43214166043798,,9460.38182333694,2022-02-13 00:00:00.000 UTC,9460.38182333694
35.96652422436406,,11545.254276020863,2022-02-12 00:00:00.000 UTC,11545.254276020863
38.71366662614694,,17614.718314896858,2022-02-11 00:00:00.000 UTC,17614.718314896858
44.214427113629846,,12380.039591816356,2022-02-10 00:00:00.000 UTC,12380.039591816356
44.876228634354874,18040.24391101066,,2022-02-09 00:00:00.000 UTC,18040.24391101066
42.32026455703166,12399.837515210278,,2022-02-08 00:00:00.000 UTC,12399.837515210278
41.10866032829218,20019.917579878293,,2022-02-07 00:00:00.000 UTC,20019.917579878293
39.54503346183809,,17518.449823594274,2022-02-06 00:00:00.000 UTC,17518.449823594274
45.339059419078836,9249.168121492083,,2022-02-05 00:00:00.000 UTC,9249.168121492083
41.32084424087514,9751.719240846533,,2022-02-04 00:00:00.000 UTC,9751.719240846533
36.996948916703204,,7806.356221424377,2022-02-03 00:00:00.000 UTC,7806.356221424377
38.98998358172174,,9864.465846175599,2022-02-02 00:00:00.000 UTC,9864.465846175599
42.39229244175786,9580.658091837277,,2022-02-01 00:00:00.000 UTC,9580.658091837277
37.56530860161365,,13899.164182597051,2022-01-31 00:00:00.000 UTC,13899.164182597051
38.96955131711958,,13600.373409674734,2022-01-30 00:00:00.000 UTC,13600.373409674734
42.505172682961216,9308.632817568507,,2022-01-29 00:00:00.000 UTC,9308.632817568507
36.68936363801193,,12657.830455114117,2022-01-28 00:00:00.000 UTC,12657.830455114117
37.73159597395256,,17847.04489567956,2022-01-27 00:00:00.000 UTC,17847.04489567956
43.76880542853141,16019.382786842494,,2022-01-26 00:00:00.000 UTC,16019.382786842494
43.48078439759914,17305.352190244455,,2022-01-25 00:00:00.000 UTC,17305.352190244455
37.390159753618356,,21985.41393512759,2022-01-24 00:00:00.000 UTC,21985.41393512759
38.10048880991752,9334.619758429793,,2022-01-23 00:00:00.000 UTC,9334.619758429793
36.080964962850935,,18798.182745645336,2022-01-22 00:00:00.000 UTC,18798.182745645336
44.4411394379462,,33730.824833401166,2022-01-21 00:00:00.000 UTC,33730.824833401166
57.4483124043353,28322.0180153373,,2022-01-20 00:00:00.000 UTC,28322.0180153373
54.70782379062985,21226.635630764384,,2022-01-19 00:00:00.000 UTC,21226.635630764384
48.96377849870753,,18655.19960800757,2022-01-18 00:00:00.000 UTC,18655.19960800757
50.07623892897755,,26089.720481997305,2022-01-17 00:00:00.000 UTC,26089.720481997305
57.30711578330619,44413.01473206229,,2022-01-16 00:00:00.000 UTC,44413.01473206229
49.97442763222204,27835.756191147677,,2022-01-15 00:00:00.000 UTC,27835.756191147677
41.871831445133644,,10216.72687261261,2022-01-14 00:00:00.000 UTC,10216.72687261261
42.68630425721799,14513.343447454117,,2022-01-13 00:00:00.000 UTC,14513.343447454117
39.78337573895296,10622.16132230044,,2022-01-12 00:00:00.000 UTC,10622.16132230044
38.88995593751829,9800.268896254609,,2022-01-11 00:00:00.000 UTC,9800.268896254609
37.54024600566645,17869.15709869723,,2022-01-10 00:00:00.000 UTC,17869.15709869723
35.83926445215873,4587.425849876317,,2022-01-09 00:00:00.000 UTC,4587.425849876317
33.568030652468515,8492.711755074535,,2022-01-08 00:00:00.000 UTC,8492.711755074535
29.111118252585324,,7132.223971883404,2022-01-07 00:00:00.000 UTC,7132.223971883404
32.03328560277707,,7687.988544666497,2022-01-06 00:00:00.000 UTC,7687.988544666497
34.95103998723441,8982.417276719243,,2022-01-05 00:00:00.000 UTC,8982.417276719243
33.75508903597501,7459.874676950477,,2022-01-04 00:00:00.000 UTC,7459.874676950477
30.4022356961734,7600.55892404335,,2022-01-03 00:00:00.000 UTC,7600.55892404335
28.31386768915998,6908.583716155035,,2022-01-02 00:00:00.000 UTC,6908.583716155035
22.24829879299787,,2402.81626964377,2022-01-01 00:00:00.000 UTC,2402.81626964377
22.48850170847469,2136.4076623050955,,2021-12-31 00:00:00.000 UTC,2136.4076623050955
21.817051629536984,,1810.8152852515695,2021-12-30 00:00:00.000 UTC,1810.8152852515695
22.265052164236746,1803.4692253031765,,2021-12-29 00:00:00.000 UTC,1803.4692253031765
22.21913911882279,,2599.6392769022664,2021-12-28 00:00:00.000 UTC,2599.6392769022664
24.46353892698469,2030.4737309397292,,2021-12-27 00:00:00.000 UTC,2030.4737309397292
23.493002073466585,1621.0171430691944,,2021-12-26 00:00:00.000 UTC,1621.0171430691944
22.360222499229323,,2124.221137426786,2021-12-25 00:00:00.000 UTC,2124.221137426786
24.95828811574288,1647.2470156390302,,2021-12-24 00:00:00.000 UTC,1647.2470156390302
24.953536949002007,,2570.2143057472067,2021-12-23 00:00:00.000 UTC,2570.2143057472067
25.17352578787571,2164.9232177573112,,2021-12-22 00:00:00.000 UTC,2164.9232177573112
24.901912221996387,1917.4472410937217,,2021-12-21 00:00:00.000 UTC,1917.4472410937217
23.506461628655657,1904.0233919211082,,2021-12-20 00:00:00.000 UTC,1904.0233919211082
23.190456359361036,,1414.6178379210232,2021-12-19 00:00:00.000 UTC,1414.6178379210232
24.1386361296012,,1786.2590735904887,2021-12-18 00:00:00.000 UTC,1786.2590735904887
25.013726061120742,,2601.4275103565574,2021-12-17 00:00:00.000 UTC,2601.4275103565574
26.43383279406985,3409.964430435011,,2021-12-16 00:00:00.000 UTC,3409.964430435011
22.512615585927104,3331.8671067172113,,2021-12-15 00:00:00.000 UTC,3331.8671067172113
21.452217989448524,,2574.266158733823,2021-12-14 00:00:00.000 UTC,2574.266158733823
21.467618123072775,,4143.250297753046,2021-12-13 00:00:00.000 UTC,4143.250297753046
24.727776039196588,1953.4943070965305,,2021-12-12 00:00:00.000 UTC,1953.4943070965305
22.824434127780645,,3012.825304867045,2021-12-11 00:00:00.000 UTC,3012.825304867045
23.075631760792366,,4868.958301527189,2021-12-10 00:00:00.000 UTC,4868.958301527189
26.20805821331601,,3197.3831020245534,2021-12-09 00:00:00.000 UTC,3197.3831020245534
27.96555179526856,,3887.21169954233,2021-12-08 00:00:00.000 UTC,3887.21169954233
28.274369130391296,4410.801584341042,,2021-12-07 00:00:00.000 UTC,4410.801584341042
26.441499039244963,,4362.847341475419,2021-12-06 00:00:00.000 UTC,4362.847341475419
29.48148941450439,3803.1121344710664,,2021-12-05 00:00:00.000 UTC,3803.1121344710664
27.615351404129367,,6020.146606100202,2021-12-04 00:00:00.000 UTC,6020.146606100202
29.936944695662323,,4939.595874784283,2021-12-03 00:00:00.000 UTC,4939.595874784283
31.769845905303065,,2986.3655150984882,2021-12-02 00:00:00.000 UTC,2986.3655150984882
33.61127505994595,,3697.2402565940547,2021-12-01 00:00:00.000 UTC,3697.2402565940547
33.71597146293045,,4281.928375792167,2021-11-30 00:00:00.000 UTC,4281.928375792167
35.20214443057954,3731.427309641431,,2021-11-29 00:00:00.000 UTC,3731.427309641431
32.113388719273516,,5780.409969469233,2021-11-28 00:00:00.000 UTC,5780.409969469233
34.61008742153905,,4118.600403163146,2021-11-27 00:00:00.000 UTC,4118.600403163146
36.62751987405497,,9083.624928765632,2021-11-26 00:00:00.000 UTC,9083.624928765632
39.92524660920139,8544.002774369097,,2021-11-25 00:00:00.000 UTC,8544.002774369097
38.13765952845491,7398.705948520253,,2021-11-24 00:00:00.000 UTC,7398.705948520253
38.049321966040054,,9322.083881679813,2021-11-23 00:00:00.000 UTC,9322.083881679813
39.38285533829497,11342.262337428952,,2021-11-22 00:00:00.000 UTC,11342.262337428952
38.8536006053842,,17522.973873028273,2021-11-21 00:00:00.000 UTC,17522.973873028273
41.18204104907842,26150.5960661648,,2021-11-20 00:00:00.000 UTC,26150.5960661648
31.952393437444545,8371.52708061047,,2021-11-19 00:00:00.000 UTC,8371.52708061047
26.813795957653184,,3995.2555976903245,2021-11-18 00:00:00.000 UTC,3995.2555976903245
27.816568939975742,,2531.3077735377924,2021-11-17 00:00:00.000 UTC,2531.3077735377924
28.038900509121948,,4794.651987059853,2021-11-16 00:00:00.000 UTC,4794.651987059853
31.064237263195647,3758.772708846673,,2021-11-15 00:00:00.000 UTC,3758.772708846673
29.71791741385918,,3566.1500896631014,2021-11-14 00:00:00.000 UTC,3566.1500896631014
30.883538024351047,3242.77149255686,,2021-11-13 00:00:00.000 UTC,3242.77149255686
30.309553320788737,,5516.33870438355,2021-11-12 00:00:00.000 UTC,5516.33870438355
32.37629008851075,5698.227055577892,,2021-11-11 00:00:00.000 UTC,5698.227055577892
30.13116638841788,,8045.021425707574,2021-11-10 00:00:00.000 UTC,8045.021425707574
32.67277696853488,,6632.573724612581,2021-11-09 00:00:00.000 UTC,6632.573724612581
33.75581360186153,,5029.616226677368,2021-11-08 00:00:00.000 UTC,5029.616226677368
35.53255557440442,,3801.983446461273,2021-11-07 00:00:00.000 UTC,3801.983446461273
35.94358650391821,,3306.8099583604753,2021-11-06 00:00:00.000 UTC,3306.8099583604753
36.84030874277163,5599.726928901288,,2021-11-05 00:00:00.000 UTC,5599.726928901288
35.63351996111433,,7875.007911406266,2021-11-04 00:00:00.000 UTC,7875.007911406266
36.82518586829072,6076.155668267968,,2021-11-03 00:00:00.000 UTC,6076.155668267968
34.441971771777496,,5958.4611165175065,2021-11-02 00:00:00.000 UTC,5958.4611165175065
36.04035923960378,5550.215322898982,,2021-11-01 00:00:00.000 UTC,5550.215322898982
36.01732680356005,,4286.0618896236465,2021-10-31 00:00:00.000 UTC,4286.0618896236465
37.326011866285505,,4105.861305291405,2021-10-30 00:00:00.000 UTC,4105.861305291405
38.83280859644698,6057.9181410457295,,2021-10-29 00:00:00.000 UTC,6057.9181410457295
36.12585813629091,8597.954236437236,,2021-10-28 00:00:00.000 UTC,8597.954236437236
32.950584946014516,,6260.6111397427585,2021-10-27 00:00:00.000 UTC,6260.6111397427585
33.428289730929485,,7521.365189459134,2021-10-26 00:00:00.000 UTC,7521.365189459134
34.74356987440692,7018.201114630198,,2021-10-25 00:00:00.000 UTC,7018.201114630198
34.53478581372916,7666.722450647873,,2021-10-24 00:00:00.000 UTC,7666.722450647873
32.42656115391011,7166.270015014134,,2021-10-23 00:00:00.000 UTC,7166.270015014134
29.313008820584,11344.134413566007,,2021-10-22 00:00:00.000 UTC,11344.134413566007
25.017049180675873,4603.13704924436,,2021-10-21 00:00:00.000 UTC,4603.13704924436
23.54360394170137,4049.4998779726357,,2021-10-20 00:00:00.000 UTC,4049.4998779726357
22.644074347837822,3215.4585573929708,,2021-10-19 00:00:00.000 UTC,3215.4585573929708
22.45694741419447,3660.482428513699,,2021-10-18 00:00:00.000 UTC,3660.482428513699
21.023893708113043,,3532.014142962991,2021-10-17 00:00:00.000 UTC,3532.014142962991
22.404575798608537,,1926.793518680334,2021-10-16 00:00:00.000 UTC,1926.793518680334
22.533038404369567,,2681.4315701199785,2021-10-15 00:00:00.000 UTC,2681.4315701199785
23.106326394522107,4112.926098224935,,2021-10-14 00:00:00.000 UTC,4112.926098224935
21.108586895037003,,5847.07856992525,2021-10-13 00:00:00.000 UTC,5847.07856992525
22.936919345986645,,3325.853305168064,2021-10-12 00:00:00.000 UTC,3325.853305168064
23.010558219237875,,3405.5626164472055,2021-10-11 00:00:00.000 UTC,3405.5626164472055
23.830020963224534,2859.6025155869443,,2021-10-10 00:00:00.000 UTC,2859.6025155869443
23.320414364208755,,2541.9251656987544,2021-10-09 00:00:00.000 UTC,2541.9251656987544
23.36614667575611,,3294.6266812816116,2021-10-08 00:00:00.000 UTC,3294.6266812816116
23.931978675670756,,3829.116588107321,2021-10-07 00:00:00.000 UTC,3829.116588107321
25.303950095379857,6351.291473940344,,2021-10-06 00:00:00.000 UTC,6351.291473940344
24.2305163121167,11146.037503573682,,2021-10-05 00:00:00.000 UTC,11146.037503573682
19.68000482770886,4447.6810910622025,,2021-10-04 00:00:00.000 UTC,4447.6810910622025
18.86920219316944,4528.608526360666,,2021-10-03 00:00:00.000 UTC,4528.608526360666
16.69137920483416,,2320.101709471948,2021-10-02 00:00:00.000 UTC,2320.101709471948
16.756069812150727,2580.434751071212,,2021-10-01 00:00:00.000 UTC,2580.434751071212
16.18799813935215,2185.37974881254,,2021-09-30 00:00:00.000 UTC,2185.37974881254
15.234917111111683,,2300.472483777864,2021-09-29 00:00:00.000 UTC,2300.472483777864
15.61529831151498,,3560.2880150254155,2021-09-28 00:00:00.000 UTC,3560.2880150254155
18.256362167971833,5111.781407032113,,2021-09-27 00:00:00.000 UTC,5111.781407032113
16.70291988118901,5612.181080079507,,2021-09-26 00:00:00.000 UTC,5612.181080079507
13.36368330571702,,1857.5519794946658,2021-09-25 00:00:00.000 UTC,1857.5519794946658
13.731732097576943,,2938.5906688814657,2021-09-24 00:00:00.000 UTC,2938.5906688814657
14.796386075460637,3299.594094827722,,2021-09-23 00:00:00.000 UTC,3299.594094827722
13.049830418600942,3262.4576046502357,,2021-09-22 00:00:00.000 UTC,3262.4576046502357
12.295544994978693,5311.675437830795,,2021-09-21 00:00:00.000 UTC,5311.675437830795
11.813074737838372,,8777.11453021391,2021-09-20 00:00:00.000 UTC,8777.11453021391
15.7178236571435,,5752.723458514521,2021-09-19 00:00:00.000 UTC,5752.723458514521
17.855170454661867,,8695.46801142033,2021-09-18 00:00:00.000 UTC,8695.46801142033
19.952492139851564,,8799.04903367454,2021-09-17 00:00:00.000 UTC,8799.04903367454
21.151865290336474,15081.279952009907,,2021-09-16 00:00:00.000 UTC,15081.279952009907
19.94517248051131,,18469.229716953472,2021-09-15 00:00:00.000 UTC,18469.229716953472
20.264192507242704,21398.987287648295,,2021-09-14 00:00:00.000 UTC,21398.987287648295
14.874929432114245,,13491.56099492762,2021-09-13 00:00:00.000 UTC,13491.56099492762
16.281044232393718,32334.15384553392,,2021-09-12 00:00:00.000 UTC,32334.15384553392
12.028329647948345,22132.126552224956,,2021-09-11 00:00:00.000 UTC,22132.126552224956
4.93572905863099,1006.8887279607219,,2021-09-10 00:00:00.000 UTC,1006.8887279607219
3.6715332682017694,297.3941947243433,,2021-09-09 00:00:00.000 UTC,297.3941947243433
3.219608905862682,,157.7608363872714,2021-09-08 00:00:00.000 UTC,157.7608363872714
3.500060882844843,,651.0113242091408,2021-09-07 00:00:00.000 UTC,651.0113242091408
4.3829547530675494,3006.706960604339,,2021-09-06 00:00:00.000 UTC,3006.706960604339
1.9364699514791543,,,2021-08-31 00:00:00.000 UTC,3.8729399029583087
