date,bonded_percent,apr,percent_change_1h,percent_change_24h,percent_change_7d,percent_change_30d,price,volume_24h,market_cap,total_supply,circulating_supply,token,bonded_tokens
2023-08-13,0.461,17.78%,,,,,,,,,,,
2023-08-14,0.461,17.76%,,,,,,,,,,,
2023-08-15,0.462,17.72%,,,,,,,,,,,
2023-08-16,0.46399999999999997,17.65%,,,,,,,,,,,
2023-08-17,0.46399999999999997,17.65%,,,,,,,,,,,
2023-08-18,0.45,18.19%,,,,,,,,,,,
2023-08-19,0.451,18.15%,,,,,,,,,,,
2023-08-20,0.451,18.11%,,,,,,,,,,,
2023-08-21,0.452,18.10%,,,,,,,,,,,
2023-08-22,0.452,18.09%,,,,,,,,,,,
2023-08-23,0.452,18.06%,,,,,,,,,,,
2023-08-24,0.45,18.13%,,,,,,,,,,,
2023-08-25,0.515,15.87%,,,,,,,,,,,
2023-08-26,0.44299999999999995,18.44%,,,,,,,,,,,
2023-08-27,0.441,18.51%,,,,,,,,,,,
2023-08-28,0.441,18.51%,,,,,,,,,,,
2023-08-29,0.44299999999999995,18.42%,,,,,,,,,,,
2023-08-30,0.44299999999999995,18.39%,,,,,,,,,,,
2023-08-31,0.44299999999999995,18.38%,0.034413773963,-2.11099523188,-8.86511009874,-21.202482189129,0.377263902621548,4017289.68,185836712.89017823,587378721.0,492590761.0,Osmosis,218217707.0
2023-09-01,0.44299999999999995,18.38%,-0.090983284896,-4.232712625776,-10.396654465993,-24.578740332688,0.3612954057827899,7147480.79,177970778.88034827,587378721.0,492590761.0,Osmosis,218217707.0
2023-09-02,0.44299999999999995,18.40%,0.099973583168,-2.545687621662,-11.524976041654,-24.971567846629,0.3520979533601423,3549633.07,173440198.79221502,587378721.0,492590761.0,Osmosis,218217707.0
2023-09-03,0.44299999999999995,18.39%,0.185478485854,1.081512801085,-7.671440483725,-23.443686788262,0.35590593779809065,3136579.67,175315976.74438015,587378721.0,492590761.0,Osmosis,218217707.0
2023-09-04,0.44299999999999995,18.38%,0.03726771913,0.120103556012,-5.586380619642,-22.478089180399,0.3563333934854448,2880888.61,175526537.4667077,587378721.0,492590761.0,Osmosis,218217707.0
2023-09-05,0.44299999999999995,18.36%,0.166342435515,-0.611536220452,-6.562000458171,-22.75474374161,0.35415428571871654,3543077.73,174453129.11359403,587378721.0,492590761.0,Osmosis,218217707.0
2023-09-06,0.513,15.86%,0.289939282957,1.233739765556,-6.973551181907,-21.303596605985,0.3585236279730476,4044527.84,176605426.7397244,587378721.0,492590761.0,Osmosis,252699060.0
2023-09-07,0.513,15.86%,0.579490240902,0.499506729429,-4.492723762439,-20.855385670783,0.36031447762136504,3810860.97,177487582.73082566,587378721.0,492590761.0,Osmosis,252699060.0
2023-09-08,0.505,16.12%,0.000642967145,-0.728213397554,-0.997739357627,-21.774242195259,0.35769061932199797,4736073.0,176195094.37438428,587378721.0,492590761.0,Osmosis,248758334.0
2023-09-09,0.504,16.12%,-0.030150550629,-2.079614402989,-0.524263108629,-23.056404419771,0.35025203368443686,4254542.71,172530915.81441438,587378721.0,492590761.0,Osmosis,248265744.0
2023-09-10,0.505,16.11%,0.069394663972,0.084500914607,-1.505436513622,-22.662504162625,0.35054799985632895,3125693.23,172676706.01625696,587378721.0,492590761.0,Osmosis,248758334.0
2023-09-11,0.511,15.88%,-0.087823558894,-3.994725563684,-5.553457675913,-25.76196318267,0.3365445692930858,3505391.88,165778745.49849835,587378721.0,492590761.0,Osmosis,251713879.0
2023-09-12,0.506,16.04%,-0.111679627908,-5.565753244325,-10.261334727578,-30.546147382629,0.3178133290090556,3618248.9,156551909.5925141,587378721.0,492590761.0,Osmosis,249250925.0
2023-09-13,0.507,16.00%,-0.101726714946,1.743235691242,-9.809691980419,-28.585992436945,0.3233535643918668,3362611.76,159280978.35585216,587378721.0,492590761.0,Osmosis,249743516.0
2023-09-14,0.508,15.96%,0.026660453245,0.800899176326,-9.539216248697,-28.997008515165,0.3259433004257011,2967077.33,160556658.39954773,587378721.0,492590761.0,Osmosis,250236107.0
2023-09-15,0.508,15.97%,-0.432937399392,1.521102794692,-7.489541183716,-25.554305284331,0.33090123307758845,3889283.41,162998890.21752766,587378721.0,492590761.0,Osmosis,250236107.0
2023-09-16,0.506,16.03%,-0.166452476766,0.43211456399,-5.116580765508,-22.130109949783,0.33233110549813916,3029683.77,163703232.16129965,587378721.0,492590761.0,Osmosis,249250925.0
2023-09-17,0.506,16.04%,0.039828347454,1.816098054164,-3.474969368773,-23.021494716224,0.33836656423847394,2580956.71,166676243.37518525,587378721.0,492590761.0,Osmosis,249250925.0
2023-09-18,0.505,16.05%,-0.089918919001,-2.477140067168,-1.949167923001,-24.706590861957,0.32998475050182385,2510108.52,162547439.36808854,587378721.0,492590761.0,Osmosis,248758334.0
2023-09-19,0.505,16.04%,-0.01600764409,2.1908188627,6.104460662895,-22.736642718353,0.3372141186598503,3007998.85,166108559.33059996,587378721.0,492590761.0,Osmosis,248758334.0
2023-09-20,0.505,16.05%,-0.383401748029,0.754705958202,5.073557591444,-21.536167610571,0.33975909370527413,2852872.99,167362190.52495128,587378721.0,492590761.0,Osmosis,248758334.0
2023-09-21,0.505,16.04%,-0.149937815135,-2.053535171218,2.098132032163,-20.854574774102,0.33278202121862344,2730903.08,163925349.07919988,587378721.0,492590761.0,Osmosis,248758334.0
2023-09-22,0.505,16.04%,-0.30197262763,-2.398009931332,-1.843256285493,-20.180954835319,0.32480187530011273,2973969.71,159994402.92830962,587378721.0,492590761.0,Osmosis,248758334.0
2023-09-23,0.505,16.01%,0.355025386362,-0.090488265734,-2.354019125092,-21.609256267611,0.32450796771608176,2166876.37,159849626.76782814,587378721.0,492590761.0,Osmosis,248758334.0
2023-09-24,0.506,15.99%,0.059604139191,-0.50192717222,-4.577104189722,-19.924101621323,0.3228791740500953,1955134.08,159047298.0563879,587378721.0,492590761.0,Osmosis,249250925.0
2023-09-25,0.506,15.98%,-1.051073749734,-1.209313035746,-3.336577334705,-19.848209716814,0.31897455410859743,1787792.81,157123918.34798968,587378721.0,492590761.0,Osmosis,249250925.0
2023-09-26,0.506,15.98%,0.071958835965,-0.496018994574,-5.8780868981,-17.662567240572,0.3173923797323608,2821728.21,156344553.86796457,587378721.0,492590761.0,Osmosis,249250925.0
2023-09-27,0.506,15.98%,0.205171974518,-0.616566442897,-7.159086932271,-16.422646399682,0.31543544482661784,2363193.06,155380585.81351718,587378721.0,492590761.0,Osmosis,249250925.0
2023-09-28,0.506,15.97%,0.182550494889,-3.299241968045,-8.33986008865,-19.5230699192,0.30502846624880925,3241342.46,150254204.31616375,587378721.0,492590761.0,Osmosis,249250925.0
2023-09-29,0.507,15.93%,-0.065577955127,2.036580633096,-4.175240173635,-19.242116667419,0.3112406169178629,3171356.59,153314252.34167957,587378721.0,492590761.0,Osmosis,249743516.0
2023-09-30,0.507,15.93%,-0.295671834679,-0.257244334714,-4.33517850165,-17.712782509454,0.3104399680635132,3388927.41,152919860.11322168,587378721.0,492590761.0,Osmosis,249743516.0
2023-10-01,0.507,15.92%,-0.120325596443,0.581756383576,-3.293244814096,-13.575991447116,0.31224597239489466,3372735.53,153809481.16118616,587378721.0,492590761.0,Osmosis,249743516.0
2023-10-02,0.507,15.92%,-0.36768182056,2.349876488128,0.190865687839,-9.23452862038,0.3195833670853275,4242768.86,157423813.9955038,587378721.0,492590761.0,Osmosis,249743516.0
2023-10-03,0.507,15.91%,0.038259738616,-3.425547307901,-2.75888541562,-13.281613235481,0.30863588765763694,4040828.75,152031186.77318588,587378721.0,492590761.0,Osmosis,249743516.0
2023-10-04,0.507,15.90%,0.107188968343,-0.934571305737,-3.070035334665,-14.195113115361,0.3057514652123827,3268194.57,150610346.92583263,587378721.0,492590761.0,Osmosis,249743516.0
2023-10-05,0.507,15.91%,-0.169079041669,-1.75674636454,-1.523883604451,-15.183805596719,0.3003801874627367,2893544.59,147964505.13159212,587378721.0,492590761.0,Osmosis,249743516.0
2023-10-06,0.509,15.84%,-0.186023418754,-2.089738288798,-5.506218762257,-17.968299792092,0.2941030276733658,2739558.58,144872434.21402735,587378721.0,492590761.0,Osmosis,250728697.0
2023-10-07,0.508,15.88%,0.06451659858,0.823436128203,-4.48240923775,-17.703895714963,0.29652477825736645,3064665.0,146065366.1771524,587378721.0,492590761.0,Osmosis,250236107.0
2023-10-08,0.508,15.87%,-0.285465353575,-0.765718539679,-5.762040484107,-17.734987399651,0.2942542330555087,2542851.52,144946916.58828437,587378721.0,492590761.0,Osmosis,250236107.0
2023-10-09,0.508,15.86%,-0.089108866427,-3.483033949273,-11.132653488445,-18.914030210346,0.284005258221012,2590250.6,139898366.27508983,587378721.0,492590761.0,Osmosis,250236107.0
2023-10-10,0.509,15.81%,-0.268468433667,-4.259977715249,-11.900492332803,-22.433818586299,0.271906697510662,3608841.95,133938727.0477738,587378721.0,492590761.0,Osmosis,250728697.0
2023-10-11,0.509,15.83%,0.003750603823,-1.533784593215,-12.433376471198,-20.445534141672,0.26773623447632455,10745417.72,131884395.48796715,587378721.0,492590761.0,Osmosis,250728697.0
2023-10-12,0.51,15.78%,0.00260249784,-2.37215152481,-12.981902196812,-17.755140691322,0.26138512530772423,3162092.67,128755897.78941225,587378721.0,492590761.0,Osmosis,251221288.0
2023-10-13,0.511,15.74%,-0.140111051041,-4.506346935227,-15.129671836804,-22.80703471022,0.24960620472427975,3725230.04,122953710.33545476,587378721.0,492590761.0,Osmosis,251713879.0
2023-10-14,0.511,15.74%,-0.170210094646,0.404853427412,-15.482022962136,-23.110325117339,0.25061674399913797,3324678.24,123451492.64587756,587378721.0,492590761.0,Osmosis,251713879.0
2023-10-15,0.511,15.74%,0.267555759086,0.060749213801,-14.778119214528,-24.216362275697,0.2507689917007713,2191330.58,123526488.45708564,587378721.0,492590761.0,Osmosis,251713879.0
2023-10-16,0.51,15.76%,-0.230044366296,3.316307847169,-8.774483587487,-22.040019978731,0.25908526345081057,15914087.84,127623007.08712026,587378721.0,492590761.0,Osmosis,251221288.0
2023-10-17,0.507,15.85%,-0.227281283347,-2.97541497634,-7.550492863182,-25.708852975366,0.25137640172060577,6986665.73,123825693.0209949,587378721.0,492590761.0,Osmosis,249743516.0
2023-10-18,0.507,15.84%,0.081560847533,-4.239899764955,-10.091252786261,-27.05169136185,0.24071829425490093,3705713.53,118575607.75364357,587378721.0,492590761.0,Osmosis,249743516.0
2023-10-19,0.509,15.80%,-0.12746473018,-2.771990041942,-10.4594774345,-30.594363000232,0.23404560710902256,4306065.59,115288703.71454044,587378721.0,492590761.0,Osmosis,250728697.0
2023-10-20,0.509,15.77%,-0.11978321831,-3.625404121531,-9.63345311396,-33.611634772521,0.22556050802263028,3263730.16,111109022.29841405,587378721.0,492590761.0,Osmosis,250728697.0
2023-10-21,0.509,15.79%,-0.006926445402,2.479707282442,-7.766039619772,-30.538991403468,0.2311537483663816,3770870.63,113864200.81579843,587378721.0,492590761.0,Osmosis,250728697.0
2023-10-22,0.506,15.87%,0.029051233012,3.318736483857,-4.762893319683,-26.470519319955,0.23882513214721926,4083134.47,117643053.5903243,587378721.0,492590761.0,Osmosis,249250925.0
2023-10-23,0.505,15.88%,0.479300186252,0.740472988611,-7.137301235791,-25.858964439577,0.24059356774078466,3130398.71,118514168.62513816,587378721.0,492590761.0,Osmosis,248758334.0
2023-10-24,0.506,15.86%,0.106376115037,4.688143626544,0.197527702956,-21.99158075348,0.2518729397526988,4620892.21,124070283.06808905,587378721.0,492590761.0,Osmosis,249250925.0
2023-10-25,0.508,15.79%,-0.442305238036,1.506210091466,6.209906555002,-19.847313180385,0.2556666753889262,7400412.74,125939042.19217111,587378721.0,492590761.0,Osmosis,250236107.0
2023-10-26,0.506,15.83%,0.413610051437,4.990998101555,14.690037390387,-15.427397932412,0.26842699430389666,5682706.11,132224657.39709912,587378721.0,492590761.0,Osmosis,249250925.0
2023-10-27,0.506,15.84%,0.568712617863,2.172163069893,21.589399114261,-13.054264876752,0.27425766634379056,6476555.66,135096792.57437187,587378721.0,492590761.0,Osmosis,249250925.0
2023-10-28,,,0.1327916499,0.915744824038,19.733799985444,-9.264479433175,0.2767691667278606,4051755.46,136333934.45981273,587378721.0,492590761.0,Osmosis,
2023-10-29,0.506,15.80%,0.180088071759,3.769944114154,20.256694534841,-7.723094600309,0.28720320963871093,3122434.13,141473647.59757516,587378721.0,492590761.0,Osmosis,249250925.0
2023-10-29,0.507,15.80%,0.180088071759,3.769944114154,20.256694534841,-7.723094600309,0.28720320963871093,3122434.13,141473647.59757516,587378721.0,492590761.0,Osmosis,249743516.0
2023-10-29,0.506,15.82%,0.180088071759,3.769944114154,20.256694534841,-7.723094600309,0.28720320963871093,3122434.13,141473647.59757516,587378721.0,492590761.0,Osmosis,249250925.0
2023-10-29,0.507,15.82%,0.180088071759,3.769944114154,20.256694534841,-7.723094600309,0.28720320963871093,3122434.13,141473647.59757516,587378721.0,492590761.0,Osmosis,249743516.0
2023-10-30,0.502,15.95%,0.038768222359,5.808557080279,26.306606972292,-2.111324806993,0.30388557200696753,4280012.67,149691225.17183244,587378721.0,492590761.0,Osmosis,247280562.0
2023-10-31,0.501,15.97%,1.670089139473,20.903002235101,45.8698899042,17.665818744678,0.3674067799157334,29432096.17,180981185.31525064,587378721.0,492590761.0,Osmosis,246787971.0
2023-11-01,0.504,15.88%,0.101578581866,-1.915250174896,40.953067259397,12.76244574537,0.36037002092081777,36523413.45,177514942.84697154,587378721.0,492590761.0,Osmosis,248265744.0
2023-11-02,0.504,15.87%,-0.145801814825,-1.199487887068,32.642183434112,15.361641471261,0.3560474261712474,11198135.58,175385672.60978606,587378721.0,492590761.0,Osmosis,248265744.0
2023-11-03,0.516,15.51%,3.493646371096,36.572528532642,77.301505981575,59.038640210504,0.4862629726974646,85540054.06,239528647.76716632,587378721.0,492590761.0,Osmosis,254176833.0
2023-11-04,0.516,15.48%,-0.261976229228,-10.064783297761,58.00952953268,45.589381887067,0.43732165823821173,41857052.32,215420608.43334264,587378721.0,492590761.0,Osmosis,254176833.0
2023-11-05,0.516,15.48%,0.402392449991,2.82921504936,56.577090128238,52.903705876375,0.44969442840719587,9365185.63,221515320.70656064,587378721.0,492590761.0,Osmosis,254176833.0
2023-11-06,0.514,15.54%,0.511093092993,7.31743026275,58.809943300071,62.752167774152,0.4826005046013625,15307935.08,237724549.82056916,587378721.0,492590761.0,Osmosis,253191651.0
2023-11-07,0.515,15.50%,-0.167231289797,11.498514473011,46.456849161355,82.866491972698,0.5380923934697757,26446250.67,265059341.58758822,587378721.0,492590761.0,Osmosis,253684242.0
2023-11-08,0.514,15.52%,-0.308220852314,-5.897557142996,40.510602349478,78.291800037285,0.5063580870827814,9733854.83,249427315.45461157,587378721.0,492590761.0,Osmosis,253191651.0
2023-11-09,0.514,15.52%,0.377375002804,4.343945413527,48.39427760068,94.314450809701,0.528354005982637,8277621.34,260262301.88438573,587378721.0,492590761.0,Osmosis,253191651.0
2023-11-10,0.515,15.49%,0.444058379748,-0.174866889148,8.46601929052,96.996155862245,0.5274300897686861,12241723.85,259807189.2934554,587378721.0,492590761.0,Osmosis,253684242.0
2023-11-11,0.514,15.53%,0.251905754278,4.070139307924,25.513387876891,109.995587364802,0.5488972291741799,9102093.0,270381703.8297007,587378721.0,492590761.0,Osmosis,253191651.0
2023-11-12,0.513,15.55%,-0.218565446276,15.311834001362,40.74967839501,153.576814103067,0.6329434617434082,28381064.83,311782101.4901598,587378721.0,492590761.0,Osmosis,252699060.0
2023-11-13,0.511,15.60%,-0.590283644853,-1.565986050127,29.098840446085,148.599373483784,0.6230316554273158,11672139.23,306899637.2740312,587378721.0,492590761.0,Osmosis,251713879.0
2023-11-14,0.512,15.55%,-2.08497760096,2.317201672824,18.468233913979,154.205494485442,0.6374685553691025,21173119.01,314011120.80283684,587378721.0,492590761.0,Osmosis,252206470.0
2023-11-15,0.513,15.55%,0.235893891629,-4.272949815923,20.51349814941,135.532440470799,0.6102298439058939,11995477.02,300593583.19451547,587378721.0,492590761.0,Osmosis,252699060.0
2023-11-16,0.516,15.43%,-0.214124066513,11.967872269082,29.318859029304,171.80808043063,0.6832613721723675,12409744.31,336568239.2802907,587378721.0,492590761.0,Osmosis,254176833.0
2023-11-17,0.517,15.41%,-1.200945066816,-1.819029615342,27.188921996575,178.679544294213,0.6708326454623614,11001734.79,330445963.3319478,587378721.0,492590761.0,Osmosis,254669423.0
2023-11-18,0.517,15.40%,0.823696841424,-1.410431756296,20.490863069977,182.582107380072,0.6613710087991593,10735114.73,325785248.52771556,587378721.0,492590761.0,Osmosis,254669423.0
2023-11-19,0.517,15.40%,0.633458490477,3.564753288255,8.216182800316,203.66452868344,0.684947253582893,21107372.88,337398688.8872572,587378721.0,492590761.0,Osmosis,254669423.0
2023-11-20,0.518,15.36%,1.017385126752,-2.055386537973,7.678146703543,190.226286478903,0.6708689399405363,9087089.58,330463841.6565721,587378721.0,492590761.0,Osmosis,255162014.0
2023-11-21,0.518,15.35%,-0.610289590212,-3.649886442759,1.398410950435,170.651157875008,0.6463829854529657,9740942.74,318402286.7017283,587378721.0,492590761.0,Osmosis,255162014.0
2023-11-22,0.519,15.31%,-0.838968331482,-7.934469742383,-2.480036170754,147.344901461973,0.5950959230522891,8848820.9,293138753.6043245,587378721.0,492590761.0,Osmosis,255654605.0
2023-11-23,0.519,15.31%,-0.115108188293,6.581216171782,-7.171618649939,151.817631858575,0.6342604721778217,7538488.51,312430848.6622925,587378721.0,492590761.0,Osmosis,255654605.0
2023-11-24,0.525,15.12%,-0.059128199554,-0.167864566155,-5.610471125554,147.664570529059,0.6331957735879067,5426163.84,311906387.97365063,587378721.0,492590761.0,Osmosis,258610150.0
2023-11-25,,,-0.373720599178,2.431345942258,-1.932357979643,141.62657523233,0.648590953335586,5636729.35,319489911.2812918,587378721.0,492590761.0,Osmosis,
2023-11-26,0.526,15.11%,0.155208960777,2.827666244123,-2.630321196728,143.176772294662,0.6669309407854936,5236230.28,328524019.65597224,587378721.0,492590761.0,Osmosis,259102740.0
2023-11-27,0.526,15.09%,0.596007835303,2.104161437092,1.504810241162,146.040501008232,0.6809642444535373,7377308.82,335436695.38915795,587378721.0,492590761.0,Osmosis,259102740.0
2023-11-28,0.525,15.13%,0.923438193666,-5.587092761596,-0.536035924263,123.854789523898,0.6429181404426151,7618803.47,316695536.06133264,587378721.0,492590761.0,Osmosis,258610150.0
2023-11-29,0.53,14.97%,-0.261144524,0.374499108026,8.440645977541,112.358177744982,0.6453258631439113,7900489.69,317881558.0190411,587378721.0,492590761.0,Osmosis,261073103.0
2023-11-30,0.528,15.02%,-0.006203959407,8.339837529517,10.229948472976,90.291804584123,0.6991449916660655,13232785.17,344392363.49412584,587378721.0,492590761.0,Osmosis,260087922.0
2023-12-01,0.531,14.92%,-0.028747166046,-1.155228862542,9.139747256286,91.766303191788,0.6910682669313247,11531733.07,340413843.51065236,587378721.0,492590761.0,Osmosis,261565694.0
2023-12-02,0.532,14.91%,-0.024029097388,0.387002826113,6.961516667312,94.845593497158,0.693742720654721,7532989.35,341731254.70551944,587378721.0,492590761.0,Osmosis,262058285.0
2023-12-03,0.532,14.91%,-0.282881255533,2.33501909985,6.449064253891,45.999548710761,0.7099417456858287,6371385.24,349710744.77305084,587378721.0,492590761.0,Osmosis,262058285.0
2023-12-04,0.532,14.90%,-5.4492025e-05,2.618505761785,6.985295797221,66.589419361685,0.728531611201928,6566481.64,358867940.77451384,587378721.0,492590761.0,Osmosis,262058285.0
2023-12-05,0.532,14.90%,-0.395627167273,0.335190052192,13.696212738143,62.548951135294,0.730973576689751,14869717.51,360070830.4124963,587378721.0,492590761.0,Osmosis,262058285.0
2023-12-06,0.532,14.88%,1.042616779435,4.975966918237,18.90838781953,59.002440472111,0.7673465800468904,10713874.88,377987835.81604517,587378721.0,492590761.0,Osmosis,262058285.0
2023-12-07,0.532,14.87%,-0.824739112729,-3.917982774018,5.4548172428,37.017746797986,0.737282073223638,14566568.65,363178337.5208896,587378721.0,492590761.0,Osmosis,262058285.0
2023-12-08,0.5329999999999999,14.86%,-0.523169334101,2.797791676607,9.672188113468,49.678598808969,0.7579096897014064,25436155.29,373339310.8192896,587378721.0,492590761.0,Osmosis,262550876.0
2023-12-09,0.5329999999999999,14.85%,-0.014454829598,3.805670182152,13.407061342209,48.906457386805,0.786753232770012,20340085.81,387547373.64939034,587378721.0,492590761.0,Osmosis,262550876.0
2023-12-10,0.531,14.89%,-1.238369620064,0.645850706929,11.535134945572,50.130699678684,0.7918344840856419,23816462.06,390050351.10178876,587378721.0,492590761.0,Osmosis,261565694.0
2023-12-11,0.531,14.88%,1.076713471659,5.582744017391,14.756938960312,52.312770394451,0.8360405763735718,17474049.77,411825863.74273634,587378721.0,492590761.0,Osmosis,261565694.0
2023-12-12,0.53,14.91%,0.380114868739,1.81567066481,16.450217492059,34.485996193097,0.851220319864698,32986171.69,419303265.140815,587378721.0,492590761.0,Osmosis,261073103.0
2023-12-13,0.531,14.89%,1.033186584349,26.154575451301,39.943724075097,72.359361089605,1.0738533806805137,98808789.72,528970253.99183697,587378721.0,492590761.0,Osmosis,261565694.0
2023-12-14,0.529,14.92%,0.873890067952,1.160979921342,47.341247301066,70.411637352979,1.0863206028148675,48718985.82,535111492.43055433,587378721.0,492590761.0,Osmosis,260580513.0
2023-12-15,0.529,14.92%,0.192802254283,13.692523734503,62.956791022775,102.393462319511,1.2350653091880852,60010571.89,608381760.5376592,587378721.0,492590761.0,Osmosis,260580513.0
2023-12-16,0.528,14.96%,-0.81332785798,10.734770756551,73.83426999186,100.164504320623,1.3676467388231097,75146175.13,673690147.8560438,587378721.0,492590761.0,Osmosis,260087922.0
2023-12-17,0.529,14.92%,0.314265372321,7.6388644448,85.912516930283,119.44659808124,1.4721194192855365,76396792.96,725152425.0287405,587378721.0,492590761.0,Osmosis,260580513.0
2023-12-18,,,-0.269025228707,-2.12638947599,72.338097886296,117.852976273621,1.4408164268798436,64260862.6,709732860.178043,587378721.0,492590761.0,Osmosis,
2023-12-19,,,1.659704157327,5.061942099022,77.832892946248,121.002378247875,1.5137497201616976,51506429.89,745659126.6179876,587378721.0,492590761.0,Osmosis,
2023-12-20,,,-0.099269604875,-9.878692440662,27.038855166711,103.34985863356,1.3642110409855426,47491920.81,671997754.8436706,587378721.0,492590761.0,Osmosis,
2023-12-21,,,0.11256486127,4.721464414439,31.510143149425,121.017850403718,1.4286217798235243,57015238.07,703725889.7044443,587378721.0,492590761.0,Osmosis,
2023-12-22,,,0.047789324496,2.585720783038,18.662708699904,146.27322979772,1.4655619500954273,47573308.84,721922276.2901505,587378721.0,492590761.0,Osmosis,
2023-12-23,,,0.099841031285,3.138472972359,10.52256206841,138.318211854226,1.5115582157923537,45884951.22,744579611.8129578,587378721.0,492590761.0,Osmosis,
2023-12-24,,,0.074593285661,-1.591831449328,1.044571333785,134.918933256582,1.4874967567384727,24881212.5,732727159.3868362,587378721.0,492590761.0,Osmosis,
2023-12-25,,,0.132555644496,3.932505059626,7.299765127394,138.361733849081,1.5459926419589862,47508668.35,761541692.0029776,587378721.0,492590761.0,Osmosis,
2023-12-26,,,-0.792999560197,0.56637930723,2.708446691456,133.119912317038,1.5547488243743408,46316801.28,765854906.5624119,587378721.0,492590761.0,Osmosis,
2023-12-27,,,0.397260271634,2.780980263147,17.136281287335,134.665196497073,1.5979860823217027,172415685.56,787153180.3582562,587378721.0,492590761.0,Osmosis,
2023-12-28,,,0.701381280187,10.020913272128,23.063984223243,173.459212166803,1.7581188817318327,42767151.54,866033117.8807524,587378721.0,492590761.0,Osmosis,
2023-12-29,,,0.067325767319,-6.865663490856,11.725905236303,153.734190594153,1.637412355542933,46900322.16,806574198.2876959,587378721.0,492590761.0,Osmosis,
2023-12-30,,,0.233269869505,-3.256347774114,4.798644087933,126.575679384506,1.5840925147501355,41728061.89,780309337.335173,587378721.0,492590761.0,Osmosis,
2023-12-31,,,0.002549852033,-4.065710203033,2.164115442145,119.90416525716,1.5196879037524547,29141075.78,748584220.9919164,587378721.0,492590761.0,Osmosis,
2024-01-01,,,-0.645318397518,-0.227325114918,-1.924936100758,118.55844051926,1.5162332714788476,21383248.18,746882501.0512851,587378721.0,492590761.0,Osmosis,
2024-01-02,,,0.357835117997,2.601423549555,0.05969430434,119.127404512106,1.5556769208692927,20380159.66,766312078.3211416,587378721.0,492590761.0,Osmosis,
2024-01-03,,,0.015948294395,1.704687410767,-0.988102024469,117.176073785083,1.5821963494915532,43732248.73,779375303.8474661,587378721.0,492590761.0,Osmosis,
2024-01-04,,,-0.36362437665,-4.255138851142,-13.835650497607,107.240281486391,1.5148716979229833,62321131.49,746211802.4972445,587378721.0,492590761.0,Osmosis,
2024-01-05,,,0.658134771815,14.681748138715,6.099196048919,126.40113221467,1.7372813452367115,88644728.42,855768739.9212555,587378721.0,492590761.0,Osmosis,
2024-01-06,,,0.468385214256,1.116367304233,10.89477223081,138.263732424242,1.7566757861574729,107317297.36,865322262.3335829,587378721.0,492590761.0,Osmosis,
2024-01-07,,,-0.068046812494,-0.235283436095,15.322535283681,131.233700112372,1.7525426190067561,58227166.07,863286302.381471,587378721.0,492590761.0,Osmosis,
2024-01-08,,,-0.285088103585,0.223525113408,15.843651826099,123.254245260519,1.7564599918834218,45433983.56,865215964.0679085,587378721.0,492590761.0,Osmosis,
2024-01-09,,,-0.010015314206,1.803554535587,14.942806038006,125.822282518756,1.7881387057328135,58512782.76,880820605.8304816,587378721.0,492590761.0,Osmosis,
2024-01-10,,,-0.343270245921,-1.670153430054,11.128688065165,110.309654279177,1.758274045804896,61988345.6,866109550.2695826,587378721.0,492590761.0,Osmosis,
2024-01-11,,,-0.396162252682,6.182088554338,23.242919311534,119.328892975822,1.86697210434449,56608341.49,919653209.6448238,587378721.0,492590761.0,Osmosis,
2024-01-12,,,0.356211734301,1.476746344818,9.052143560318,76.42469453824,1.8945425466541645,60976369.54,933234154.8032529,587378721.0,492590761.0,Osmosis,
2024-01-13,,,1.373797466106,-7.78676971867,-0.549726074077,60.819823981715,1.7470188813239709,57741464.38,860565360.2327435,587378721.0,492590761.0,Osmosis,
2024-01-14,,,-0.068115174388,2.690922971551,2.367257392896,45.257890442913,1.7940298137188486,34857958.73,883722511.1964558,587378721.0,492590761.0,Osmosis,
2024-01-15,,,-1.341695153325,-2.182747199306,-0.090483909999,28.313154880572,1.754870678205192,38931006.97,864433082.8336816,587378721.0,492590761.0,Osmosis,
2024-01-16,,,-0.034419283966,0.506454600347,-1.363451513552,19.810816865734,1.7637583014850988,38415774.28,868811043.9486122,587378721.0,492590761.0,Osmosis,
2024-01-17,,,-0.251480342773,1.276948680485,1.592842941905,23.976972813332,1.7862805898428493,37173815.49,879905315.110218,587378721.0,492590761.0,Osmosis,
2024-01-18,,,0.05426755795,-2.103677601633,-6.334808050815,15.52127685845,1.7487030051720085,29819097.41,861394944.0806665,587378721.0,492590761.0,Osmosis,
2024-01-19,,,-0.501371178989,-6.580697179816,-13.771999540874,19.748785689868,1.6336261558272926,32741019.49,804709151.2884706,587378721.0,492590761.0,Osmosis,
2024-01-20,,,0.005191984343,-0.494464603835,-6.953011778795,13.784381260696,1.6255484527277364,32235043.07,800730149.3715281,587378721.0,492590761.0,Osmosis,
2024-01-21,,,0.129376070626,-0.520411220873,-9.862762379242,10.339171679076,1.617088916179008,20294906.06,796563059.8252828,587378721.0,492590761.0,Osmosis,
2024-01-22,,,-0.527438295081,-2.991111440714,-10.607658781724,3.781645206324,1.5687199846006665,20105502.75,772736971.0103506,587378721.0,492590761.0,Osmosis,
2024-01-23,,,-0.654645614227,-8.503047016602,-18.620879882312,-3.506950166507,1.4353309867512454,47162462.74,707030783.0506768,587378721.0,492590761.0,Osmosis,
2024-01-24,,,1.499945335864,0.853915122545,-18.960800260778,-6.365175627783,1.4475874951056924,43067012.07,713068225.8281968,587378721.0,492590761.0,Osmosis,
2024-01-25,,,1.045897794204,0.941334295505,-16.440120001348,-6.016064476358,1.4612141326545571,30107461.39,719780581.5882633,587378721.0,492590761.0,Osmosis,
2024-01-26,,,-0.172930641422,-1.696701918791,-12.071578965339,-10.11050094121,1.4364216844281683,26089571.67,707568050.6493733,587378721.0,492590761.0,Osmosis,
2024-01-27,,,0.057089412994,6.774865496258,-5.648009511277,-12.76259316455,1.5337373215072636,28150060.01,755504834.3753647,587378721.0,492590761.0,Osmosis,
2024-01-28,,,-0.130274927102,2.810737370128,-2.488562392205,-3.6988670432,1.5768466495624682,28360566.48,776740091.0882765,587378721.0,492590761.0,Osmosis,
2024-01-29,,,0.414556278229,0.803370175557,1.325576321,0.342281177311,1.589514565259322,28794634.09,782980189.3216736,587378721.0,492590761.0,Osmosis,
2024-01-30,,,-0.094895550097,4.25445706393,15.453494368849,9.04474371819,1.6571397799632004,34163187.13,816291745.2954454,587378721.0,492590761.0,Osmosis,
2024-01-31,,,-1.193877436841,0.85316154944,15.452631708751,10.225642110877,1.6712778593863142,33496774.06,823256032.5975555,587378721.0,492590761.0,Osmosis,
2024-02-01,,,-0.19060656817,-4.417529731627,9.323378918309,2.685116788721,1.5974486630498175,38186772.36,786888452.5901421,587378721.0,492590761.0,Osmosis,
2024-02-02,,,0.32116766445,1.194191053609,12.538349260126,2.169699265798,1.6165252520699502,27600173.2,796285404.0928537,587378721.0,492590761.0,Osmosis,
2024-02-03,,,-0.131348446439,-0.040206351351,5.355414097862,6.667469493484,1.6158753062474276,25526775.85,795965246.7855284,587378721.0,492590761.0,Osmosis,
2024-02-04,,,-0.212649965809,-1.335142366918,1.106919362103,-8.230116278609,1.5943010704371454,18026823.16,785337977.5497481,587378721.0,492590761.0,Osmosis,
2024-02-05,,,0.021099910378,-2.446647264005,-2.152884854908,-11.463790918453,1.5552941469172952,21078048.12,766123527.4088362,587378721.0,492590761.0,Osmosis,
2024-02-06,,,0.549043231894,-0.090821887646,-6.231108672733,-11.335588500823,1.5538815994146127,24385240.37,765427719.5595412,587378721.0,492590761.0,Osmosis,
2024-02-07,,,-0.177960267477,0.915567675361,-6.173086166053,-10.723361517004,1.5681084370522298,38144731.77,772435728.3380785,587378721.0,492590761.0,Osmosis,
2024-02-08,,,-0.05795767351,4.852649003912,2.926827855865,-8.049457783574,1.64420323550311,44602972.15,809919323.0151392,587378721.0,492590761.0,Osmosis,
2024-02-09,,,-0.08869336528,1.164312406278,2.896437629328,-5.398882402484,1.6633468977584969,49980677.84,819349314.1738472,587378721.0,492590761.0,Osmosis,
2024-02-10,,,-0.488175853389,0.664284486126,3.62162517597,-10.314875661269,1.6743962531507701,51335229.34,824792124.5550865,587378721.0,492590761.0,Osmosis,
2024-02-11,,,-0.237681074699,-0.335508305123,4.671479283597,-11.916545890832,1.6687785146607754,31165403.13,822024878.477201,587378721.0,492590761.0,Osmosis,
2024-02-12,,,0.080565396051,-2.122619805522,5.019149891082,-6.506065340263,1.6333566913982982,31692317.93,804576415.6003299,587378721.0,492590761.0,Osmosis,
2024-02-13,,,-0.387462835816,0.801571181723,5.957185447819,-8.226206981569,1.6464492079312836,41940572.53,811025668.2827182,587378721.0,492590761.0,Osmosis,
2024-02-14,,,0.135310385294,-0.385262013548,4.5913679059,-6.539776125373,1.6401060645607566,48383868.52,807901094.4626982,587378721.0,492590761.0,Osmosis,
2024-02-15,,,0.347080705526,1.355815379997,1.103248001071,-5.749961690747,1.6623428748323419,45760507.11,818854741.7565911,587378721.0,492590761.0,Osmosis,
2024-02-16,,,0.291886338696,-3.316995731074,-3.375355146651,-10.02516392009,1.6072030326383446,55738415.83,791693364.92883,587378721.0,492590761.0,Osmosis,
2024-02-17,,,0.289909395306,-0.002985173799,-4.015847395127,-8.094453427417,1.607155054834519,35290379.26,791669731.5059325,587378721.0,492590761.0,Osmosis,
2024-02-18,,,0.07961202847,-0.228075308943,-3.912381607815,-1.844768752127,1.6034895309780177,27401705.75,789864128.3199948,587378721.0,492590761.0,Osmosis,
2024-02-19,,,-0.357855128228,1.511789370757,-0.344430347601,0.134260073094,1.6277309152685462,31196067.08,801805210.2553596,587378721.0,492590761.0,Osmosis,
2024-02-20,,,-0.058377510593,0.721653280598,-0.423439671252,1.384498552608,1.6394774888178925,49507185.15,807591463.8591746,587378721.0,492590761.0,Osmosis,
2024-02-21,,,-0.116225477825,-2.005564292121,-2.043120963944,2.414499049923,1.6065967137247954,51692793.67,791394697.8337961,587378721.0,492590761.0,Osmosis,
2024-02-22,,,0.649047794245,-3.12817523954,-6.376742326173,8.430708142756,1.5563395531267874,41688707.57,766638484.8491242,587378721.0,492590761.0,Osmosis,
2024-02-23,,,-0.800930894604,-1.341093696872,-4.463372063373,6.070796181185,1.5354675814778787,39431782.87,756357144.4510177,587378721.0,492590761.0,Osmosis,
2024-02-24,,,0.188721214006,0.061154109313,-4.40209372584,5.145888522852,1.536406583001126,40666070.37,756819687.9259343,587378721.0,492590761.0,Osmosis,
2024-02-25,,,0.367183875407,3.10743750193,-1.206124097536,10.284429323,1.5841494573434287,35104364.57,780337386.7305366,587378721.0,492590761.0,Osmosis,
2024-02-26,,,0.044775449138,-0.047909577721,-2.724063100644,3.23739768371,1.5833904980279416,32580129.68,779963530.3837528,587378721.0,492590761.0,Osmosis,
2024-02-27,0.563,13.74%,-0.019120577311,2.587024234392,-0.92250701727,3.012756147702,1.6243531939369922,55021462.88,800141375.9342035,587378721.0,492590761.0,Osmosis,277328598.0
2024-02-28,0.562,13.75%,-0.475819525303,-0.928012969252,0.166953653215,1.243424930066,1.6092789856307939,60223719.75,859592225.9272591,646153582.02,534147424.78,Osmosis,300190853.0
2024-02-29,0.5529999999999999,13.97%,0.008944596719,-0.513557523756,2.870508502166,-3.386881922693,1.6010144123218706,67336491.86,854522932.2245283,646336230.42,533738438.36,Osmosis,295157356.0
2024-03-01,0.5529999999999999,13.98%,0.61760105461,-1.385099589057,2.824624063794,-5.531042644471,1.5788387682760583,70456868.92,843164245.7651374,646701527.23,534040753.69,Osmosis,295324537.0
2024-03-02,0.552,13.98%,0.22874806255,1.713470880343,4.522574205663,0.528533277063,1.6058917108180357,56277099.14,857813283.8575755,998390225.57,534166331.44,Osmosis,294859815.0
2024-03-03,0.552,13.99%,0.546105368287,0.575382531042,1.9557670965,-0.086204708441,1.6151317311895281,56213855.89,862748991.6418464,998390225.57,534166331.44,Osmosis,294859815.0
2024-03-04,0.552,13.99%,0.20431986523,-0.605797607632,1.386695436235,-0.651535697393,1.6053473018018751,54225580.68,857606320.095917,998382881.5,534218557.65,Osmosis,294888644.0
2024-03-05,0.552,13.98%,-0.259743885702,-0.095137631791,-1.264083551331,0.597060501074,1.6038200123969177,75190483.96,856973898.637061,998378001.58,534332962.56,Osmosis,294951795.0
2024-03-06,0.552,13.98%,1.115523452355,-4.12380116534,-4.449031040258,-1.132421343993,1.537681664035733,99085014.61,821713320.0963908,998373183.21,534384547.41,Osmosis,294980270.0
2024-03-07,0.552,13.98%,1.818340322567,15.600647082193,11.027729669942,14.395456794082,1.7775699536895375,71549356.41,950350100.9134835,998368165.68,534634431.09,Osmosis,295118206.0
2024-03-08,0.5529999999999999,13.96%,0.723834846484,-1.976755673946,10.361600803241,11.116788711825,1.7424317387716242,77621974.31,931609475.2677237,998360392.49,534660529.04,Osmosis,295667273.0
2024-03-09,0.5529999999999999,13.95%,0.359303576134,-4.966618591001,3.113540529752,0.710895365171,1.6558918000982874,54098812.27,885485526.7575614,998356089.55,534748421.79,Osmosis,295715877.0
2024-03-10,0.5529999999999999,13.94%,-0.042981504896,-0.073719430813,2.448057587831,-0.521587630446,1.6546710860883762,40510074.05,884958551.0495651,998352077.45,534824448.49,Osmosis,295757920.0
2024-03-11,0.5529999999999999,13.94%,1.206976068855,-2.290856021984,0.71122629066,-3.441915208161,1.6167649538686952,36652788.73,864881129.9201915,998349565.31,534945495.85,Osmosis,295824859.0
2024-03-12,0.5529999999999999,13.94%,0.335805738303,2.673667843536,3.502379675695,-0.526530994841,1.659991878545836,46939886.58,1076854426.545112,998346865.76,648710659.65,Osmosis,358736995.0
2024-03-13,0.5529999999999999,13.93%,0.320217877239,-2.148594349964,5.634698313981,-0.552929106809,1.6243253868335423,61016049.93,1054013873.6120131,998346114.03,648893308.05,Osmosis,358837999.0
2024-03-14,0.551,13.97%,0.333003625222,1.767968515296,-7.005463001462,0.400482462239,1.6530429482587206,46263066.5,1072950432.693957,998341744.76,649075956.45,Osmosis,357640852.0
2024-03-15,0.552,13.94%,0.210303626112,-3.633430053984,-8.577148044006,-2.873306587153,1.5929807889714294,56581933.0,1034256484.6004425,998339140.81,649258604.85,Osmosis,358390750.0
2024-03-16,0.552,13.95%,0.559316849943,-6.160646282549,-9.725811968801,-10.07614013657,1.4948428772139404,79377492.41,970812631.5896573,998337269.42,649441253.25,Osmosis,358491572.0
2024-03-17,0.551,13.97%,-0.051653124901,-7.592871496402,-16.518673101405,-14.053087853724,1.3813413784739685,47542617.86,897352375.7948487,998320681.82,649623901.65,Osmosis,357942770.0
2024-03-18,0.557,13.80%,-0.18499932299,2.723462053612,-12.234509824562,-11.709720696883,1.4189616867475539,47424643.0,922050598.3327463,998317892.73,649806550.06,Osmosis,361942248.0
2024-03-19,0.5579999999999999,13.77%,-0.279893482646,-6.933516638767,-20.446734760171,-17.64350707711,1.3205777420991869,47372636.66,858361268.0911671,998313124.66,649989198.46,Osmosis,362693973.0
2024-03-20,0.5579999999999999,13.77%,0.139791635634,-5.229724304472,-22.951695694366,-23.112895674486,1.2515151669611753,62838676.99,813699927.4764485,998307390.08,650171846.86,Osmosis,362795891.0
2024-03-21,0.5579999999999999,13.78%,-0.01933271349,8.277070143018,-18.023669221148,-17.345375924733,1.3551039551810578,43070156.42,881297948.7966064,998300349.24,650354495.26,Osmosis,362897808.0
2024-03-22,0.557,13.78%,0.065956654288,-1.664674815733,-16.348904510483,-17.057848461377,1.3325458809121509,40023574.75,866870591.1644892,998295693.56,650537143.66,Osmosis,362349189.0
2024-03-23,0.557,13.79%,1.589057301942,-3.143764627628,-13.659569541742,-17.071196175146,1.2906537748611195,32777086.02,839853956.0119884,998292100.17,650719792.07,Osmosis,362450924.0
2024-03-24,0.557,13.79%,-0.960712007805,-0.914431714245,-7.419581621778,-16.712560860985,1.278851627422695,25880938.81,832407645.2884635,998289092.92,650902440.47,Osmosis,362552659.0
2024-03-25,0.556,13.80%,0.119780803113,2.847663491879,-7.307643989537,-14.393166959559,1.3152690183321147,23512448.81,856352045.6887226,998287403.69,651085088.87,Osmosis,362003309.0
2024-03-26,0.557,13.78%,-0.537534544946,3.103796767234,2.689319407118,-14.396189746031,1.356092295603542,32931128.04,883179160.8869987,998281040.09,651267737.27,Osmosis,362756130.0
2024-03-27,0.557,13.76%,-0.042672673259,-0.977863787389,7.296467160028,-15.192647562701,1.3428315601212655,36932703.09,874542871.6949205,998281040.09,651267737.27,Osmosis,362756130.0
2024-03-28,0.557,13.76%,-0.035961239706,1.291926831826,0.374584263609,-16.263287662458,1.3601799613527026,45073475.04,885841325.7101706,998281040.09,651267737.27,Osmosis,362756130.0
2024-03-29,0.557,13.77%,0.054813005101,0.22028447443,2.298633477352,-15.292734273943,1.3631762266318683,39922233.04,887792696.6187936,998281040.09,651267737.27,Osmosis,362756130.0
2024-03-30,0.557,13.76%,-0.132861907652,2.113162495002,7.850949844672,-13.05622581029,1.3919823553938362,38982189.39,906553198.9171087,998281040.09,651267737.27,Osmosis,362756130.0
2024-03-31,,,-0.264139866026,-1.731466758554,6.961637635946,-13.361600239975,1.36788064362526,32879443.87,890856531.6292542,998281040.09,651267737.27,Osmosis,
2024-04-01,0.5579999999999999,13.74%,0.604572604361,1.216497925891,5.265224375111,-13.784916258248,1.3845208832836222,26595423.52,901693782.8591864,998281040.09,651267737.27,Osmosis,363407397.0
2024-04-02,0.5579999999999999,13.73%,-0.162792348447,-5.457061752828,-3.475100629529,-18.956039409987,1.3089667237020317,38713443.25,852487796.3071475,998281040.09,651267737.27,Osmosis,363407397.0
2024-04-03,0.5579999999999999,13.74%,-0.356387013289,-4.342288990002,-6.754678474875,-22.002696589672,1.2521276057759265,36654844.88,815470312.5869902,998281040.09,651267737.27,Osmosis,363407397.0
2024-04-04,0.5589999999999999,13.71%,0.098308199287,0.505463678163,-7.478665192521,-21.533797664327,1.2584566560273789,35634000.86,819592218.8233217,998281040.09,651267737.27,Osmosis,364058665.0
2024-04-05,0.557,13.73%,0.02322847571,4.194650403092,-3.809611141621,-14.725879621876,1.311244513222169,34043995.59,853971247.1339046,998281040.09,651267737.27,Osmosis,362756130.0
2024-04-06,0.5579999999999999,13.72%,-0.085762297941,-2.093777189269,-7.772539663726,-27.778371138411,1.2837899747087815,32391269.47,836090991.9584986,998281040.09,651267737.27,Osmosis,363407397.0
2024-04-07,0.557,13.72%,-0.084950081393,2.254521221037,-4.031590896481,-24.660848232277,1.3127332921221317,19723058.67,854940840.7993786,998281040.09,651267737.27,Osmosis,362756130.0
2024-04-08,0.557,13.74%,0.539401419744,0.563040328731,-4.651166630686,-20.277127413331,1.3201245099654535,22198819.21,859754502.5198685,998281040.09,651267737.27,Osmosis,362756130.0
2024-04-09,0.557,13.73%,-0.267013551033,1.975924938715,2.845179713399,-18.641886553879,1.3462091793799444,31221635.09,876742606.1468799,998281040.09,651267737.27,Osmosis,362756130.0
2024-04-10,0.5579999999999999,13.71%,-0.794843317483,-5.578377960785,1.516214269843,-21.37926170593,1.2711125432113504,35993907.99,831084923.2822294,998239992.22,653824814.9,Osmosis,364834247.0
2024-04-11,0.5579999999999999,13.70%,0.019524295022,0.394900906068,1.404539604094,-23.124191470169,1.2761321781616406,29252412.82,834599968.6749982,998235286.38,654007463.3,Osmosis,364936165.0
2024-04-12,0.5579999999999999,13.69%,-0.062796775255,-2.712954780414,-5.318094626075,-23.567574619393,1.2415112892298026,22620686.52,812184408.9780556,998231004.42,654190111.7,Osmosis,365038082.0
2024-04-13,0.5579999999999999,13.68%,0.371594501284,-16.374353694948,-19.128373018794,-37.19329309246,1.0382218395686076,56731427.13,679384090.7546091,998229327.26,654372760.1,Osmosis,365140000.0
2024-04-14,0.5589999999999999,13.67%,0.148792130033,-9.612846085819,-28.514102770678,-41.090364767836,0.9384191721015159,69403097.84,614247344.5391395,998220452.11,654555408.5,Osmosis,365896473.0
2024-04-15,0.5589999999999999,13.65%,-0.323384520208,2.961312986958,-26.809274911323,-35.36386227308,0.9662087009170613,50674145.6,632612061.4740506,998209033.1,654736456.91,Osmosis,365997679.0
2024-04-16,0.5589999999999999,13.65%,-0.316539361764,-5.284430059306,-32.020217072678,-33.749173654583,0.9151500778901732,37936080.74,599349270.236209,998197876.93,654919105.31,Osmosis,366099780.0
2024-04-17,0.5589999999999999,13.65%,0.039294387481,2.096144859743,-26.494868279225,-34.153757784087,0.934332949206801,36858456.05,612083153.5744117,998194367.68,655101753.71,Osmosis,366201880.0
2024-04-18,0.5589999999999999,13.65%,-0.704504583166,-2.659177977137,-28.730942707005,-31.129584863164,0.9094873731883618,29750537.76,595971434.3774382,998189280.81,655282802.1,Osmosis,366303086.0
2024-04-19,0.5589999999999999,13.64%,-0.363746524078,0.777563862784,-26.173911885452,-26.764034305363,0.91655921833886,24320017.63,600772900.9584087,998189280.81,655465450.5,Osmosis,366405187.0
2024-04-20,0.5589999999999999,13.64%,-0.255452077592,0.246454959156,-11.500790200307,-32.195746276654,0.9188181239860551,28866879.34,602421356.2263215,998180841.69,655648098.9,Osmosis,366507287.0
2024-04-21,0.5589999999999999,13.63%,0.461841282248,6.117617167446,3.901106058301,-26.829693953262,0.975027899276628,17226389.62,639453275.8306903,998177224.57,655830747.31,Osmosis,366609388.0
2024-04-22,0.5589999999999999,13.62%,-0.148986578433,-1.057998755485,-0.154892486374,-25.25399646079,0.964712116236645,16534585.04,632864071.2549818,998175071.65,656013395.71,Osmosis,366711488.0
2024-04-23,0.5589999999999999,13.62%,-0.551169195176,1.727057990805,7.236318680197,-23.261367238812,0.9813732539283759,17673592.44,643973247.0231588,998173139.07,656196044.11,Osmosis,366813589.0
2024-04-24,0.5589999999999999,13.62%,-0.654713446081,2.774032999738,7.948336050783,-23.316305806249,1.0085968718429537,72331894.93,662021496.009954,998169756.12,656378692.51,Osmosis,366915689.0
2024-04-25,0.5589999999999999,13.61%,0.664463878429,-5.63327447745,4.650143557732,-29.814523335414,0.9517798416810695,25299935.8,624901849.1052305,998144378.61,656561340.91,Osmosis,367017790.0
2024-04-26,0.5589999999999999,13.61%,-0.314894655022,-1.113848609991,2.686049773204,-29.910907436571,0.9411784551443297,21164004.04,618113293.2935219,998141400.85,656743989.32,Osmosis,367119890.0
2024-04-27,0.5589999999999999,13.60%,0.126043695095,-1.692818490498,0.699582221248,-31.976206199442,0.9252460122270677,18052167.89,607818751.8761656,998135980.68,656926637.72,Osmosis,367221990.0
2024-04-28,0.5579999999999999,13.62%,0.274156973451,1.16109600746,-4.003874409273,-31.337637170591,0.9359890067342199,15143233.14,615047068.0312911,998134061.14,657109286.12,Osmosis,366666982.0
2024-04-29,0.5579999999999999,13.62%,-0.715645037823,-1.490090804229,-4.423101451947,-33.760516644236,0.9220419206162762,14785293.01,606050717.7104084,998132510.41,657291934.52,Osmosis,366768899.0
2024-04-30,0.5579999999999999,13.61%,-0.033670511805,-3.407500264152,-9.247237361466,-34.89027395144,0.8906233397356806,20996528.23,585562208.831534,998130938.83,657474582.92,Osmosis,366870817.0
2024-05-01,0.5589999999999999,13.60%,0.401766033036,-4.810974023458,-15.945041484706,-38.767577112777,0.8477756822141465,26018731.76,557545807.9453797,998126668.23,657657231.32,Osmosis,367630392.0
2024-05-02,0.552,13.76%,0.280891296404,1.472296031487,-9.615920377146,-34.279654756516,0.860257449939295,26005807.18,565879934.7662427,998121695.09,657803003.98,Osmosis,363107258.0
2024-05-03,0.5529999999999999,13.74%,-0.42313934692,-0.738228089182,-9.272595102741,-31.803533133078,0.8539067878045596,20239485.75,561858414.8452934,998116104.28,657985652.38,Osmosis,363866066.0
2024-05-04,0.5529999999999999,13.74%,-0.019954293504,2.834918579629,-5.093960051649,-30.222916635307,0.8781143499847458,16894891.72,577947029.6199943,998113867.6,658168300.78,Osmosis,363967070.0
2024-05-05,0.5529999999999999,13.74%,0.037698742497,0.343737108627,-5.860779504644,-32.8017966156,0.8811327548618242,13355670.12,580094585.5168701,998112665.53,658350949.18,Osmosis,364068075.0
2024-05-06,0.552,13.74%,-0.012011103843,3.861040487418,-0.747067263139,-28.714691242036,0.9151536472749384,19123318.31,602659423.6784236,998111685.81,658533597.58,Osmosis,363510546.0
2024-05-07,0.5529999999999999,13.71%,-0.462477291528,-1.252352863434,1.467439045183,-31.159459443008,0.9036926943684714,19324873.98,595277059.162988,998109871.51,658716245.99,Osmosis,364270084.0
2024-05-08,0.5529999999999999,13.73%,-0.67150838294,-3.175192115367,3.21111274441,-33.718470599971,0.8749987151897378,16190109.66,576535686.0311887,998108177.88,658898894.39,Osmosis,364371089.0
2024-05-09,0.5529999999999999,13.72%,-0.021237069423,-2.674571953439,-1.006815457347,-36.741164894406,0.8515962449603235,17126978.01,561271366.9626207,998107043.59,659081542.79,Osmosis,364472093.0
2024-05-10,0.5539999999999999,13.69%,0.181711147982,2.077348405985,1.801142512923,-31.61212430614,0.8692868659804389,15307449.45,573089702.612684,998106512.51,659264191.19,Osmosis,365232362.0
2024-05-11,0.5529999999999999,13.69%,0.130651009841,-4.013449231952,-4.978380213377,-34.615042766471,0.8343984789342848,17038610.66,550241439.8919173,998104764.62,659446839.59,Osmosis,364674102.0
2024-05-12,0.5539999999999999,13.69%,-0.34972739748,-1.13816684826,-6.381685675273,-33.556654762566,0.8249016320646696,11339509.97,544129441.2009333,998103273.79,659629487.99,Osmosis,365434736.0
2024-05-13,0.5529999999999999,13.71%,0.278122199943,0.080245505832,-9.789620463162,-20.482930806487,0.8255635785519373,8243138.05,544716868.4983829,998102200.49,659812136.4,Osmosis,364876111.0
2024-05-14,0.5529999999999999,13.69%,0.025882193049,-1.902345996984,-10.383418178593,-13.699706171903,0.8098585028628007,18357207.49,534502388.31538427,998101535.3,659994784.8,Osmosis,364977116.0
2024-05-15,0.5529999999999999,13.68%,-0.202568733433,-4.365710026221,-11.485306714174,-19.841083166607,0.7745024290051126,17355236.2,511167563.9583065,998101535.3,659994784.8,Osmosis,364977116.0
2024-05-16,0.5539999999999999,13.67%,1.129833512778,9.435148931111,-0.471861909595,-7.383727856871,0.8475778866568177,20169594.9,559706602.3950517,998098063.03,660360081.6,Osmosis,365839485.0
2024-05-17,0.5539999999999999,13.67%,-0.751964238582,0.100080155129,-2.399751207134,-9.19445315068,0.8484261439206191,41252081.01,560421721.3086987,998096711.96,660542730.0,Osmosis,365940672.0
2024-05-18,0.5539999999999999,13.65%,-0.139217750266,3.205450178234,4.940510244155,-3.723564826033,0.8756220212631075,19165550.37,578545691.3431958,998096711.96,660725378.41,Osmosis,366041860.0
2024-05-19,0.5539999999999999,13.64%,-0.082415964406,-1.323471729281,4.74381159772,-5.730759773244,0.8640334113563327,9373790.78,571046616.9974269,998096711.96,660908026.81,Osmosis,366143047.0
2024-05-20,0.555,13.63%,0.183019143064,-3.459430041651,1.039193300785,-9.215680646866,0.8341427799539713,10409851.96,551444013.6213174,998096711.96,661090675.21,Osmosis,366905325.0
2024-05-21,0.555,13.62%,0.625916437702,8.461058868192,11.71335343304,-7.21085086059,0.904720091610647,24274527.26,598267261.9161162,998096711.96,661273323.61,Osmosis,367006695.0
2024-05-22,0.5539999999999999,13.63%,0.112255429047,-1.270158251843,15.329362602306,-7.409816910409,0.8932287147109728,23211173.69,590831467.7163894,998096711.96,661455972.01,Osmosis,366446608.0
2024-05-23,0.5539999999999999,13.64%,-0.2701034387,-2.4530097581,2.80090371562,-11.214441224159,0.8713177271769619,20164788.13,576497458.9481418,998096711.96,661638620.41,Osmosis,366547796.0
2024-05-24,0.526,14.37%,-0.125814871607,-4.539364317493,-1.963718688126,-17.532419106391,0.8317654411775025,22710604.93,550480059.6407218,998096711.96,661821268.82,Osmosis,348117987.0
2024-05-25,0.523,14.43%,0.086709216289,-1.507579659257,-6.440690768395,-13.926952568503,0.8192259145735784,15678787.59,542330764.535846,998096711.96,662003917.22,Osmosis,346228049.0
2024-05-26,0.523,14.43%,0.117331476659,1.744638506631,-3.531688198597,-11.438851922327,0.8335184453355265,9556068.92,551944716.697654,998096711.96,662186565.62,Osmosis,346323574.0
2024-05-27,0.523,14.44%,-0.248303747646,0.208603672044,0.133600085318,-9.725934034647,0.83525719541966,10331399.44,553248652.0346698,998096711.96,662369214.02,Osmosis,346419099.0
2024-05-28,0.522,14.44%,0.423033708265,4.622928362199,-3.409845176722,-6.636666572285,0.873870537204027,17938004.83,578984551.938494,998096711.96,662551862.42,Osmosis,345852072.0
2024-05-29,0.522,14.43%,0.167305555668,1.52806438937,-0.672266007557,-3.776192616141,0.887223841692236,20497712.22,587993858.7206174,998096711.96,662734510.83,Osmosis,345947415.0
2024-05-30,0.522,14.44%,-0.072155596129,-1.764561744745,0.028749789738,-2.139525172321,0.871568229191474,21341627.54,577777534.5707335,998096711.96,662917159.23,Osmosis,346042757.0
2024-05-31,0.521,14.47%,-0.395033288452,-0.490723392745,4.271131868535,2.301971877983,0.8672912400070966,27636752.85,575100654.4078898,998096711.96,663099807.63,Osmosis,345475000.0
2024-06-01,0.521,14.47%,-0.273851692273,-3.017277730634,2.672857340023,-2.22431033617,0.8411226545626258,14901946.08,557901900.1407717,998096711.96,663282456.03,Osmosis,345570160.0
2024-06-02,0.521,14.47%,-0.436726489453,-0.792556095117,0.112515849673,-2.277824978776,0.8344562856964793,11514239.44,553632626.7318845,998096711.96,663465104.43,Osmosis,345665319.0
2024-06-03,0.521,14.47%,0.256936631029,-0.794146126891,-0.889272434571,-5.72645994939,0.827829483423024,11826336.06,549387176.4001096,998096711.96,663647752.83,Osmosis,345760479.0
2024-06-04,0.52,14.48%,-0.254923982353,-0.806038412982,-6.032206736256,-6.806680915929,0.8211568597926474,13784368.71,545108887.7171316,998096711.96,663830401.24,Osmosis,345191809.0
2024-06-05,0.52,14.49%,0.058134838451,1.547081259207,-6.014605954599,-8.882969962237,0.8338608236791937,14787809.1,553694468.5065438,998226448.41,664013049.64,Osmosis,345286786.0
2024-06-06,0.519,14.49%,0.687940945343,2.311903277564,-2.114504542739,-5.594137840369,0.8531388793921543,16064405.91,566651173.5229353,998216619.22,664195698.04,Osmosis,344717567.0
2024-06-07,0.519,14.49%,-0.025128173461,-2.590509936409,-4.180027006461,-5.024062604489,0.8310382319501338,13962866.8,552123806.3714511,998206658.79,664378346.44,Osmosis,344812362.0
2024-06-08,0.519,14.48%,-0.181296959356,-9.380425658663,-10.466885617463,-11.568033224234,0.7530833084069875,25181337.65,500469792.63234615,998196924.94,664560994.84,Osmosis,344907156.0
2024-06-09,0.52,14.46%,0.100585767171,-3.71405331258,-13.103489628651,-16.585258420213,0.7251133928446132,12002714.13,482014518.52889663,998192608.19,664743643.25,Osmosis,345666694.0
2024-06-10,0.519,14.47%,0.058323209657,0.386722993128,-12.069141334384,-12.76139740922,0.7279175730609959,9559627.68,484011532.48231596,998192608.19,664926291.65,Osmosis,345096745.0
2024-06-11,0.52,14.44%,-0.408410820323,-9.13131496342,-19.449113905261,-19.814787475307,0.661449126790715,22727487.89,439935727.61677045,998192608.19,665108940.05,Osmosis,345856649.0
2024-06-12,0.55,13.66%,-0.651601049131,-5.276748846601,-24.862027351583,-24.106860585963,0.6265461176219331,22650310.26,416835861.8298765,998184443.6,665291588.45,Osmosis,365910374.0
2024-06-13,0.55,13.65%,-0.42438481444,3.175180962265,-24.228035284355,-20.178637578868,0.6464400906684734,20726484.03,430189226.00684714,998178186.24,665474236.85,Osmosis,366010830.0
2024-06-14,0.5489999999999999,13.67%,-0.34178908361,-7.07164907542,-27.71378104183,-22.437155330134,0.6007261159735745,15966899.68,399877475.24729985,998175596.07,665656885.25,Osmosis,365445630.0
2024-06-15,0.5489999999999999,13.66%,0.335355204527,-1.04174003693,-21.062104965694,-29.862715761025,0.5944681115111856,17168753.2,395820370.1443487,998172777.73,665839533.66,Osmosis,365545904.0
2024-06-16,0.5489999999999999,13.67%,0.042316343793,1.012108351505,-17.18746628591,-29.223683497074,0.6004847729148242,9781754.73,399936178.7505347,998170405.7,666022182.06,Osmosis,365646178.0
2024-06-17,0.5479999999999999,13.68%,0.002027823024,1.466537764089,-16.296689154643,-30.41619624889,0.6092911088772245,6976716.27,405912679.89033675,998167817.88,666204830.46,Osmosis,365080247.0
2024-06-18,0.5429999999999999,13.82%,-0.388995301479,-6.148514859197,-13.549095258981,-33.818675644209,0.5718287545121412,14231364.12,381059522.05899966,998166919.45,666387478.86,Osmosis,361848401.0
2024-06-19,0.547,13.72%,-0.043102756975,-9.132705650639,-17.06830464308,-37.707868482,0.5196053175368304,21993515.95,346353382.63549775,998166919.45,666570127.26,Osmosis,364613860.0
2024-06-20,0.547,13.69%,-0.019940396261,9.004884939538,-12.382417690858,-37.395534400877,0.5663951785207423,16198870.87,377645557.4048101,998159339.12,666752775.67,Osmosis,364713768.0
2024-06-21,0.5479999999999999,13.68%,-0.390350512579,-0.977841131068,-6.636865189085,-37.21017649077,0.5608567335007819,15692353.73,374055223.399859,998157422.26,666935424.07,Osmosis,365480612.0
2024-06-22,0.5479999999999999,13.66%,-0.254279403139,-1.523948064349,-7.091809052161,-36.612150661012,0.5523095681668231,14416507.27,368455694.5221891,998156910.67,667118072.47,Osmosis,365580704.0
2024-06-23,0.542,13.81%,0.005591565178,-0.694158949061,-8.661187325283,-34.058854249052,0.5484756618728738,7995398.52,365998204.5474191,998156910.67,667300720.87,Osmosis,361676991.0
2024-06-24,0.55,13.62%,-0.022192113232,-2.908601292733,-12.599628663116,-34.99684492299,0.5325226916813138,8265444.29,355450040.45617276,998156910.67,667483369.27,Osmosis,367115853.0
2024-06-25,0.5489999999999999,13.63%,0.283307803963,1.712903783937,-5.27858406149,-35.017119771188,0.5416442930174439,14821014.3,361637488.1126393,998156910.67,667666017.67,Osmosis,366548644.0
2024-06-26,0.5489999999999999,13.62%,-0.528243256645,1.126242951655,5.415496186059,-34.422052669012,0.5477445236905959,11245006.95,365810449.49938947,998156910.67,667848666.08,Osmosis,366648918.0
2024-06-27,0.55,13.61%,-0.336028538802,-2.932553941156,-6.128858394904,-39.157850340764,0.5316816200736431,12255469.62,355179971.5426517,998156910.67,668031314.48,Osmosis,367417223.0
2024-06-28,0.5489999999999999,13.62%,-0.046261879938,2.492603808028,-2.838941955678,-38.579836251604,0.5449343363821845,11893930.36,364132732.42332244,998156910.67,668213962.88,Osmosis,366849466.0
2024-06-29,0.5489999999999999,13.61%,0.166731111675,-3.64258096185,-4.929283819334,-39.754038249232,0.525084661990543,11578566.32,350964808.70958316,998156910.67,668396611.28,Osmosis,366949740.0
2024-06-30,0.5489999999999999,13.61%,0.069414904918,-0.681802878755,-4.917454701925,-39.869723618456,0.5215046196491906,10049993.4,348667172.45174515,998156910.67,668579259.54,Osmosis,367050013.0
2024-07-01,0.5489999999999999,13.62%,-0.034705720721,3.428957521368,1.288977907392,-35.872992053768,0.5393867915289354,9226463.9,360721339.8259198,998156910.67,668761907.95,Osmosis,367150287.0
2024-07-02,0.5489999999999999,13.62%,-0.074850651993,1.322912253999,0.900611810364,-34.505567893905,0.5465224054905233,11720780.54,365593187.53513575,998156910.67,668944555.36,Osmosis,367250561.0
2024-07-03,0.5489999999999999,13.61%,0.043139838696,-1.483461736318,-1.703270149205,-34.960645216651,0.5384149547246662,10533403.21,360268093.11748284,998156910.67,669127203.76,Osmosis,367350835.0
2024-07-04,0.5489999999999999,13.61%,0.363081676408,-6.620493091423,-5.437914183625,-38.773058539524,0.5027692298439294,12840645.35,336508398.8974374,998156910.67,669309852.16,Osmosis,367451109.0
2024-07-05,0.5489999999999999,13.60%,-2.482853531016,-8.652733612011,-15.720864507926,-44.922949410672,0.45926594770237295,17323407.92,307475107.74931985,998156910.67,669492500.56,Osmosis,367551383.0
2024-07-06,0.5489999999999999,13.59%,0.0407924155,-4.435559818196,-16.414444443374,-48.555277168926,0.43889493186742823,25305702.78,293917028.880498,998156910.67,669675148.97,Osmosis,367651657.0
2024-07-07,0.5479999999999999,13.61%,-0.394947828359,10.298391984885,-7.173583106785,-41.748281397723,0.48409405235293196,11782442.38,324274175.62905246,998156910.67,669857797.37,Osmosis,367082073.0
2024-07-08,0.5479999999999999,13.61%,-0.634387450951,-4.867695491953,-14.619743156052,-38.847425929024,0.46052982798973774,10346879.93,308573611.2366253,998156910.67,670040445.77,Osmosis,367182164.0
2024-07-09,0.5479999999999999,13.61%,-0.041973857155,3.367052434031,-12.897238248586,-34.350114965465,0.4760361087725066,15323572.39,319050393.75815606,998156910.67,670223094.17,Osmosis,367282256.0
2024-07-10,0.547,13.64%,0.315901709699,6.268914670536,-6.043024660953,-30.503339257891,0.5058784062323937,22473025.41,339143788.580356,998156910.67,670405742.57,Osmosis,366711941.0
2024-07-11,0.547,13.63%,0.330344063227,-2.490118335735,-1.887107244928,-25.424130851056,0.49328143528227797,10721190.15,330788803.98131496,998156910.67,670588390.97,Osmosis,366811850.0
2024-07-12,0.547,13.62%,-0.161723715987,-3.672132770298,3.462381311887,-24.160812319612,0.47516748604748266,10454554.99,318728588.4956516,998156910.67,670771039.38,Osmosis,366911759.0
2024-07-13,0.545,13.67%,0.185743665236,0.441725455335,8.742750744042,-26.1700459674,0.47726642178882955,8856706.13,320223665.75278014,998156910.67,670953687.78,Osmosis,365669760.0
2024-07-14,0.531,14.02%,-0.190158610755,1.285725405996,-0.142801780256,-19.530257704108,0.48340275742805777,8293966.62,324429155.51957595,998156910.67,671136336.18,Osmosis,356373395.0
2024-07-15,0.531,14.03%,0.089696916789,1.252260638727,6.281111480309,-17.664848558216,0.48945621988585025,8064455.1,328581252.5301342,998156910.67,671318984.58,Osmosis,356470381.0
2024-07-16,0.531,14.03%,1.060476695814,7.059323791432,10.077473033735,-12.735752361996,0.5240085192648967,13118939.31,351872576.3818099,998156910.67,671501632.98,Osmosis,356567367.0
2024-07-17,0.53,14.03%,0.165290503283,3.180623113677,6.878500581402,-11.261587856976,0.5406752553462745,16581627.91,363163070.35261714,998156910.67,671684281.39,Osmosis,355992669.0
2024-07-18,0.528,14.08%,-0.319196453038,-0.647398639846,8.898266319263,-6.060175033438,0.5371749310971798,12610145.52,360910071.716417,998156910.67,671866929.79,Osmosis,354745739.0
2024-07-19,0.528,14.09%,0.094218967599,-0.923853339502,12.005185157827,2.426246344092,0.5322122225572736,9389512.55,357672999.6771782,998156910.67,672049578.19,Osmosis,354842177.0
2024-07-20,0.528,14.09%,0.345982177197,2.58426934576,14.394391676013,-3.606873684005,0.5459660198792068,9562585.29,366916233.3658941,998156910.67,672049578.19,Osmosis,354842177.0
2024-07-21,0.527,14.10%,0.676429639257,2.786179983509,16.089039050498,0.05721288912,0.5611776158418416,10023168.05,377139180.0161795,998156910.67,672049578.19,Osmosis,354170128.0
2024-07-22,0.527,14.11%,0.899036312528,-3.097470580297,11.101929487126,-1.541574575135,0.543795304287928,11361693.15,365457404.86840475,998156910.67,672049578.19,Osmosis,354170128.0
2024-07-23,0.527,14.11%,-0.730260682693,-4.879435738392,-1.287642690916,-5.691136758827,0.5172611618668064,12909694.16,348097530.2698147,998044240.51,672962820.2,Osmosis,354651406.0
2024-07-24,0.526,14.11%,0.020148772141,-2.890616977558,-7.095966028283,-5.673667854857,0.5023091229035719,10752535.83,338035363.9613762,998044240.51,672962820.2,Osmosis,353978443.0
2024-07-25,0.526,14.12%,-0.287686332888,-4.058366560159,-10.285542095813,-11.025818301107,0.481923577431025,9473559.71,324404672.3591957,998042963.35,673145468.6,Osmosis,354074516.0
2024-07-26,0.526,14.12%,0.035616545616,-2.051009568363,-11.306193518522,-13.821269163001,0.4720392787457191,11075487.79,317837318.7078932,998040690.4,673328117.0,Osmosis,354170590.0
2024-07-27,0.526,14.11%,-0.014956759428,3.210455394331,-10.764796435251,-8.367362940609,0.48719388923357027,7104962.84,328130329.2359047,998039081.73,673510765.4,Osmosis,354266663.0
2024-07-28,0.526,14.11%,-0.69141847699,-0.014898593493,-13.196590447439,-10.609174046457,0.4871213041964917,7040033.54,328170414.3637139,998035825.13,673693413.81,Osmosis,354362736.0
2024-07-29,0.526,14.11%,0.588439887904,-1.518638178201,-11.782302952214,-8.63879126116,0.47972369409681254,5276058.91,323274313.92679465,998033867.98,673876062.21,Osmosis,354458809.0
2024-07-30,0.526,14.10%,-0.654443944419,-0.737395822925,-7.940849474104,-8.689930314464,0.47618623161496304,9277011.73,320977477.2926168,998032198.08,674058710.61,Osmosis,354554882.0
2024-07-31,0.525,14.11%,0.12395347235,-3.098544661484,-8.137963752429,-14.452597689948,0.4614313885565374,11096930.03,311116126.51023114,998031100.24,674241359.01,Osmosis,353976713.0
2024-08-01,0.523,14.16%,-0.493191525571,-2.546222737234,-6.690118789895,-17.719326214856,0.449682317624378,15429139.72,303276550.71364945,998029751.68,674424007.41,Osmosis,352723756.0
2024-08-02,0.526,14.09%,0.021540516512,-1.906317110765,-6.55227932906,-18.072493568646,0.44110994665942105,19377446.86,297575705.9604395,998028181.65,674606655.81,Osmosis,354843101.0
2024-08-03,0.526,14.09%,0.417344397646,-8.131334497983,-16.821242969575,-19.398046392286,0.40524182139266696,18993171.84,273452846.69840324,998025127.4,674789304.22,Osmosis,354939174.0
2024-08-04,0.526,14.08%,0.107211731373,-4.837045256228,-20.832842297699,-16.031203048249,0.3856400910947418,13770293.71,260296245.29477254,998021535.0,674971952.62,Osmosis,355035247.0
2024-08-05,0.526,14.08%,-1.599579099716,-4.362731708303,-23.119151065698,-15.96721178999,0.3688156485606224,12797800.06,249007582.05387953,998017240.59,675154601.02,Osmosis,355131320.0
2024-08-06,0.528,14.02%,-1.142465249338,-9.71901984846,-30.075596401951,-31.217832391373,0.332970382472789,35731682.22,224867302.23749867,998013618.49,675337249.42,Osmosis,356578068.0
2024-08-07,0.528,14.02%,-0.317901577296,8.409780385493,-21.771151824611,-21.618006381222,0.3609724603874852,15157576.52,243844079.55678803,998007070.52,675519897.82,Osmosis,356674506.0
2024-08-08,0.528,14.00%,-0.164377400484,-2.287956149941,-21.563834076509,-25.906131429829,0.35271356878045707,10005702.82,238329456.51482508,997984580.47,675702546.23,Osmosis,356770944.0
2024-08-09,0.528,14.00%,0.168885677966,11.194017383305,-11.088745571673,-22.472202380813,0.39219638698301673,12235879.8,265079731.34919906,997979051.6,675885194.63,Osmosis,356867383.0
2024-08-10,0.528,13.99%,0.237868171241,-0.672110700946,-3.869647076749,-21.026747565625,0.38956039309737966,8798469.35,263369254.69126436,997976061.55,676067843.03,Osmosis,356963821.0
2024-08-11,0.529,13.97%,-0.525852507564,3.617451271311,4.670795337728,-15.050469078251,0.4036525504900058,8040542.38,272970235.6358393,997973959.45,676250491.43,Osmosis,357736510.0
2024-08-12,0.529,13.98%,-0.48545490694,-6.341744565536,2.504852568239,-20.787652441862,0.3780539368056588,8301614.85,255728211.4985442,997972225.4,676433139.83,Osmosis,357833131.0
2024-08-13,0.529,13.96%,0.708761921892,3.74101941891,17.787355464735,-18.867445009583,0.3921970079955123,9527098.21,265366687.7063312,997969026.11,676615788.23,Osmosis,357929752.0
2024-08-14,0.529,13.95%,-0.253455154435,0.828990451206,9.55081817522,-19.206607726032,0.3954482837417106,7943792.47,267638780.20836085,997967963.79,676798436.64,Osmosis,358026373.0
2024-08-15,0.529,13.96%,-0.158023879262,-2.355386230645,9.475218277605,-26.311513053486,0.38613394931713724,8223129.55,261405379.9794959,997966259.02,676981085.04,Osmosis,358122994.0
2024-08-16,0.529,13.96%,0.102020574265,-6.103913631756,-7.555327233642,-32.942248981651,0.3625646665479299,8733620.45,245515643.2130249,997964793.13,677163733.44,Osmosis,358219615.0
2024-08-17,,,0.084321763045,-1.321363711106,-8.159588357988,-33.397139757784,0.35777386861487454,7471537.28,242336835.4231848,997963474.06,677346381.84,Osmosis,
2024-08-18,,,-0.227445889671,2.261516224675,-9.361409395998,-31.255809770157,0.3658649827012473,4553983.67,247884146.92835045,997962122.25,677529030.24,Osmosis,
2024-08-19,,,-1.259629942038,0.739611899642,-2.508365138545,-32.491959164149,0.3685709636499272,5543605.88,249852165.37363738,997951382.47,677894327.05,Osmosis,
2024-08-20,,,0.757420008697,4.438807101568,-1.85261235773,-31.406544578352,0.3849311177587394,14239272.4,260942621.03366494,997951382.47,677894327.05,Osmosis,
2024-08-21,,,0.347238550455,2.972694960185,0.234079143312,-27.10971526031,0.3963739456965365,10303257.39,268772046.24509,997950803.84,678076975.45,Osmosis,
2024-08-22,,,-0.440914101569,2.643207448075,5.365231954071,-21.345161526706,0.4068509313514179,9959614.76,275950559.6614349,997949433.33,678259623.85,Osmosis,
2024-08-23,,,0.054314940127,0.457968317909,12.728629518589,-18.632937153207,0.40871417971812307,8593456.38,277288976.7887583,997947685.81,678442272.25,Osmosis,
2024-08-24,,,-0.134504539884,9.276540600607,24.835477300017,-7.323746449397,0.4466287165401142,9789674.17,303093377.32204634,997945540.77,678624920.65,Osmosis,
2024-08-25,,,0.885997800912,3.954369059131,26.902022950716,-1.641646104142,0.46429006431616976,10434602.47,315163608.97787595,997942689.75,678807567.08,Osmosis,
2024-08-26,,,-0.466295586967,-3.455516465723,21.617405846641,-7.994239131331,0.44824644469500907,8045983.38,304354950.0716081,997941206.47,678990215.48,Osmosis,
2024-08-27,,,0.035705487369,-2.135700185825,13.961491888959,-9.945789526431,0.43867324454270534,9938474.12,297934963.8036008,997940014.64,679172863.88,Osmosis,
2024-08-28,,,0.541511859315,-5.762227745246,4.294416326544,-13.826250772748,0.4133958931346945,11976998.71,280842778.7549685,997939101.5,679355512.28,Osmosis,
2024-08-29,,,0.969050157688,-1.722330118986,-0.141349115983,-14.681310759717,0.40627585115658305,9349571.89,276079944.6236459,997937600.99,679538160.68,Osmosis,
