index,date,percent_change_1h,percent_change_24h,percent_change_7d,percent_change_30d,price,volume_24h,market_cap,total_supply,circulating_supply,token,total_tokens,percentage_bonded
262,2023-09-03,0.079736037225,-5.176195780893,-2.823778816235,6.120828895095,2.027083051846171,53909437.89,316744242.06172633,1000000000.0,156256174.0,dYdX (ethDYDX),,
263,2023-09-04,-0.044613187461,0.557117334535,-7.925897155571,3.634730469482,2.0383762829134238,41781991.91,318508879.1403932,1000000000.0,156256174.0,dYdX (ethDYDX),,
264,2023-09-05,1.821610629202,1.842582455369,-3.158355527151,0.73602321699,2.0759350466767965,55151757.13,324377667.8662276,1000000000.0,156256174.0,dYdX (ethDYDX),,
265,2023-09-06,0.418107670543,1.814592671848,-2.868548806906,3.785380214181,2.11360481190612,43357047.31,330263801.25644,1000000000.0,156256174.0,dYdX (ethDYDX),,
266,2023-09-07,0.088004460508,-3.14884395192,-3.968036158151,-0.460297414499,2.0470506946189184,47661139.01,319864309.5251946,1000000000.0,156256174.0,dYdX (ethDYDX),,
267,2023-09-08,-0.415098435762,0.893449494149,-6.55927638997,-0.975128365286,2.065340058694966,41344846.6,322722135.5806109,1000000000.0,156256174.0,dYdX (ethDYDX),,
268,2023-09-09,-0.114250793137,-4.204088808814,-7.448305741178,-7.051533928659,1.9785113284234188,47532363.48,309154610.3951009,1000000000.0,156256174.0,dYdX (ethDYDX),,
269,2023-09-10,0.068207948981,0.623650216386,-1.78743210392,-9.089890409266,1.9908503186043474,24883972.66,311082653.7917963,1000000000.0,156256174.0,dYdX (ethDYDX),,
270,2023-09-11,-0.54401819874,-3.07636126954,-5.336193977378,-10.908041357082,1.9296045704682876,33694433.27,301512627.514288,1000000000.0,156256174.0,dYdX (ethDYDX),,
271,2023-09-12,0.190565837134,-3.384935738695,-10.195229916687,-16.291801701591,1.864288695747013,35182405.34,291306618.82887834,1000000000.0,156256174.0,dYdX (ethDYDX),,
272,2023-09-13,-0.36319645406,1.418335217623,-10.544745724163,-14.517713056041,1.89073055887695,28609229.26,295438323.194994,1000000000.0,156256174.0,dYdX (ethDYDX),,
273,2023-09-14,-0.106758609317,2.257735913004,-5.551031696224,-11.611704504719,1.9334182617228577,24256377.83,302108540.3185444,1000000000.0,156256174.0,dYdX (ethDYDX),,
274,2023-09-15,-0.858321289056,0.062690581984,-6.328726606612,-9.831138213482,1.9346303328833219,18187378.13,302297933.9206943,1000000000.0,156256174.0,dYdX (ethDYDX),,
275,2023-09-16,-0.353453848106,1.696173948967,-0.559324562156,-1.482336447514,1.9674450285985001,21333080.93,307425432.7241222,1000000000.0,156256174.0,dYdX (ethDYDX),,
276,2023-09-17,0.067406423506,1.79306825772,0.596345299247,6.004520915338,2.002722660894395,21448985.77,312937780.5744576,1000000000.0,156256174.0,dYdX (ethDYDX),,
277,2023-09-18,0.208659648843,-3.949313512337,-0.309685534885,-2.183855048653,1.9236288642330626,36847348.88,300578886.5210238,1000000000.0,156256174.0,dYdX (ethDYDX),,
278,2023-09-19,-0.74144401827,0.897542461494,4.109103623213,-1.461901102201,1.9408942500911035,27698966.56,303276709.657835,1000000000.0,156256174.0,dYdX (ethDYDX),,
279,2023-09-20,0.124782171356,2.076757284875,4.78499453663,3.136398239766,1.9812019128215992,22513870.48,309575030.8189846,1000000000.0,156256174.0,dYdX (ethDYDX),,
280,2023-09-21,0.113180873815,1.298675693083,3.802231530902,3.72578440048,2.0069313004943,25046197.63,313595406.4960836,1000000000.0,156256174.0,dYdX (ethDYDX),,
281,2023-09-22,-0.429872704029,-2.100904065997,1.557779065327,0.500917171955,1.9647675992004539,42656272.53,307007067.85022837,1000000000.0,156256174.0,dYdX (ethDYDX),,
282,2023-09-23,0.249600207168,-2.361577035266,-2.494449862829,-10.792517758081,1.9183680987813865,28964840.4,352529916.97907716,1000000000.0,183765523.0,dYdX (ethDYDX),,
283,2023-09-24,0.655805661601,-0.758242231234,-4.938299302227,-12.415834636763,1.9038222217058973,16158936.79,349856886.2708062,1000000000.0,183765523.0,dYdX (ethDYDX),,
284,2023-09-25,-1.208142983783,-1.702346844778,-2.714468524539,-13.6591424818,1.8714125641845005,18958066.19,343901108.6061358,1000000000.0,183765523.0,dYdX (ethDYDX),,
285,2023-09-26,-0.03354655946,2.239217503509,-1.420823839589,-8.277576284236,1.913317561884591,16816563.52,351601802.4248067,1000000000.0,183765523.0,dYdX (ethDYDX),,
286,2023-09-27,0.55493928356,-1.914422220756,-5.275248666932,-15.229381708994,1.8766885853262412,15835436.53,344870659.3906068,1000000000.0,183765523.0,dYdX (ethDYDX),,
287,2023-09-28,-0.141719190151,-0.294104633255,-6.764663205753,-12.710612711817,1.8711691572450286,18801125.51,343856378.80260193,1000000000.0,183765523.0,dYdX (ethDYDX),,
288,2023-09-29,0.080139326994,3.20877671413,-1.707927276968,-11.250529777888,1.9312107974446848,18439906.42,354889962.2156696,1000000000.0,183765523.0,dYdX (ethDYDX),,
289,2023-09-30,-0.004362838271,0.867986782897,1.543257164973,-8.615982695953,1.947973451916387,16186869.7,357970360.1815302,1000000000.0,183765523.0,dYdX (ethDYDX),,
290,2023-10-01,0.233300324426,1.219424050431,3.566787182383,-10.794522965991,1.9717275086850656,11938609.08,362335536.84699816,1000000000.0,183765523.0,dYdX (ethDYDX),,
291,2023-10-02,-0.982322604959,1.726198073869,7.179115356424,-6.173494611305,2.0057634309619248,28189222.94,368590165.9049925,1000000000.0,183765523.0,dYdX (ethDYDX),,
292,2023-10-03,0.220691562965,2.28567872794,7.227821450372,1.209900461044,2.051608739036211,60520803.14,377014952.92035985,1000000000.0,183765523.0,dYdX (ethDYDX),,
293,2023-10-04,-0.152499236757,-1.529701521144,7.648400738584,-0.890465323715,2.0202252489472534,47572074.68,371247749.4505972,1000000000.0,183765523.0,dYdX (ethDYDX),,
294,2023-10-05,-0.09778357592,-2.124114206116,5.672613819163,-4.750711704388,1.977313357438821,27979602.44,363362023.2646309,1000000000.0,183765523.0,dYdX (ethDYDX),,
295,2023-10-06,-1.060237226475,-2.791864946247,-0.47127732103,-9.060131387494,1.9221094389350362,22440272.72,353217446.30913347,1000000000.0,183765523.0,dYdX (ethDYDX),,
296,2023-10-07,-0.331342445121,3.739242943485,2.361856037351,-2.592457248956,1.9939817804964746,17094315.88,366425104.74540585,1000000000.0,183765523.0,dYdX (ethDYDX),,
297,2023-10-08,0.004539284041,3.252463349711,4.41784161545,-0.314948212065,2.058835307107036,29805881.0,378342946.98139006,1000000000.0,183765523.0,dYdX (ethDYDX),,
298,2023-10-09,0.405398165388,-2.320133411262,0.264445458531,1.64549236453,2.011067581263984,29011117.12,369564885.85932106,1000000000.0,183765523.0,dYdX (ethDYDX),,
299,2023-10-10,0.824835421344,0.85067776624,-1.142198926554,1.874825399414,2.028175286041856,72804883.59,372708692.1751563,1000000000.0,183765523.0,dYdX (ethDYDX),,
300,2023-10-11,-0.292425342436,-6.087428352348,-5.71786142973,-1.290057154986,1.9047115686440297,54133662.54,350020317.57602054,1000000000.0,183765523.0,dYdX (ethDYDX),,
301,2023-10-12,0.11206359521,-2.373475922611,-5.958067234439,-0.256666126382,1.8595036981670707,40498965.82,341712669.6141059,1000000000.0,183765523.0,dYdX (ethDYDX),,
302,2023-10-13,-0.412395783506,-1.903362852841,-5.098504872875,-3.523503813657,1.8241105955289458,35653939.78,335208637.5972182,1000000000.0,183765523.0,dYdX (ethDYDX),,
303,2023-10-14,-0.288768372461,1.132670387379,-7.483018444721,-4.584962674674,1.8447717560775434,33594896.8,339005446.5712182,1000000000.0,183765523.0,dYdX (ethDYDX),,
304,2023-10-15,0.037597601868,-0.719046895723,-11.04159833912,-5.330390467792,1.8315069820322876,19512094.26,336567838.43131495,1000000000.0,183765523.0,dYdX (ethDYDX),,
305,2023-10-16,-0.037317867518,0.540716618064,-8.436182761805,-6.406012982387,1.8414102446451441,19385408.81,338387716.66477287,1000000000.0,183765523.0,dYdX (ethDYDX),,
306,2023-10-17,-0.112364584238,2.180183272787,-7.229105110817,-6.050078749196,1.8815563627822847,49369665.42,345765189.0606643,1000000000.0,183765523.0,dYdX (ethDYDX),,
307,2023-10-18,0.80192157846,-3.125352242123,-4.303038380301,-5.24413868483,1.8227510988112523,43914780.17,334958808.9718745,1000000000.0,183765523.0,dYdX (ethDYDX),,
308,2023-10-19,-0.628571703236,2.26453818214,0.243306600928,-3.960352640453,1.864027993409215,23823247.58,342544079.095485,1000000000.0,183765523.0,dYdX (ethDYDX),,
309,2023-10-20,-0.440294555891,-0.196104116178,1.987925641535,-6.098790549929,1.8603725577874253,23405677.45,341872336.0566539,1000000000.0,183765523.0,dYdX (ethDYDX),,
310,2023-10-21,-0.241890577322,1.210708798851,2.066624005535,-6.180333548427,1.8828962520359651,24032462.03,346011414.5101289,1000000000.0,183765523.0,dYdX (ethDYDX),,
311,2023-10-22,-0.238929425,3.484358003065,6.387969983117,-0.827807875286,1.9485030982831992,23019082.36,358067690.9231325,1000000000.0,183765523.0,dYdX (ethDYDX),,
312,2023-10-23,0.184436854965,1.520796045339,7.425048931799,3.115552098775,1.978135856345204,22435974.54,363513170.2063293,1000000000.0,183765523.0,dYdX (ethDYDX),,
313,2023-10-24,-2.019932725012,5.51194840665,10.927832163054,9.630492824598,2.087169684160389,125344956.69,383549828.5994787,1000000000.0,183765523.0,dYdX (ethDYDX),,
314,2023-10-25,-1.181617263745,8.402628199073,24.128126658638,20.900481054005,2.2625467926041445,225626090.81,415778094.65487313,1000000000.0,183765523.0,dYdX (ethDYDX),,
315,2023-10-26,1.660563878613,4.731105681652,27.122032546583,23.847202349675,2.369590272459079,147756403.43,435448995.71415514,1000000000.0,183765523.0,dYdX (ethDYDX),,
316,2023-10-27,0.039727269671,-2.098480880947,24.698940753771,23.614801719033,2.3198648736347556,142134029.39,426311181.7928198,1000000000.0,183765523.0,dYdX (ethDYDX),,
317,2023-10-28,0.469936424397,0.841332439997,24.24384226434,25.022510141471,2.3393826493807395,161031685.9,429897876.0605772,1000000000.0,183765523.0,dYdX (ethDYDX),42923.596182713394,0.00023357806993378946
318,2023-10-29,0.969081784322,3.584308122212,24.363842881604,25.477412144674,2.423233331692113,65275807.32,445306740.54943365,1000000000.0,183765523.0,dYdX (ethDYDX),72873.60470094171,0.0003965575452417247
319,2023-10-30,-0.844474296521,2.312798383332,25.334052515107,27.274723922586,2.4792778330118574,69315900.82,455605787.6457307,1000000000.0,183765523.0,dYdX (ethDYDX),102835.38533864959,0.0005596010810942463
320,2023-10-31,-0.00931406207,-1.381070474025,17.146069983987,24.004825622262,2.445037258891087,91494382.68,449313550.634607,1000000000.0,183765523.0,dYdX (ethDYDX),228499.92846233025,0.001243431981864902
321,2023-11-01,0.355113510154,-5.357506886697,2.276082286027,15.369748178822,2.314044219363682,102770670.94,425241546.2164937,1000000000.0,183765523.0,dYdX (ethDYDX),438204.4193668879,0.002384584508634342
322,2023-11-02,0.341186488286,2.612146470983,0.206794034169,15.737976671529,2.3744904437767818,114553298.49,436349478.2591424,1000000000.0,183765523.0,dYdX (ethDYDX),933431.4690299475,0.005079470043082823
323,2023-11-03,-0.140566315042,-6.54970995208,-4.349247575232,9.837663301449,2.218968206869541,112951685.09,407769853.05575335,1000000000.0,183765523.0,dYdX (ethDYDX),1097405.4303422857,0.005971769962215849
324,2023-11-04,-0.518609712337,3.67814861896,-1.65845010714,16.349042334169,2.300585155325677,81941922.28,422768234.2744593,1000000000.0,183765523.0,dYdX (ethDYDX),1178593.4767016177,0.006413572347309227
325,2023-11-05,-0.535259646676,2.562708873178,-2.628342703235,22.757966192787,2.359542455236235,54109535.4,433602553.3271909,1000000000.0,183765523.0,dYdX (ethDYDX),1759337.2196995663,0.009573815539379311
326,2023-11-06,0.457960493472,0.664417308607,-4.19711610831,19.119426613886,2.3752196637127527,63549106.88,436483483.7420581,1000000000.0,183765523.0,dYdX (ethDYDX),1843681.1902635877,0.010032791571374287
327,2023-11-07,0.369089867327,4.517389763669,1.532914667807,20.578736195965,2.4825175936659694,81137882.43,456201143.95672834,1000000000.0,183765523.0,dYdX (ethDYDX),3486897.2570674084,0.018974708640354745
328,2023-11-08,0.441274843725,-1.872413876591,5.271738948152,21.131413605815,2.436034589753345,105317979.57,447659170.4321139,1000000000.0,183765523.0,dYdX (ethDYDX),3994182.503134771,0.021735211469100058
329,2023-11-09,0.06997535178,3.22011749323,5.895467901723,23.977339780445,2.5144777657191226,145560163.14,462074321.68924606,1000000000.0,183765523.0,dYdX (ethDYDX),4180290.955271693,0.022747961026790064
330,2023-11-10,3.368356863702,0.584490371465,13.979760427503,32.785177965444,2.5291746461523683,218418800.22,464775101.6085299,1000000000.0,183765523.0,dYdX (ethDYDX),5265921.48156609,0.02865565529158639
331,2023-11-11,-0.216353001688,12.524290439577,23.704867779943,53.048140069089,2.845935824560623,246069414.04,522984885.2248192,1000000000.0,183765523.0,dYdX (ethDYDX),6834176.215257514,0.03718965398780224
332,2023-11-12,-0.011254140184,4.290962223203,25.789381288838,62.712385036526,2.9680538556891265,316447618.81,545425969.0828788,1000000000.0,183765523.0,dYdX (ethDYDX),6887675.2571205925,0.037480780641973806
333,2023-11-13,-1.045680808922,7.986461891863,34.938944585604,73.73945233304,3.2050963458037236,351824464.31,588986206.2520101,1000000000.0,183765523.0,dYdX (ethDYDX),6966881.01603913,0.037911795979483756
334,2023-11-14,2.515833138965,-6.060145308664,21.28263894876,64.392649304804,3.0108628499653465,245170224.45,553292786.3051524,1000000000.0,183765523.0,dYdX (ethDYDX),7809680.017345759,0.0424980697676667
335,2023-11-15,4.070043230487,29.229350143974,59.723450196597,111.301012691301,3.8909184947365514,629691613.29,715016672.1356351,1000000000.0,183765523.0,dYdX (ethDYDX),9677441.86356333,0.0526619014577796
336,2023-11-16,0.042357003565,2.528849139822,58.653777257838,112.022027749561,3.989313953621878,695050139.0,733098365.0985222,1000000000.0,183765523.0,dYdX (ethDYDX),9708642.47349802,0.05283168635227632
337,2023-11-17,-2.360763713805,-9.14183870311,43.312258492518,98.854210483537,3.624617306621114,367498756.18,666079695.0260804,1000000000.0,183765523.0,dYdX (ethDYDX),10219226.682784889,0.05561014120578477
338,2023-11-18,-0.778041414208,-6.167707077587,19.505910818993,82.457642293495,3.4010615284651924,429235146.15,624997850.5335854,1000000000.0,183765523.0,dYdX (ethDYDX),10618713.54229888,0.05778403570455857
339,2023-11-19,-0.241253214263,-4.990565007455,8.870306910026,73.692593368862,3.2313293419436078,263300742.59,593806926.5075129,1000000000.0,183765523.0,dYdX (ethDYDX),13150548.979867171,0.07156156805249683
340,2023-11-20,2.45895452606,4.560694186148,5.416500062487,79.441665345266,3.3787003913769387,215426239.14,620888644.4816878,1000000000.0,183765523.0,dYdX (ethDYDX),13183799.787346171,0.07174250954215264
341,2023-11-21,-0.073763441871,-10.124340181475,0.855781925638,55.844210497619,3.0366292700410993,287825175.77,558027765.9662108,1000000000.0,183765523.0,dYdX (ethDYDX),13707290.096906444,0.07459119574299279
342,2023-11-22,0.905542976899,0.325309795518,-21.702093563993,54.00902383615,3.04650772251011,436540643.13,559843084.9506092,1000000000.0,183765523.0,dYdX (ethDYDX),15117728.782960963,0.08226640414459552
343,2023-11-23,-0.195812209837,12.951745583369,-13.742470712711,64.868418606395,3.4410836519073134,410250262.39,632352536.9794974,1000000000.0,183765523.0,dYdX (ethDYDX),15661834.310379142,0.08522727253021853
344,2023-11-24,-1.295656424686,-3.950285080327,-8.813793065356,46.081002550241,3.3051510378044497,188732707.02,607372809.0561274,1000000000.0,183765523.0,dYdX (ethDYDX),15758483.468087638,0.0857532099102596
345,2023-11-25,0.075017384445,8.62275658144,5.559577102488,51.509153635981,3.5901461664432768,216846674.6,659745087.9228938,1000000000.0,183765523.0,dYdX (ethDYDX),15796772.961037643,0.08596157050110886
346,2023-11-26,0.061170625607,-2.565923372188,8.253458459259,50.785755093661,3.4980257668627806,92524547.72,642816534.5150149,1000000000.0,183765523.0,dYdX (ethDYDX),14758232.769984419,0.08031012852168368
347,2023-11-27,-0.080455323351,-1.602817969091,1.87226988497,47.13107247415,3.4419587813080645,88551886.71,632513355.5915191,1000000000.0,183765523.0,dYdX (ethDYDX),14790323.027163094,0.0804847546248547
348,2023-11-28,0.822124147654,-6.594118499876,5.873705831342,32.673643041495,3.214991940551727,92667015.6,590804675.396273,1000000000.0,183765523.0,dYdX (ethDYDX),16447476.444696449,0.08950251481447066
349,2023-11-29,0.597771840711,-0.177224873621,5.3433789593,29.444717022677,3.20929417514815,94174961.85,589757622.5569534,1000000000.0,183765523.0,dYdX (ethDYDX),17755331.704930484,0.09661949322741287
350,2023-11-30,-0.281389142812,0.87499077107,-5.919892380333,32.405966053272,3.2373752029971845,88596582.93,594917947.3260088,1000000000.0,183765523.0,dYdX (ethDYDX),18887346.40797963,0.1027795970628268
351,2023-12-01,1.178381831354,0.453629886078,-1.606284637366,40.535815056149,3.252060904442457,102392359.78,597616672.9327211,1000000000.0,183765523.0,dYdX (ethDYDX),19854881.116445508,0.10804464728917354
352,2023-12-02,-0.013142509985,-4.75802665862,-13.726995056499,30.441753841217,3.0973269796545244,177779512.43,569181912.3182241,1000000000.0,183765523.0,dYdX (ethDYDX),20883878.220244654,0.11364415848692495
353,2023-12-03,0.935637142319,10.302811974488,-2.332373106918,53.965196257734,3.4164387546034054,169201810.68,627823654.5371635,1000000000.0,183765523.0,dYdX (ethDYDX),21891544.13399289,0.11912759138172448
354,2023-12-04,-1.375675261263,-2.245443977675,-2.970234435289,45.168481532014,3.339724536337212,137502733.35,613726226.0959402,1000000000.0,183765523.0,dYdX (ethDYDX),22911392.9883339,0.12467732039341188
355,2023-12-05,0.457629979438,-5.607978142915,-1.945834621133,33.603593667494,3.1524335143058395,270755637.1,579308593.4791406,1000000000.0,183765523.0,dYdX (ethDYDX),28992459.667336315,0.1577687652941097
356,2023-12-06,1.537148118194,-2.376390741717,-4.106036773926,29.567779483712,3.077519376133102,198890259.29,565541957.6977333,1000000000.0,183765523.0,dYdX (ethDYDX),31060131.676560376,0.16902045154879447
357,2023-12-07,0.375555435214,-5.913069514002,-10.558914720952,16.63738148335,2.8955435161154557,194108256.32,532101068.60821563,1000000000.0,183765523.0,dYdX (ethDYDX),35278676.081477046,0.19197657702896231
358,2023-12-08,0.476125820136,5.345284663403,-6.203522958698,25.216553674363,3.0503185596045386,150253503.19,560543385.4223347,1000000000.0,183765523.0,dYdX (ethDYDX),39243481.13433338,0.21355192472275325
359,2023-12-09,0.799843705623,0.401865907833,-1.121942562309,21.797726419745,3.0625767499758894,122687326.99,562796018.1869595,1000000000.0,183765523.0,dYdX (ethDYDX),40187331.77802358,0.218688092967382
360,2023-12-10,-1.207972159898,-4.270048020832,-14.18539998334,15.919367471805,2.9318032520770863,174190454.38,538764357.9510466,1000000000.0,183765523.0,dYdX (ethDYDX),40314370.23354219,0.21937940031080905
361,2023-12-11,-0.396652910208,3.172858955374,-9.428900461593,6.285785083772,3.024825234114567,102096181.6,555858591.1306609,1000000000.0,183765523.0,dYdX (ethDYDX),41798920.32344218,0.22745790201049945
0,2023-12-12,-0.017226773241,-0.017226773241,-0.017226773241,-0.017226773241,2.3835235575901286,0.0,2383523557.5901284,1000000000.0,1000000000.0,dYdX (Native),45939124.81665113,0.045939124816651127
1,2023-12-13,0.166950884215,25.205186281962,25.20047809624,25.186259622296,2.9842951103551707,614824.02,2984295110.3551707,1000000000.0,1000000000.0,dYdX (Native),46552982.661714174,0.046552982661714176
2,2023-12-14,-0.019695885664,-3.718017319986,20.535667142966,20.53782160684,2.8733385012726704,632631.47,2873338501.2726703,1000000000.0,1000000000.0,dYdX (Native),47145221.087747686,0.047145221087747685
3,2023-12-15,-0.021256828371,2.620172747617,23.689419234006,23.711084343571,2.948624933629805,986246.42,2948624933.629805,1000000000.0,1000000000.0,dYdX (Native),50339211.04524007,0.05033921104524007
4,2023-12-16,-1.267712047008,-4.214005855724,18.479835117643,18.495245028195,2.8243697062633175,1060805.63,2824369706.2633176,1000000000.0,1000000000.0,dYdX (Native),50556145.48390283,0.050556145483902824
5,2023-12-17,-0.898691357693,11.051238520188,31.586426433148,31.577601797168,3.1364975391944157,1238669.54,3136497539.1944156,1000000000.0,1000000000.0,dYdX (Native),50603630.56990884,0.05060363056990884
6,2023-12-18,-2.987889879934,-0.631219107119,30.75188434771,30.762946871381,3.1166993674326995,1342138.84,3116699367.4326997,1000000000.0,1000000000.0,dYdX (Native),50664966.538815334,0.05066496653881533
7,2023-12-19,-0.001398049714,-7.53572163176,20.906444151861,20.888783624118,2.8818335790041556,762938.4,2881833579.0041556,1000000000.0,1000000000.0,dYdX (Native),50799891.06838719,0.050799891068387185
8,2023-12-20,0.757381285017,-0.633372274387,-4.044984218066,20.126880367009,2.8635808441207824,594266.88,2863580844.1207824,1000000000.0,1000000000.0,dYdX (Native),51926165.26104838,0.051926165261048374
9,2023-12-21,-0.012023317022,0.645642437148,0.303856854873,20.901254360851,2.8820693372724793,807031.51,2882069337.272479,1000000000.0,1000000000.0,dYdX (Native),52821726.58297085,0.05282172658297085
10,2023-12-22,-0.604914461519,5.427894575384,3.0482035146,27.459909257774,3.0385050224890935,1384935.56,3038505022.4890933,1000000000.0,1000000000.0,dYdX (Native),56417404.97519193,0.05641740497519193
11,2023-12-23,0.005390675439,5.187695961419,13.162714418743,34.095083979647,3.1961334248282616,1531351.5,3196133424.8282614,1000000000.0,1000000000.0,dYdX (Native),60307682.82662789,0.060307682826627886
12,2023-12-24,-0.016425266136,-1.316590545582,0.559729281435,32.316322039941,3.1540534343327766,1244744.43,3154053434.3327765,1000000000.0,1000000000.0,dYdX (Native),60417338.557788536,0.06041733855778854
13,2023-12-25,1.828995043764,-3.634856960338,-2.479907581019,27.505807435321,3.0394081035421565,1213289.87,3039408103.5421567,1000000000.0,1000000000.0,dYdX (Native),60452912.245915085,0.060452912245915084
14,2023-12-26,0.092129275549,-0.955015736261,4.460621869234,26.291913104436,3.010381277864139,1021896.41,3010381277.864139,1000000000.0,1000000000.0,dYdX (Native),60410654.428359725,0.060410654428359724
15,2023-12-27,5.946495178975,9.917170511514,15.55203440581,38.803791633853,3.3089259222366207,1582134.03,3308925922.236621,1000000000.0,1000000000.0,dYdX (Native),61538190.23648748,0.061538190236487475
16,2023-12-28,-0.011104803395,2.37426816617,17.536682870242,42.11356352015,3.3874886970504354,1622034.06,3387488697.0504355,1000000000.0,1000000000.0,dYdX (Native),61671361.81853173,0.06167136181853173
17,2023-12-29,0.02818479107,-6.552626422274,4.180154194473,32.796253347995,3.165519217635956,1494343.72,3165519217.6359563,1000000000.0,1000000000.0,dYdX (Native),63114672.21560846,0.06311467221560846
18,2023-12-30,-0.023370075369,-3.421244298086,-4.346325214441,28.260105383599,3.057219071897762,1714080.97,3057219071.897762,1000000000.0,1000000000.0,dYdX (Native),63473030.95307983,0.06347303095307982
19,2023-12-31,0.299015740348,-0.583917786919,-3.636146652828,27.498614831728,3.0393674259518764,1106429.9,3039367425.951876,1000000000.0,1000000000.0,dYdX (Native),63907161.33083726,0.06390716133083725
20,2024-01-01,-0.079570716182,-3.309487402449,-3.310781449488,23.275994998823,2.938779943875858,319207.37,2938779943.8758583,1000000000.0,1000000000.0,dYdX (Native),64375271.65911892,0.06437527165911892
21,2024-01-02,0.750985256955,4.223021036063,1.744096723935,28.495829815463,3.062885239109331,250911.84,3062885239.109331,1000000000.0,1000000000.0,dYdX (Native),64619858.97340393,0.06461985897340393
22,2024-01-03,0.451326459391,-1.543519043929,-8.864414223222,26.507769169678,3.015609022149982,391238.03,3015609022.149982,1000000000.0,1000000000.0,dYdX (Native),65056356.75447851,0.0650563567544785
23,2024-01-04,-0.552332379965,-9.836701176594,-19.734859149371,14.056682947036,2.7189725739866653,881850.66,2718972573.9866652,1000000000.0,1000000000.0,dYdX (Native),70910305.67300595,0.07091030567300595
24,2024-01-05,0.30562682576,1.633042447521,-12.703908576488,15.932172274309,2.763374550256323,326835.99,2763374550.256323,1000000000.0,1000000000.0,dYdX (Native),71073225.67563012,0.07107322567563013
25,2024-01-06,0.917477381942,-4.173932707337,-13.384252361307,11.084177149004,2.64803315607695,425337.87,2648033156.07695,1000000000.0,1000000000.0,dYdX (Native),72388518.22516161,0.07238851822516161
26,2024-01-07,0.63275614608,-1.309036577318,-14.016008358518,9.626064605533,2.613369433484391,226793.4,2613369433.484391,1000000000.0,1000000000.0,dYdX (Native),,
27,2024-01-08,0.74760167658,-2.493634796938,-13.290494947446,6.894822622007,2.5482015439184855,301134.63,2548201543.9184856,1000000000.0,1000000000.0,dYdX (Native),72821956.5019337,0.0728219565019337
28,2024-01-09,0.219456572605,2.94405035206,-14.354548876071,10.052818047945,2.6232218804434093,545686.58,2623221880.4434094,1000000000.0,1000000000.0,dYdX (Native),73321575.94755295,0.07332157594755295
29,2024-01-10,1.611819572848,-5.528801968469,-17.821271946145,3.96508013619,2.478189137480139,561714.12,2478189137.480139,1000000000.0,1000000000.0,dYdX (Native),73173229.35017093,0.07317322935017093
30,2024-01-11,-0.859107337592,5.617706007886,-3.735457187588,9.812487869408,2.617406517543138,403251.58,2617406517.543138,1000000000.0,1000000000.0,dYdX (Native),73483211.15530919,0.07348321115530919
31,2024-01-12,2.15931141185,7.226478392132,1.562520133484,-5.955921576615,2.8065528339676575,607644.79,2806552833.9676576,1000000000.0,1000000000.0,dYdX (Native),73918811.82645072,0.07391881182645071
32,2024-01-13,2.021224014757,-2.114247388578,3.745504759329,-4.389428438396,2.747215363966424,640500.09,2747215363.966424,1000000000.0,1000000000.0,dYdX (Native),74064635.00903262,0.07406463500903263
33,2024-01-14,1.563186850151,2.838501033388,8.105462023989,-4.186013343375,2.8251951004619937,659857.82,2825195100.4619937,1000000000.0,1000000000.0,dYdX (Native),74200363.12077953,0.07420036312077953
34,2024-01-15,-2.24243768243,2.488270148978,13.628907953044,2.518221335406,2.8954935867971723,366808.38,2895493586.797172,1000000000.0,1000000000.0,dYdX (Native),74528034.83948697,0.07452803483948697
35,2024-01-16,0.253353977327,-1.348631784165,8.890676052699,-8.928860798315,2.856444039977161,313466.55,1975254582.173764,691508237.0,691508237.0,dYdX (Native),75817760.8180415,0.10964115358475694
36,2024-01-17,0.82169120603,3.774112542791,19.613527794809,-4.891389790685,2.9642494527677465,329240.86,2049802913.1116393,691508237.0,691508237.0,dYdX (Native),76665146.16984105,0.11086656972076105
37,2024-01-18,0.570858411605,5.808979307789,19.83014747951,8.834948449525,3.136442090110261,459674.9,2168875540.184742,691508237.0,691508237.0,dYdX (Native),80030286.04346475,0.11573294685637237
38,2024-01-19,-0.302974906297,-5.650636944537,5.439423723195,3.33960505072,2.9592131346224964,623807.29,2046320257.6300461,691508237.0,691508237.0,dYdX (Native),80246220.44346778,0.11604521269566277
39,2024-01-20,-0.609232045509,-1.220582582309,6.402051068451,1.423427143992,2.923093494527888,18503502.5,2021343228.987149,691508237.0,691508237.0,dYdX (Native),80427809.59091194,0.11630781137161196
40,2024-01-21,-0.835187001354,-4.353145024233,-1.038799229831,-7.986099255256,2.795846995517174,7092988.33,1933351226.791828,691508237.0,691508237.0,dYdX (Native),80822005.48251776,0.11687786371591372
41,2024-01-22,-0.323223729486,-1.505595775494,-4.895218769611,-13.84111752433,2.753752841263396,4582346.69,1904242772.3957918,691508237.0,691508237.0,dYdX (Native),81007297.79124166,0.11714581758661201
42,2024-01-23,-1.145493340192,-2.425408917657,-5.933284997852,-14.809208841144,2.6869630742811483,15787631.36,1858057098.380257,691508237.0,691508237.0,dYdX (Native),80751271.55322762,0.11677557436416715
43,2024-01-24,2.00674082798,-3.64085846289,-12.654633388599,-14.814514418809,2.5891345517964477,13660892.34,1790407869.2685468,691508237.0,691508237.0,dYdX (Native),80935864.53552143,0.11704251692886405
44,2024-01-25,1.525484874983,2.465182624136,-15.414939263566,-11.872909043432,2.652961446882836,5792088.41,1834544692.962919,691508237.0,691508237.0,dYdX (Native),81197743.14406069,0.11742122334843669
45,2024-01-26,-0.282227917618,-2.610808359869,-12.689705333675,-21.917330022998,2.583697707643505,5140216.98,1786648246.7535017,691508237.0,691508237.0,dYdX (Native),81241944.9504088,0.11748514421587258
46,2024-01-27,0.228573000223,3.643020714495,-8.390807363984,-20.94962995258,2.677822350332902,5674612.26,1851736212.4779015,691508237.0,691508237.0,dYdX (Native),81271838.891361,0.11752837427352437
47,2024-01-28,0.066422505598,1.953087309146,-2.350788036821,-13.754352094643,2.730122558818724,3261302.58,1887902237.4426646,691508237.0,691508237.0,dYdX (Native),81322607.90772924,0.11760179207775545
48,2024-01-29,0.178442784957,-2.129693958887,-2.969530759068,-12.600986688378,2.671979303613363,6495583.5,1847695697.5421646,691508237.0,691508237.0,dYdX (Native),81398853.64571828,0.11771205213527815
49,2024-01-30,-0.125021544281,3.486294764029,2.909206480664,-9.022767219229,2.76513237817118,6884195.75,1912111815.90077,691508237.0,691508237.0,dYdX (Native),81745118.10711384,0.11821279014947415
50,2024-01-31,-1.387274012397,0.857468884812,7.71331007123,-5.102029372783,2.7888425279378577,10197696.79,1928507579.7649312,691508237.0,691508237.0,dYdX (Native),82118184.37567958,0.11875228664221911
51,2024-02-01,-0.907354995739,-5.787675900798,-0.962248655201,-14.217048438901,2.6274333610371934,8876029.0,1816891811.325814,691508237.0,691508237.0,dYdX (Native),82784120.18751,0.11971530599065011
52,2024-02-02,0.4176281768,1.407265341504,3.123841160516,-11.64609534831,2.6644083200981705,5139669.55,1842460300.0792177,691508237.0,691508237.0,dYdX (Native),88497723.04075867,0.12797782919360753
53,2024-02-03,0.02116655067,6.17004282656,5.638204646808,4.039425832639,2.8288034545226437,5611043.05,1956140889.656463,691508237.0,691508237.0,dYdX (Native),92209072.92523706,0.13334486560170514
54,2024-02-04,-0.419880087577,-5.324488558608,-1.902420842239,-3.082839856339,2.678184138241091,3344108.16,1851986391.796461,691508237.0,691508237.0,dYdX (Native),92585931.02133055,0.13388984551073474
55,2024-02-05,-0.199790222802,-2.171023808758,-1.943846667735,-1.057125476515,2.620040122957493,3024726.19,1811779326.2955992,691508237.0,691508237.0,dYdX (Native),93370060.27079888,0.13502378608803017
56,2024-02-06,1.339821847098,4.422869136788,-1.056416303051,4.689411067284,2.73592106892723,4301515.45,1891911954.9450243,691508237.0,691508237.0,dYdX (Native),93559158.60733494,0.13529724391024853
57,2024-02-07,-0.449545777404,1.985982966015,0.050682939884,9.499030874499,2.7902559953197503,5675814.84,1929485004.1022408,691508237.0,691508237.0,dYdX (Native),93659531.69576621,0.13544239487600812
58,2024-02-08,-0.393558030247,2.492404804258,8.843882102086,9.01862671696,2.8598004697982087,4950120.67,1977575581.041931,691508237.0,691508237.0,dYdX (Native),93774843.9723253,0.13560914961642792
59,2024-02-09,-0.319105052018,-2.200141957398,4.971928614202,12.859860349812,2.796880799764307,6357165.62,1934066110.944166,691508237.0,691508237.0,dYdX (Native),94041168.09089239,0.13599428475194345
60,2024-02-10,-0.726423480952,7.085327566013,5.876884492279,14.428115998958,2.995048966058544,9518892.17,2071101030.2478166,691508237.0,691508237.0,dYdX (Native),94448595.58995119,0.13658347151394987
61,2024-02-11,-0.294387987959,-1.790749428792,9.828711992097,4.805265313623,2.9414151438068212,9157219.13,2034012800.3789563,691508237.0,691508237.0,dYdX (Native),94523343.03715746,0.13669156487163792
62,2024-02-12,0.626609640929,-2.100769488126,9.907583731814,4.81969596257,2.879622791946621,5411813.4,1991282880.0840256,691508237.0,691508237.0,dYdX (Native),94590205.87317258,0.13678825617976345
63,2024-02-13,-0.033622692414,5.53465158101,11.077761520358,7.567788144304,3.0389998803282134,7543957.7,2101493449.4889739,691508237.0,691508237.0,dYdX (Native),94705675.62922333,0.13695523865353948
64,2024-02-14,0.660457121624,2.735253564375,11.893827595502,7.82701253812,3.122124232876245,12032508.72,2158974623.9712296,691508237.0,691508237.0,dYdX (Native),94788911.42449218,0.13707560713335679
65,2024-02-15,-0.003360909967,1.272830907601,10.562384630599,10.692299615688,3.1618635950859844,8608261.25,2186454720.272391,691508237.0,691508237.0,dYdX (Native),94807315.85002153,0.13710222203762631
66,2024-02-16,0.374836208361,0.778987289546,13.930279433897,7.49750185934,3.1864941106044937,11083823.34,2203486924.6349964,691508237.0,691508237.0,dYdX (Native),94926033.38523075,0.13727390117152105
67,2024-02-17,0.370674174961,-3.125302780113,3.06698009148,-1.579355432349,3.086906521577626,9519946.38,2134621286.5199466,691508237.0,691508237.0,dYdX (Native),95434606.41297835,0.13800935593624514
68,2024-02-18,0.81768836208,0.885742704873,5.875859701607,5.239076376836,3.11424857089874,5643456.34,2153528538.8419576,691508237.0,691508237.0,dYdX (Native),95537552.22486243,0.13815822735436545
69,2024-02-19,-0.865193339887,1.508408739715,9.779106394059,8.14652950501,3.1612241685186415,6005859.13,2186012551.5341167,691508237.0,691508237.0,dYdX (Native),95665790.70763169,0.13834367486736343
70,2024-02-20,-1.050003289878,-0.662682271124,3.332524516724,12.319282902049,3.140275296403369,13870476.46,2171526233.910546,691508237.0,691508237.0,dYdX (Native),95737650.4400756,0.1384475922592309
71,2024-02-21,0.408679610284,0.319413009082,0.902639012506,14.40045370142,3.1503057442210824,18276197.5,2178462371.1972938,691508237.0,691508237.0,dYdX (Native),98075501.5367842,0.14182839233017583
72,2024-02-22,1.440406685718,-4.781051005646,-5.129113589276,11.638602274376,2.9996880197560682,11105712.38,2074308974.0915399,691508237.0,691508237.0,dYdX (Native),100584029.6103217,0.14545601083031162
73,2024-02-23,-0.901996363009,-2.782484424889,-8.481796401065,12.633086827709,2.916222167811098,14282425.53,2016591649.9633706,691508237.0,691508237.0,dYdX (Native),100684802.63705589,0.14560174015259905
74,2024-02-24,0.907698701205,11.228420954088,5.078266740374,22.265925597244,3.2436678687693448,48449117.69,2243023049.346237,691508237.0,691508237.0,dYdX (Native),101521773.55541569,0.14681209582672794
75,2024-02-25,0.06779216038,8.510877096148,13.020279992351,36.22849314279,3.5197324544875572,72409890.82,2433923984.3143735,691508237.0,691508237.0,dYdX (Native),101547909.91515556,0.14684989199218398
76,2024-02-26,-0.029143437831,-2.386092365735,8.684111089367,28.303820702281,3.4357483870967234,17795019.43,2375848309.9368486,691508237.0,691508237.0,dYdX (Native),101733886.76573972,0.14711883578870474
77,2024-02-27,0.404392380924,-0.170510366256,9.222592167846,25.631359253788,3.4298900799382634,17102065.14,2371797242.2818975,691508237.0,691508237.0,dYdX (Native),103749791.9015111,0.15003406517847612
78,2024-02-28,-0.13456254232,0.276616036984,9.175997036462,28.720222544358,3.4393777059503092,25314566.32,2378358013.818803,691508237.0,691508237.0,dYdX (Native),104198382.74447894,0.15068277884371598
79,2024-02-29,0.593433683364,-1.047186212277,13.457166025626,23.081305028745,3.4033610168254653,36037556.25,2353452176.619505,691508237.0,691508237.0,dYdX (Native),106519566.76542483,0.15403947641685842
80,2024-03-01,1.523121348113,-2.267085562744,14.058659428599,19.268258327387,3.326203910564967,25509772.15,2300097402.097286,691508237.0,691508237.0,dYdX (Native),107263052.0721426,0.15511464120440058
81,2024-03-02,0.317487620145,7.680403030244,10.420361190154,36.318196671226,3.581669776504078,14770434.26,2476754152.666519,691508237.0,691508237.0,dYdX (Native),107457665.99120933,0.1553960751897874
82,2024-03-03,1.068807896567,5.721476827047,7.581875376929,42.11763843496,3.786594182788119,19595032.48,2618461067.574268,691508237.0,691508237.0,dYdX (Native),107656270.94836557,0.15568328067271536
83,2024-03-04,0.277478437485,-3.200564509849,6.684232378819,29.574282984617,3.6654017932417804,22178679.58,2534655531.9412622,691508237.0,691508237.0,dYdX (Native),107832288.55744971,0.15593782226696704
84,2024-03-05,-1.399483998515,0.825773955731,7.748926073158,37.991621780361,3.6956697266232617,29154551.03,2555586057.1915236,691508237.0,691508237.0,dYdX (Native),107950288.57740974,0.15610846379174764
85,2024-03-06,3.972730464375,-0.323362137032,7.104239340872,40.597821298227,3.683719330017625,54793533.76,2547322259.5033092,691508237.0,691508237.0,dYdX (Native),108539597.68957223,0.15696067216849685
86,2024-03-07,-0.219971214039,11.93737769272,21.158431303529,50.715562170746,4.123458819581558,47227797.0,2851405738.6709437,691508237.0,691508237.0,dYdX (Native),108827330.7153632,0.1573767670324413
87,2024-03-08,-1.6194133924,6.111796780054,31.545640633933,56.81271719451,4.375476242943607,32421543.73,3025677862.793318,691508237.0,691508237.0,dYdX (Native),109023425.0414803,0.15766034185574032
88,2024-03-09,-0.034203617299,-3.913492630718,17.382186660458,47.011735504536,4.204242302617212,24403989.48,1953616925.2121575,711376352.73,464677529.17,dYdX (Native),109725570.54613136,0.23613272357310136
89,2024-03-10,-0.285600535145,-0.16204955842,10.849727853337,50.075374927835,4.197429346530907,14532097.71,1950451097.6116295,711376352.73,464677529.17,dYdX (Native),111928235.57857093,0.24087292488297304
90,2024-03-11,2.065467920571,-3.79892145285,10.16452030068,34.821578824845,4.037972302617323,19488983.62,1876354992.4371133,711376352.73,464677529.17,dYdX (Native),112443850.21909885,0.2419825430765812
91,2024-03-12,0.60152450204,0.964266012934,10.315839853693,38.603661768966,4.07690909714314,20444719.25,1894448045.91117,711376352.73,464677529.17,dYdX (Native),113565562.03944868,0.24439650060612522
92,2024-03-13,0.362010634191,-0.533812454842,10.082926665062,40.822126424021,4.055146048610001,21094941.59,1884335246.291584,711376352.73,464677529.17,dYdX (Native),114506594.00272302,0.24642162965627576
93,2024-03-14,-0.042754924924,-1.580814337138,-3.211311350342,31.327472051451,3.9910417184816716,20213883.57,1854547404.558454,711376352.73,464677529.17,dYdX (Native),114796390.25117463,0.24704527988737093
94,2024-03-15,0.245190668204,-1.489531966322,-10.144778351016,25.926887690618,3.931593876295626,22812558.3,1826923328.1369543,711376352.73,464677529.17,dYdX (Native),114932509.6297102,0.2473382128785115
95,2024-03-16,0.414077094173,-5.311561754675,-11.452181590588,17.739577551634,3.72276483961315,32667610.94,1729885167.3523898,711376352.73,464677529.17,dYdX (Native),114895232.3473446,0.2472579910471865
96,2024-03-17,-0.123858648487,-5.714188345204,-16.376459131359,10.153633529319,3.5100390450286065,13616218.16,1631036270.7341194,711376352.73,464677529.17,dYdX (Native),115358037.84401195,0.24825396237701172
97,2024-03-18,-0.12667722704,2.071756323895,-11.273326501202,16.063070775597,3.5827585009151677,11983396.43,1664827367.8180733,711376352.73,464677529.17,dYdX (Native),116535002.23869832,0.2507868251061147
98,2024-03-19,0.288874528863,-6.702968905052,-18.011237606499,7.332707603718,3.34260731265571,11954551.9,1553234507.030429,711376352.73,464677529.17,dYdX (Native),117135510.10744202,0.25207913607672766
99,2024-03-20,0.919029250496,-6.831492754531,-23.202338486756,-1.485716600144,3.1142573362792,19785658.6,1447125404.2217646,711376352.73,464677529.17,dYdX (Native),117858366.34100607,0.2536347444033347
100,2024-03-21,-0.250374746466,8.069510139838,-15.672075482807,7.174127429705,3.365562647810896,12687845.17,1563901335.4516103,711376352.73,464677529.17,dYdX (Native),117936730.12731087,0.2538033856252263
101,2024-03-22,0.374738315974,1.01480314042,-13.528289283609,7.917032798804,3.399716483253687,8904373.82,1579771855.316845,711376352.73,464677529.17,dYdX (Native),118057900.71980056,0.25406414837978886
102,2024-03-23,1.604227758736,-3.091083111441,-11.500495917832,9.832369216545,3.2946284212029555,6705555.33,1530939794.2978475,711376352.73,464677529.17,dYdX (Native),118119492.3539289,0.25419669542642215
103,2024-03-24,-0.955423946805,-0.37470665537,-6.488697500735,12.5525779712,3.2822832292390096,3884691.8,1525203260.9989119,711376352.73,464677529.17,dYdX (Native),118197696.05958764,0.2543649921499552
104,2024-03-25,0.030254638259,4.176935409367,-4.560073507512,5.417145590005,3.419382079676802,6926442.6,1588910016.0723925,711376352.73,464677529.17,dYdX (Native),118271123.87345232,0.25452301101089697
105,2024-03-26,-0.558836725519,3.287520960986,5.65988319688,0.342711497275,3.5317949822823893,10264070.9,1641145765.9019847,711376352.73,464677529.17,dYdX (Native),118336327.89983371,0.25466333203416197
106,2024-03-27,0.114461440949,3.254477548708,17.098109220613,6.140963952507,3.6467364570471665,11583905.6,1694556486.3948371,711376352.73,464677529.17,dYdX (Native),118626534.56061,0.2552878654849072
107,2024-03-28,-0.452794806614,-5.736606496587,2.138569275325,0.22296506367,3.4375375365387946,13554452.86,1597346448.9079757,711376352.73,464677529.17,dYdX (Native),,
108,2024-03-29,0.198348498107,1.288537054491,2.415348415373,1.234344673322,3.4818314814591207,7737719.04,1617928849.790745,711376352.73,464677529.17,dYdX (Native),118822243.06493719,0.25570903606459233
109,2024-03-30,-0.675250883846,-1.152530217733,4.464051222143,1.126571776833,3.441702321504748,10510912.12,1599281730.8954792,711376352.73,464677529.17,dYdX (Native),117332935.04729778,0.25250400047722577
110,2024-03-31,0.23785713643,-1.716726184881,3.056850378207,1.69604171896,3.3826177165458167,4815715.76,1571826442.6511776,711376352.73,464677529.17,dYdX (Native),118279402.82063161,0.25454082755389634
111,2024-04-01,0.491460748884,1.378979675484,0.288977582769,-4.255178692005,3.4292633273562916,3478764.25,1593501609.8292146,711376352.73,464677529.17,dYdX (Native),118337625.29037395,0.2546661240575735
112,2024-04-02,-0.183895151429,-5.004394867249,-7.762215367541,-13.968878306918,3.2576494494176105,13145784.71,1513756497.0573862,711376352.73,464677529.17,dYdX (Native),118553644.63093628,0.25513100416690043
113,2024-04-03,-0.520898485691,-5.591737778298,-15.664587482686,-16.094048948725,3.0754902344700126,12900143.59,1429111203.1399894,711376352.73,464677529.17,dYdX (Native),116452004.65000317,0.2506082118022965
114,2024-04-04,-0.167860633061,-1.050543848147,-11.472068925375,-17.655497213708,3.0431808610114364,7819989.55,1414097763.3122275,711376352.73,464677529.17,dYdX (Native),116322832.44606397,0.25033022933955523
115,2024-04-05,0.592213896764,-2.118027660092,-14.449465331955,-19.138099790726,2.9787254486285946,5482462.53,1384146781.5445352,711376352.73,464677529.17,dYdX (Native),116531652.30430888,0.2507796159466888
116,2024-04-06,0.266086373529,-1.432127803822,-14.691451525779,-28.796032123895,2.936066293279272,7136697.77,1364324030.6403327,711376352.73,464677529.17,dYdX (Native),116692170.11680631,0.25112505510055566
117,2024-04-07,-0.460496721769,0.817633353137,-12.491661824971,-32.348563077286,2.9600725505633467,2701795.33,1375479198.9597158,711376352.73,464677529.17,dYdX (Native),116685229.25867106,0.25111011816537043
118,2024-04-08,0.56070835088,4.279762577851,-9.987763166637,-26.579954111159,3.0867566278596104,4390038.09,1434346442.982925,711376352.73,464677529.17,dYdX (Native),,
119,2024-04-09,-0.435623345513,3.650247023894,-1.787134574136,-23.776421098138,3.199430869802912,6955044.15,1486703631.3302412,711376352.73,464677529.17,dYdX (Native),135787369.72364983,0.292218498204962
120,2024-04-10,-1.013332477521,-4.571283819668,-0.725556858863,-24.388391615486,3.0531758041301447,7057820.66,1418742188.7848237,722022077.48,464677529.17,dYdX (Native),137950014.28017473,0.2968725742485955
121,2024-04-11,-0.224805458273,-0.493531416279,-0.166714990025,-25.480128451442,3.038107422342544,6130882.35,1411740250.367171,722022077.48,464677529.17,dYdX (Native),140873657.77472627,0.30316434286450794
122,2024-04-12,-0.0321870255,-1.817085276653,0.140226789132,-26.441553918762,2.9829024196822607,3984169.76,1386087726.1331673,722022077.48,464677529.17,dYdX (Native),,
123,2024-04-13,0.461659099628,-22.518741998662,-21.282761053028,-42.090549717395,2.311190319722156,31548247.5,1073958207.210114,722022077.48,464677529.17,dYdX (Native),139771535.0766286,0.3007925417144367
124,2024-04-14,1.293472556381,-14.283078852729,-33.073222021447,-49.61124555962,1.9810811839196114,39883255.4,920563909.6289434,722022077.48,464677529.17,dYdX (Native),139827349.1977569,0.30091265537955836
125,2024-04-15,-0.552563640147,9.513215893335,-29.714390360846,-41.722192847573,2.1695457139681222,24800689.66,1008139141.7880707,722022077.48,464677529.17,dYdX (Native),140274993.18748033,0.30187599869104365
126,2024-04-16,-0.119414171641,-3.666724592782,-34.676055436974,-40.456660996905,2.0899944477223973,17928524.45,971173455.9466623,722022077.48,464677529.17,dYdX (Native),139543673.52684882,0.3003021768151768
127,2024-04-17,0.214643706411,1.905214624728,-30.242689441095,-40.553812738079,2.129813327596408,13892247.53,989676394.6608348,722022077.48,464677529.17,dYdX (Native),140331011.16596884,0.3019965510633277
128,2024-04-18,-0.535001911815,-0.980828783155,-30.584300938715,-36.90782948188,2.1089235054518762,11241050.42,979969363.7219129,722022077.48,464677529.17,dYdX (Native),141162805.0245442,0.3037865964310499
129,2024-04-19,-0.187858226798,5.02144258651,-25.749435386912,-28.881217917665,2.2148218884715463,8594366.21,1029177962.6865915,722022077.48,464677529.17,dYdX (Native),141321111.69843423,0.304127277148219
130,2024-04-20,-0.412637397802,3.386128105247,-0.924706400055,-31.963275251832,2.289818594918239,14694092.09,1064027246.9341285,722022077.48,464677529.17,dYdX (Native),141693242.48114765,0.30492811377007617
131,2024-04-21,0.367676722053,5.074451340598,21.44955718296,-29.228971381677,2.406014325305319,4409658.47,1118020791.8305004,722022077.48,464677529.17,dYdX (Native),141697970.75074527,0.3049382891482703
132,2024-04-22,-0.294889783885,-2.790953999826,7.804300098338,-29.009791902334,2.3388635722568276,5741127.5,1086817345.8220224,722022077.48,464677529.17,dYdX (Native),142629531.05074206,0.30694303489455316
133,2024-04-23,-0.309630530285,2.632119742788,14.853188472102,-26.86721119263,2.4004252620990787,6836823.92,1115423679.7494495,722022077.48,464677529.17,dYdX (Native),148810105.70725155,0.3202438171973883
134,2024-04-24,-0.068188057366,-0.894257370125,11.698018387517,-30.427216764753,2.3789592822784242,7299241.57,1105448921.2851748,722022077.48,464677529.17,dYdX (Native),148662625.67619485,0.3199264357407895
135,2024-04-25,0.31147328081,-6.921292938837,4.996911255053,-37.303706682733,2.2143045414562685,10956072.16,1028937563.1538087,722022077.48,464677529.17,dYdX (Native),148637085.33662122,0.31987147216288797
136,2024-04-26,0.03502770973,-0.479941366961,-0.503187663,-39.57125216129,2.2036771779713296,11554890.01,1023999266.1480358,722022077.48,464677529.17,dYdX (Native),149387937.23488456,0.32148732800081603
137,2024-04-27,0.254784376212,-3.287665073865,-6.925917285315,-38.00132710125,2.131227653050443,12317267.73,990333599.918258,722022077.48,464677529.17,dYdX (Native),149437628.43567652,0.3215942649574636
138,2024-04-28,0.704040045918,2.293309477376,-9.389429818725,-37.38630630427,2.1801032988023152,7740400.84,1013045014.2228261,722022077.48,464677529.17,dYdX (Native),149591081.97719842,0.3219245015880061
139,2024-04-29,-0.474976158907,-1.848107715191,-8.510583219984,-37.826911172188,2.1398126415380263,4395907.49,994322851.156621,722022077.48,464677529.17,dYdX (Native),150419915.96207598,0.32370817721862677
140,2024-04-30,0.288469198702,-0.483068272512,-11.287557284186,-37.046510601556,2.129475885575564,6151561.39,989519592.9363508,722022077.48,464677529.17,dYdX (Native),150407609.06582323,0.32368169240823635
141,2024-05-01,-0.286982250126,-5.306772541023,-15.237328396773,-41.19817431557,2.016469444012142,9489159.31,937008038.8903658,722022077.48,464677529.17,dYdX (Native),150297505.50368375,0.32344474623540087
142,2024-05-02,0.830758921302,2.273400451831,-6.8641268239,-36.693253786652,2.0623118694633424,12745681.59,958309983.8801895,722022077.48,464677529.17,dYdX (Native),150807342.4108415,0.3245419305732543
143,2024-05-03,-0.965917000905,1.90312620762,-4.633932404354,-31.667470649728,2.1015602671339644,5785000.18,976547832.3336557,722022077.48,464677529.17,dYdX (Native),151562716.74644038,0.32616751883216605
144,2024-05-04,-0.254981973444,4.122384224811,2.672966584739,-28.09514925334,2.188194656061189,5233769.69,1016804886.1215113,722022077.48,464677529.17,dYdX (Native),151975350.65170887,0.3270555193903285
145,2024-05-05,-0.226440516453,-1.07307575959,-0.705912842589,-27.327519539238,2.164713669634359,3690549.66,1005893799.3662176,722022077.48,464677529.17,dYdX (Native),152063508.96813875,0.3272452387352414
146,2024-05-06,0.409728831818,5.491678675342,6.719286739539,-22.222710235151,2.28359278861188,6008276.82,1061134254.6425985,722022077.48,464677529.17,dYdX (Native),152297431.98101187,0.3277486480851425
147,2024-05-07,-0.594284792046,-3.990406707988,2.958111131622,-25.9319455405,2.19246814879198,7970552.68,1018790682.1645812,722022077.48,464677529.17,dYdX (Native),153119162.96237975,0.3295170378388619
148,2024-05-08,-0.874285210007,-3.660081405585,4.748526491531,-31.571475033349,2.11222202975468,4954991.42,981502113.844847,722022077.48,464677529.17,dYdX (Native),153850573.55199444,0.33109105539663175
149,2024-05-09,0.381715024297,-0.082121294828,2.335998590911,-34.035535332438,2.110487445674199,5719559.71,1178666094.4562867,754030660.0,558480505.0,dYdX (Native),154453310.30422217,0.2765598958628326
150,2024-05-10,0.077480069764,2.565957651406,3.001645663985,-29.101964687384,2.1646416597684297,4118558.08,1208910167.2915108,754030660.0,558480505.0,dYdX (Native),154452761.06215554,0.2765589124049291
151,2024-05-11,0.370490311126,-5.783084606746,-6.797204010076,-32.870754136185,2.03945860115114,8412550.39,1138997869.4974823,754030660.0,558480505.0,dYdX (Native),150753488.9840315,0.2699350964525279
152,2024-05-12,-0.179827973767,-0.829888638859,-6.56808822815,-32.195791837488,2.0225333659259586,3572971.3,1129545455.581679,754030660.0,558480505.0,dYdX (Native),150805812.41488373,0.2700287853644663
153,2024-05-13,-0.19863292581,-0.323583481008,-11.718551919171,-12.772705698322,2.0159887820559432,3578998.66,1125890433.0769382,754030660.0,558480505.0,dYdX (Native),151076579.29299128,0.27051361317077893
154,2024-05-14,0.234834163062,-1.635594831781,-9.553287019473,0.097633041162,1.9830153737273548,7562337.85,1107475427.342017,754030660.0,558480505.0,dYdX (Native),151280617.03420672,0.2708789575997943
155,2024-05-15,-0.243707049136,-5.248476968392,-11.04451889578,-13.394898459134,1.878937268557596,16862482.78,1049349834.6073668,754030660.0,558480505.0,dYdX (Native),151397558.64663225,0.2710883500698601
156,2024-05-16,0.717001359135,8.494424348603,-3.408941021124,-2.461837847729,2.038542173392937,16324738.36,1138486062.460285,754030660.0,558480505.0,dYdX (Native),153648348.44489428,0.2751185530547647
157,2024-05-17,0.068488884876,-0.42308253251,-6.223857035228,-4.690358012253,2.0299174575394625,15545905.91,1133669326.794955,754030660.0,558480505.0,dYdX (Native),153688103.0252344,0.27518973652488443
158,2024-05-18,-0.421921864398,1.77382728352,1.297701560019,-2.038898902994,2.0659246872342294,20757737.37,1153778662.6185396,754030660.0,558480505.0,dYdX (Native),154087851.39973176,0.27590551508997035
159,2024-05-19,0.072644303214,-0.451946388418,1.683752163035,-7.144324971337,2.056587815222833,9100397.87,1148564201.6224945,754030660.0,558480505.0,dYdX (Native),154191649.11909163,0.2760913724626639
160,2024-05-20,-0.268655598072,-6.264093832188,-4.376391282795,-15.81161804633,1.9277612247359237,10458233.51,1076617062.3099372,754030660.0,558480505.0,dYdX (Native),154768737.75019062,0.27712469166706294
161,2024-05-21,0.402313846228,10.504533909911,7.425468532112,-11.460894730122,2.1302635562904215,21193911.73,1189710666.7001705,754030660.0,558480505.0,dYdX (Native),155840356.5673036,0.27904350316991566
162,2024-05-22,0.066515134541,0.468829595665,13.907520922771,-8.491846737226,2.1402508623079766,54677533.43,1195288382.4084442,754030660.0,558480505.0,dYdX (Native),156460827.62622744,0.2801545017694529
163,2024-05-23,-0.095350155757,-5.905569490528,-1.210929719894,-16.104163201411,2.0138568603627474,49892879.75,1124699796.3731017,754030660.0,558480505.0,dYdX (Native),176356642.6055188,0.3157794068488009
164,2024-05-24,0.85672469968,-2.629848683973,-3.400236056875,-17.573390733053,1.9608954722234038,85960411.92,1095121893.57954,754030660.0,558480505.0,dYdX (Native),177422465.96686944,0.3176878411662184
165,2024-05-25,0.607276197131,2.519423276787,-2.692545299153,-9.213087380385,2.010298729184059,51120981.06,1122712649.4755716,754030660.0,558480505.0,dYdX (Native),178290221.84689242,0.31924162123956756
166,2024-05-26,0.16230985811,3.81359427135,1.476987800355,-5.296320748828,2.086963366357254,51295722.04,1165528354.7596993,754030660.0,558480505.0,dYdX (Native),178729221.75730848,0.32002768253711644
167,2024-05-27,-0.926517225157,-2.718948982297,5.314904724514,-4.739416540467,2.030219897146771,31177029.93,1133838233.4195766,754030660.0,558480505.0,dYdX (Native),178926644.52464002,0.3203811823738414
168,2024-05-28,-0.029477744117,1.983024078341,-2.806409073818,-5.028369633314,2.070479646550453,43755246.3,1156322518.5977185,754030660.0,558480505.0,dYdX (Native),178566194.7035288,0.31973577072941656
169,2024-05-29,-0.679583110677,0.580157963808,-2.698709960418,-2.678783240943,2.082491699108935,51812772.69,1163031015.776666,754030660.0,558480505.0,dYdX (Native),179233715.01271942,0.32093101443660854
170,2024-05-30,-0.479454525534,-2.735982723458,0.578900410977,-4.881989989926,2.0255150860038764,41448326.7,1131210688.1165633,754030660.0,558480505.0,dYdX (Native),180266451.53101057,0.3227802043528996
171,2024-05-31,0.16709474511,-1.375549151013,1.874534299864,-0.933131599554,1.9976531304347085,34790561.47,1115650329.1000068,754030660.0,558480505.0,dYdX (Native),180748439.95678467,0.3236432397166391
172,2024-06-01,-0.727307420456,0.252337105892,-0.378290974563,-2.890829452921,2.0026939505298107,27731677.0,1118465528.8523338,754030660.0,558480505.0,dYdX (Native),181073501.24458486,0.32422528561598557
173,2024-06-02,-0.45981108593,1.813130979611,-2.297977633757,-2.976590923353,2.039005414973655,17835206.68,1138744773.8522215,754030660.0,558480505.0,dYdX (Native),181512263.93589246,0.3250109221554519
174,2024-06-03,-0.046906929852,-1.823281358372,-1.398434122354,-8.516886109685,2.001828609346253,26701289.88,1117982252.6711433,754030660.0,558480505.0,dYdX (Native),181524129.25687435,0.3250321678764317
175,2024-06-04,-0.367980931708,-0.817122358639,-4.105735909765,-8.280192061936,1.9854712201976523,29727101.77,1108846969.718951,754030660.0,558480505.0,dYdX (Native),184287287.88199377,0.3299798045448225
176,2024-06-05,1.463969100599,4.418920530006,-0.445816112908,-9.212902322022,2.0732076155643284,33993670.06,1230502912.0125222,766665433.33,593526139.29,dYdX (Native),184436209.235918,0.31074656536028566
177,2024-06-06,0.405347412622,0.446790491194,2.811898289135,-5.017068950315,2.0824705100533887,46279641.3,1236000682.0172648,766665433.33,593526139.29,dYdX (Native),185822150.72777626,0.3130816630082447
178,2024-06-07,-0.444147404285,4.316028980536,8.745132359675,2.84669462664,2.17235054077841,73411587.24,1289346829.652753,766665433.33,593526139.29,dYdX (Native),186108220.9222888,0.3135636471629017
179,2024-06-08,-0.023601302228,-12.152489416522,-4.710558959061,-9.577482911255,1.9083558712205644,94811421.33,1132659092.636946,766665433.33,593526139.29,dYdX (Native),187588107.62454468,0.31605702800039304
180,2024-06-09,0.447702241344,-3.063724291535,-9.274929078648,-14.540630756273,1.8498891088250482,46376314.01,1097957540.8755496,766665433.33,593526139.29,dYdX (Native),187757126.48435986,0.3163417987099314
181,2024-06-10,0.553786529974,3.514834545005,-4.341978063163,-6.106961465878,1.914909650266311,22714959.06,1136548931.8117275,766665433.33,593526139.29,dYdX (Native),187758718.75008014,0.31634448143208105
182,2024-06-11,-0.197220701415,-3.914217658722,-7.329005836517,-9.027166147905,1.839955918587006,32113137.03,1092061932.8227313,766665433.33,593526139.29,dYdX (Native),193864574.9354921,0.32663190734514364
183,2024-06-12,-0.242321951454,-9.099427828811,-19.326436718785,-17.036718032351,1.6725304576932478,43811726.46,992690545.39961,766665433.33,593526139.29,dYdX (Native),194162080.60183465,0.3271331585060419
184,2024-06-13,-0.355357943564,4.585851256059,-16.002161459155,-11.789376932191,1.7492302166953477,35030593.95,1038213857.2445998,766665433.33,593526139.29,dYdX (Native),194490682.670334,0.3276868023083055
185,2024-06-14,-0.121783416652,-7.906606888126,-25.844129220706,-14.264010467492,1.6109254598929343,36734143.47,956126368.894221,766665433.33,593526139.29,dYdX (Native),195169078.28883094,0.32882979429061054
186,2024-06-15,-0.106373978129,-5.358245652176,-20.108815160177,-25.210862135813,1.5246081164784278,42981493.25,904894769.3036398,766665433.33,593526139.29,dYdX (Native),195825338.26390016,0.32993549112791287
187,2024-06-16,-0.028269928888,0.664042346339,-17.036531937725,-24.394356317923,1.5347321599875647,26005639.98,910903653.7616218,766665433.33,593526139.29,dYdX (Native),196152322.42479473,0.3304864090054064
188,2024-06-17,-0.141754460925,0.008700159646,-19.846574279776,-25.705632271115,1.5348656841356163,25334727.49,910982903.8337169,766665433.33,593526139.29,dYdX (Native),196592781.285965,0.3312285142506735
189,2024-06-18,-0.194381491009,-7.032795185644,-22.448048359146,-30.617029157055,1.4269217241956227,38128272.0,846915342.030858,766665433.33,593526139.29,dYdX (Native),198003510.87710544,0.3336053760226387
190,2024-06-19,0.113849529233,-3.290658877088,-17.492288916967,-28.416103607525,1.3799665978092763,60399727.19,819046247.1468959,766665433.33,593526139.29,dYdX (Native),,
191,2024-06-20,-0.033694609794,5.336327256482,-16.90023888081,-31.764023883045,1.4536061314985262,24155289.99,862753235.2765923,766665433.33,593526139.29,dYdX (Native),199401550.99180737,0.3359608579840133
192,2024-06-21,-0.685590041805,-2.442932900415,-11.970134908418,-33.741621879761,1.4180955090696983,25976980.65,841676752.6426251,766665433.33,593526139.29,dYdX (Native),200412262.81628904,0.33766375151738104
193,2024-06-22,0.312828946348,0.114448077149,-6.879776070505,-29.502512315784,1.419718492111961,20237924.99,842640035.5018325,766665433.33,593526139.29,dYdX (Native),201034420.58724198,0.3387119914006273
194,2024-06-23,-0.206321246965,-1.378671136066,-8.769407486765,-28.596640520556,1.4001452430478205,11125563.98,831022800.5514315,766665433.33,593526139.29,dYdX (Native),201192302.00830013,0.3389779972436842
195,2024-06-24,-0.492119722574,-0.938752194777,-9.633698688771,-31.005211876565,1.387001348848646,13742215.74,823221555.7721592,766665433.33,593526139.29,dYdX (Native),201400875.3832548,0.3393294112103954
196,2024-06-25,0.479925669858,0.032520107177,-2.766046683046,-33.518123722717,1.3874524031738409,26734330.22,823489268.3044022,766665433.33,593526139.29,dYdX (Native),201788877.349757,0.33998313467903035
197,2024-06-26,-0.132858302663,0.429013258134,0.973803289573,-31.366806133069,1.3934047579337578,19499235.33,827022146.4447403,766665433.33,593526139.29,dYdX (Native),208397720.99171796,0.35111801687624367
198,2024-06-27,-0.423507660526,-1.176657847581,-5.269445301431,-33.493229272012,1.377009151500964,18981702.17,817290925.4573658,766665433.33,593526139.29,dYdX (Native),208364436.1326228,0.35106193702248195
199,2024-06-28,0.161012544189,2.933413478433,-0.048867337561,-31.937182551228,1.4174025235503487,19806718.76,841265447.6227417,766665433.33,593526139.29,dYdX (Native),212403176.68583673,0.35786659192453096
200,2024-06-29,0.065834563645,-4.962255224458,-5.117289078204,-33.495069867315,1.347067392773876,20350959.89,799519708.9965247,766665433.33,593526139.29,dYdX (Native),212604800.87990323,0.3582062975932782
201,2024-06-30,0.336737113375,-0.715568419861,-4.479323801748,-33.050028378756,1.3374282039169376,12098750.68,793798598.4483788,766665433.33,593526139.29,dYdX (Native),212657933.60958502,0.3582958180476686
202,2024-07-01,-0.193684270826,4.173595861731,0.450302607548,-30.431354640051,1.3932470520892413,11692864.88,826928543.9037008,766665433.33,593526139.29,dYdX (Native),212960097.54973155,0.3588049176814404
203,2024-07-02,-0.109019332985,-4.368271771549,-3.968869032407,-34.655090927157,1.33238623440489,20197662.6,790806057.7494752,766665433.33,593526139.29,dYdX (Native),213115868.8694768,0.35906736832924435
204,2024-07-03,-0.196301684718,1.51754027444,-2.928009652499,-32.431491596835,1.3526057321230753,15637693.91,802806858.1685327,766665433.33,593526139.29,dYdX (Native),210905882.73558626,0.35534388255904015
205,2024-07-04,0.097670172123,-7.210799582453,-8.855214050621,-36.787195358391,1.2550720436389082,22659788.05,744918064.5918115,766665433.33,593526139.29,dYdX (Native),212406817.38109386,0.3578727259345031
206,2024-07-05,-1.727938151077,-6.741289475598,-17.421904885699,-43.543328933253,1.1704640040499075,28113930.1,694700981.5016564,766665433.33,593526139.29,dYdX (Native),213651701.43894038,0.35997016356266837
207,2024-07-06,-0.459824159103,3.537594147527,-10.036403771855,-41.806125738365,1.211870270156093,69897098.46,719276682.7660751,766665433.33,593526139.29,dYdX (Native),213973630.127848,0.3605125637496133
208,2024-07-07,-0.250852867379,8.084690140017,-2.062314630345,-39.703735570786,1.3098462263971997,21008390.05,777427973.8171052,766665433.33,593526139.29,dYdX (Native),216975577.49600154,0.36557038204847475
209,2024-07-08,-0.088398887865,-4.619825627768,-10.329355237298,-34.533509520596,1.249333614745755,19088570.19,741512157.0452682,766665433.33,593526139.29,dYdX (Native),218099378.81678098,0.36746381394032673
210,2024-07-09,0.084944080806,1.024046996461,-5.273159875667,-31.772808862853,1.2621273781033386,30453756.98,749105590.0178846,766665433.33,593526139.29,dYdX (Native),220113911.83895642,0.37085799136372594
211,2024-07-10,0.025978939562,2.975145964453,-3.91305618532,-32.12852054516,1.2996775098592428,12142349.15,771392574.7487973,766665433.33,593526139.29,dYdX (Native),220529793.2780362,0.3715586874435604
212,2024-07-11,0.151190900763,2.272215498343,5.906986806342,-27.758650615526,1.3292089836667422,16795929.21,788920276.3853061,766665433.33,593526139.29,dYdX (Native),221334608.26253676,0.37291467655882216
213,2024-07-12,-0.604926203421,-2.727822221978,10.4647832962,-22.694948861082,1.2929505256337528,15921042.23,767399933.7723774,766665433.33,593526139.29,dYdX (Native),222059275.1509017,0.374135628494034
214,2024-07-13,0.637832773112,2.748808005944,9.623223368963,-24.052806742324,1.3284912531952724,11816935.3,788494284.5895238,766665433.33,593526139.29,dYdX (Native),222522654.1035223,0.3749163505582297
215,2024-07-14,-0.476382098997,-0.178361777169,1.242550908751,-17.679509970953,1.3261217325865404,11117989.19,787087912.1706551,766665433.33,593526139.29,dYdX (Native),223012845.64403412,0.37574224769748327
216,2024-07-15,0.082978793975,4.592552130679,11.021151444332,-9.024191234426,1.3870245644718358,11781051.09,840484605.3968718,770455822.33,605962307.32,dYdX (Native),223066440.5606025,0.36811933327530266
217,2024-07-16,1.127585476745,4.626147891215,14.97970785584,-5.443411564169,1.451190372111787,19094885.35,879366666.2454278,770455822.33,605962307.32,dYdX (Native),223358545.5432568,0.3686013846820085
218,2024-07-17,0.700467704587,-4.005000415094,7.185835033475,-9.238299736342,1.393070191684909,22489910.51,844148027.6121023,770455822.33,605962307.32,dYdX (Native),223641937.65895116,0.36906905752612934
219,2024-07-18,-0.629789878691,-1.089317511797,3.662798782341,-3.4358219676,1.3778952341352573,21851552.48,834952575.3218322,770455822.33,605962307.32,dYdX (Native),223718401.66142052,0.36919524359669126
220,2024-07-19,0.331698603842,0.138223630199,6.717139101041,-0.012086296967,1.379799810948216,15745226.05,836106677.0818808,770455822.33,605962307.32,dYdX (Native),223809988.76443776,0.36934638683103255
221,2024-07-20,-0.437009215987,3.908399510712,7.921515972329,-1.367511532846,1.433727900008125,17074214.6,868785066.3579817,770455822.33,605962307.32,dYdX (Native),223898336.1074191,0.3694921835941548
222,2024-07-21,0.351174083515,0.58689433215,8.748867645725,1.695715032467,1.442142367791733,15584002.04,873883916.6710067,770455822.33,605962307.32,dYdX (Native),223986475.69384438,0.36963763750335105
223,2024-07-22,-0.216414239474,0.339563915409,4.32687350657,1.924386483758,1.4470393628815825,14548380.58,876851311.1145866,770455822.33,605962307.32,dYdX (Native),225167685.746122,0.3715869502543401
224,2024-07-23,-0.399098452044,-3.336809623193,-3.613306630882,-0.099334614403,1.3987544141695571,26420953.47,847592452.1842198,770455822.33,605962307.32,dYdX (Native),225209967.92852288,0.3716567271726238
225,2024-07-24,-0.135366916822,-7.348302876052,-6.970250956503,-6.563198053122,1.2959697033242314,42925639.03,785308791.6431673,770455822.33,605962307.32,dYdX (Native),225423855.7225196,0.37200969928229627
226,2024-07-25,0.100102790783,-0.064722220223,-6.006575037498,-6.654028635781,1.29513092295882,16303029.54,784800522.3576077,770455822.33,605962307.32,dYdX (Native),223689107.4429339,0.369146900295247
227,2024-07-26,-0.061661248335,-5.140509064505,-10.961387969561,-11.830744550585,1.2285546004669141,23452597.33,744457780.3675321,770455822.33,605962307.32,dYdX (Native),225380576.20151916,0.37193827648837385
228,2024-07-27,-0.264669884102,6.229705985706,-8.972271520805,-5.222856469233,1.3050899399498652,17527071.81,790835311.2721406,770455822.33,605962307.32,dYdX (Native),226069352.17543387,0.3730749412043048
229,2024-07-28,-0.868030401022,-0.558875332434,-10.00915421432,-8.438422209193,1.2977961142094105,13712503.48,786415527.7972647,770455822.33,605962307.32,dYdX (Native),226133444.43629846,0.37318071058977703
230,2024-07-29,0.597401175253,-1.546347143138,-11.700558129314,-5.147456769592,1.277727681073571,10284429.46,774254813.7499743,770455822.33,605962307.32,dYdX (Native),226114805.98771867,0.3731499521608209
231,2024-07-30,-0.107156782445,0.003508559972,-8.64925980061,-4.460478164487,1.2777725109155376,13022933.1,774281978.9444491,770455822.33,605962307.32,dYdX (Native),226618443.67224553,0.37398108914482625
232,2024-07-31,0.022281721441,-2.060791444161,-3.435992282479,-10.178149491998,1.2514402843347499,12987165.61,758325642.168682,770455822.33,605962307.32,dYdX (Native),226671147.56963786,0.37406806468234016
233,2024-08-01,-0.578195679932,-4.611816977719,-7.82969291563,-10.406898689631,1.1937261488357807,13251110.24,723353051.4567474,770455822.33,605962307.32,dYdX (Native),226391435.6698382,0.3736064651794985
234,2024-08-02,0.006879179407,-1.602887255301,-4.392359599932,-13.160795002011,1.1745920645329013,24004084.84,711758517.5841193,770455822.33,605962307.32,dYdX (Native),226960095.94178662,0.37454490683680797
235,2024-08-03,0.047238104545,-6.42684883494,-15.783366764716,-12.427114149442,1.099102808118169,19807204.66,666014873.589177,770455822.33,605962307.32,dYdX (Native),227822641.59239587,0.37596833803077784
236,2024-08-04,0.829190668601,-2.456636253948,-17.390579434823,-8.403688933943,1.0721018500657797,22828081.94,649653310.7479006,770455822.33,605962307.32,dYdX (Native),228320039.8757216,0.3767891783327524
237,2024-08-05,-1.671472706726,0.892514688045,-15.344205766945,-10.743703910725,1.0816705165484213,26895780.92,655451561.9676976,770455822.33,605962307.32,dYdX (Native),229233437.64868087,0.378296529139767
238,2024-08-06,-0.906233181543,-13.594794237105,-26.855553119501,-28.646613879939,0.934619635500237,80544871.31,566344270.794301,770455822.33,605962307.32,dYdX (Native),229786692.1607449,0.3792095471697348
239,2024-08-07,-0.291070646861,3.760325549687,-22.508138136063,-22.377468676075,0.9697643764463458,28443157.81,587640659.1081688,770455822.33,605962307.32,dYdX (Native),230531708.7228058,0.38043902390956025
240,2024-08-08,-0.419157790746,-4.695688262856,-22.576273850952,-26.772267167433,0.9242272644441973,21436127.42,572936528.1522698,771541452.07,619908706.65,dYdX (Native),232080198.48703253,0.37437802695367667
241,2024-08-09,0.409394854077,10.997932139459,-12.661324490549,-21.067099798222,1.0258731518021509,18248217.04,636015903.5278137,771541452.07,619975191.29,dYdX (Native),233975189.8025184,0.3773944394705207
242,2024-08-10,0.292972299944,-0.178354872934,-6.829147420785,-22.95843094433,1.0240434570457886,17264356.37,634937722.4588726,771541452.07,620030056.43,dYdX (Native),234078620.13839808,0.37752785967533986
243,2024-08-11,-0.153886088084,1.780504581317,-2.781942065558,-19.387743223795,1.0422765977131696,11880814.57,646300021.8065213,771541452.07,620084940.24,dYdX (Native),234797626.5156853,0.378653973477905
244,2024-08-12,-0.179372540808,-5.681966057402,-9.116983391231,-26.002162766038,0.9830547952068612,13198124.39,609631761.9205693,771541452.07,620140164.0,dYdX (Native),234398638.32044888,0.3779768702748446
245,2024-08-13,1.259107915282,8.344722586566,13.959513612266,-19.683995475785,1.0650879907408066,16651889.15,660562265.6316819,771541452.07,620195018.04,dYdX (Native),234464284.57805267,0.37804928733389265
246,2024-08-14,-0.304370173302,1.271377689504,11.2259130183,-22.234305760879,1.0786292818286696,13941625.47,669019621.9242488,771541452.07,620249823.73,dYdX (Native),234775552.57527876,0.37851772558903385
247,2024-08-15,0.056925937438,-1.111337540662,15.409067740127,-26.498818473903,1.0666420696951309,13388763.7,661643181.4848189,771541452.07,620304786.66,dYdX (Native),235035753.39842182,0.3789036590608305
248,2024-08-16,0.724138619046,-3.536674361929,0.296845791819,-26.140231897561,1.028918413082679,16507948.38,638299558.418627,771541452.07,620359739.22,dYdX (Native),235441118.42840365,0.3795235305315461
249,2024-08-17,0.339676724343,1.390212414077,1.872880239049,-24.288687648536,1.0432225645920763,13093782.69,647230596.1569321,771541452.07,620414682.47,dYdX (Native),236360975.6900295,0.3809725694257061
250,2024-08-18,0.59454526695,3.675217319641,3.769312612544,-21.614479695783,1.0815632609683625,12080868.97,671077240.327205,771541452.07,620469707.64,dYdX (Native),236557697.48729903,0.38125583662587303
251,2024-08-19,-0.601802610868,2.624944461533,12.90862943724,-22.582681422407,1.10995369588513,12118421.46,688753866.6848968,771541452.07,620524864.45,dYdX (Native),238044485.56032044,0.3836179647229935
252,2024-08-20,0.902759327709,-1.463270221969,2.687485304842,-24.160603113662,1.0937120739756037,15470947.4,678736051.1463566,771541452.07,620580194.09,dYdX (Native),237641630.9929678,0.3829346041915474
253,2024-08-21,-0.51902028647,-2.158312817151,-0.790163578163,-26.048566918782,1.0701063461002591,17003645.16,664145874.8467453,771541452.07,620635395.04,dYdX (Native),238210415.05425587,0.38381699941380754
254,2024-08-22,-0.529975962178,3.232759944368,3.568042814482,-21.022568062815,1.1047003154191295,12391129.21,685676543.5030893,771541452.07,620690094.8,dYdX (Native),242588852.89502823,0.3908373195051481
255,2024-08-23,0.067889657552,0.431096382412,7.828047822704,-14.391313649574,1.1094626385153938,11277610.6,688693831.07215,771541452.07,620745401.57,dYdX (Native),243011551.27733946,0.39148344983742195
256,2024-08-24,-0.241108415365,5.759520467297,12.474787843236,-9.402026817715,1.1733623662577064,15328531.08,728423712.9474589,771541452.07,620800303.38,dYdX (Native),243331039.6421122,0.3919634676679049
257,2024-08-25,0.992878582552,2.807627355247,11.533560038724,-1.810956666438,1.2063060090289315,19595631.3,748941402.249578,771541452.07,620855236.27,dYdX (Native),243551522.09288245,0.3922839139701897
258,2024-08-26,-1.133287745004,-5.690521563593,2.496249139024,-12.828926908599,1.1376609054622222,15314903.73,706385539.8887672,771541452.07,620910445.72,dYdX (Native),243667611.72326595,0.3924360000751993
259,2024-08-27,-0.123947847463,-6.094210961743,-2.320777536017,-17.681256850975,1.0683294498540734,17640417.19,663395795.5418249,771541452.07,620965560.42,dYdX (Native),243807660.07947427,0.39262670205827693
260,2024-08-28,0.381868429477,-8.384496424344,-8.536622654592,-23.398747649541,0.9787554053308395,17842232.3,607827315.4745948,771541452.07,621020647.41,dYdX (Native),243763462.34804457,0.39252070501145686
261,2024-08-29,0.808122022241,-1.364633029856,-12.609875066261,-24.446724472381,0.965398985788189,21432465.12,599577094.042763,771541452.07,621066629.31,dYdX (Native),243266090.15888464,0.3916908084872493
