avg_price,time
1.9196874999999938,2024-08-18 00:00:00.000 UTC
1.8851388888889078,2024-08-17 00:00:00.000 UTC
1.8761111111111008,2024-08-16 00:00:00.000 UTC
1.9113541666666887,2024-08-15 00:00:00.000 UTC
1.956562500000008,2024-08-14 00:00:00.000 UTC
1.9498611111111301,2024-08-13 00:00:00.000 UTC
1.913298611111109,2024-08-12 00:00:00.000 UTC
1.930798611111138,2024-08-11 00:00:00.000 UTC
1.9381944444444499,2024-08-10 00:00:00.000 UTC
1.950243055555559,2024-08-09 00:00:00.000 UTC
1.8976041666666694,2024-08-08 00:00:00.000 UTC
1.8356944444444316,2024-08-07 00:00:00.000 UTC
1.8532986111110903,2024-08-06 00:00:00.000 UTC
1.7428819444444603,2024-08-05 00:00:00.000 UTC
2.0640625000000012,2024-08-04 00:00:00.000 UTC
2.1559722222222173,2024-08-03 00:00:00.000 UTC
2.2780902777777823,2024-08-02 00:00:00.000 UTC
2.350590277777776,2024-08-01 00:00:00.000 UTC
2.47815972222222,2024-07-31 00:00:00.000 UTC
2.5023263888888745,2024-07-30 00:00:00.000 UTC
2.539166666666637,2024-07-29 00:00:00.000 UTC
2.5495486111111174,2024-07-28 00:00:00.000 UTC
2.5885416666666625,2024-07-27 00:00:00.000 UTC
2.5407986111111303,2024-07-26 00:00:00.000 UTC
2.4844791666666386,2024-07-25 00:00:00.000 UTC
2.7389236111110975,2024-07-24 00:00:00.000 UTC
2.645486111111104,2024-07-23 00:00:00.000 UTC
2.6675694444444487,2024-07-22 00:00:00.000 UTC
2.665486111111134,2024-07-21 00:00:00.000 UTC
2.7136111111110854,2024-07-20 00:00:00.000 UTC
2.651354166666622,2024-07-19 00:00:00.000 UTC
2.6721527777777836,2024-07-18 00:00:00.000 UTC
2.6884027777777497,2024-07-17 00:00:00.000 UTC
2.6590277777777422,2024-07-16 00:00:00.000 UTC
2.6473263888889087,2024-07-15 00:00:00.000 UTC
2.5717013888889175,2024-07-14 00:00:00.000 UTC
2.5310069444444734,2024-07-13 00:00:00.000 UTC
2.500937500000046,2024-07-12 00:00:00.000 UTC
2.517499999999987,2024-07-11 00:00:00.000 UTC
2.5024999999999946,2024-07-10 00:00:00.000 UTC
2.4988194444444423,2024-07-09 00:00:00.000 UTC
2.4293750000000176,2024-07-08 00:00:00.000 UTC
2.4671527777777933,2024-07-07 00:00:00.000 UTC
2.435625000000011,2024-07-06 00:00:00.000 UTC
2.306770833333331,2024-07-05 00:00:00.000 UTC
2.551111111111105,2024-07-04 00:00:00.000 UTC
2.656840277777784,2024-07-03 00:00:00.000 UTC
2.6048611111111017,2024-07-02 00:00:00.000 UTC
2.8405208333333296,2024-07-01 00:00:00.000 UTC
2.9638194444444577,2024-06-30 00:00:00.000 UTC
2.997118055555561,2024-06-29 00:00:00.000 UTC
3.039409722222209,2024-06-28 00:00:00.000 UTC
3.0251736111111125,2024-06-27 00:00:00.000 UTC
3.008159722222213,2024-06-26 00:00:00.000 UTC
3.0202083333333336,2024-06-25 00:00:00.000 UTC
2.976631944444446,2024-06-24 00:00:00.000 UTC
3.1245833333333333,2024-06-23 00:00:00.000 UTC
3.128368055555561,2024-06-22 00:00:00.000 UTC
3.152812500000012,2024-06-21 00:00:00.000 UTC
3.2426041666666663,2024-06-20 00:00:00.000 UTC
3.199618055555561,2024-06-19 00:00:00.000 UTC
3.093506944444423,2024-06-18 00:00:00.000 UTC
3.3562847222222114,2024-06-17 00:00:00.000 UTC
3.4388541666666836,2024-06-16 00:00:00.000 UTC
3.4069444444444588,2024-06-15 00:00:00.000 UTC
3.3991666666666704,2024-06-14 00:00:00.000 UTC
3.453055555555567,2024-06-13 00:00:00.000 UTC
3.5077777777777737,2024-06-12 00:00:00.000 UTC
3.47694444444445,2024-06-11 00:00:00.000 UTC
3.618854166666667,2024-06-10 00:00:00.000 UTC
3.611770833333343,2024-06-09 00:00:00.000 UTC
3.6798263888888982,2024-06-08 00:00:00.000 UTC
3.958194444444483,2024-06-07 00:00:00.000 UTC
4.080902777777779,2024-06-06 00:00:00.000 UTC
4.060069444444468,2024-06-05 00:00:00.000 UTC
3.973020833333343,2024-06-04 00:00:00.000 UTC
4.021909722222234,2024-06-03 00:00:00.000 UTC
4.013368055555562,2024-06-02 00:00:00.000 UTC
4.044340277777806,2024-06-01 00:00:00.000 UTC
4.004895833333371,2024-05-31 00:00:00.000 UTC
3.9638194444444506,2024-05-30 00:00:00.000 UTC
4.0150694444444515,2024-05-29 00:00:00.000 UTC
4.032708333333373,2024-05-28 00:00:00.000 UTC
4.0915277777777845,2024-05-27 00:00:00.000 UTC
4.039305555555591,2024-05-26 00:00:00.000 UTC
4.021840277777814,2024-05-25 00:00:00.000 UTC
3.9398958333333125,2024-05-24 00:00:00.000 UTC
3.9803819444444457,2024-05-23 00:00:00.000 UTC
3.9522222222222188,2024-05-22 00:00:00.000 UTC
3.950902777777781,2024-05-21 00:00:00.000 UTC
3.4981944444444393,2024-05-20 00:00:00.000 UTC
3.4847916666666308,2024-05-19 00:00:00.000 UTC
3.5587500000000394,2024-05-18 00:00:00.000 UTC
3.5231597222222995,2024-05-17 00:00:00.000 UTC
3.4668749999999564,2024-05-16 00:00:00.000 UTC
3.4005555555554983,2024-05-15 00:00:00.000 UTC
3.3735069444444616,2024-05-14 00:00:00.000 UTC
3.4155555555555326,2024-05-13 00:00:00.000 UTC
3.4202777777777507,2024-05-12 00:00:00.000 UTC
3.425729166666661,2024-05-11 00:00:00.000 UTC
3.5249999999999813,2024-05-10 00:00:00.000 UTC
3.515277777777762,2024-05-09 00:00:00.000 UTC
3.511597222222247,2024-05-08 00:00:00.000 UTC
3.514618055555605,2024-05-07 00:00:00.000 UTC
3.5857638888888808,2024-05-06 00:00:00.000 UTC
3.6154166666666767,2024-05-05 00:00:00.000 UTC
3.658958333333299,2024-05-04 00:00:00.000 UTC
3.6094444444444256,2024-05-03 00:00:00.000 UTC
3.5103125000000293,2024-05-02 00:00:00.000 UTC
3.4481597222222176,2024-05-01 00:00:00.000 UTC
3.543576388888899,2024-04-30 00:00:00.000 UTC
3.796145833333335,2024-04-29 00:00:00.000 UTC
3.9843055555555558,2024-04-28 00:00:00.000 UTC
3.8368750000000085,2024-04-27 00:00:00.000 UTC
3.820624999999974,2024-04-26 00:00:00.000 UTC
3.8199305555555334,2024-04-25 00:00:00.000 UTC
4.01180555555555,2024-04-24 00:00:00.000 UTC
4.021979166666665,2024-04-23 00:00:00.000 UTC
4.019826388888877,2024-04-22 00:00:00.000 UTC
3.9557291666666408,2024-04-21 00:00:00.000 UTC
3.8966319444444326,2024-04-20 00:00:00.000 UTC
3.856979166666687,2024-04-19 00:00:00.000 UTC
3.7908333333333575,2024-04-18 00:00:00.000 UTC
3.813506944444455,2024-04-17 00:00:00.000 UTC
3.851562500000009,2024-04-16 00:00:00.000 UTC
3.998402777777775,2024-04-15 00:00:00.000 UTC
3.8290625000000102,2024-04-14 00:00:00.000 UTC
4.071909722222216,2024-04-13 00:00:00.000 UTC
4.6592361111111185,2024-04-12 00:00:00.000 UTC
4.905625000000027,2024-04-11 00:00:00.000 UTC
4.810277777777784,2024-04-10 00:00:00.000 UTC
4.960312500000005,2024-04-09 00:00:00.000 UTC
4.939062500000002,2024-04-08 00:00:00.000 UTC
4.76378472222222,2024-04-07 00:00:00.000 UTC
4.713784722222207,2024-04-06 00:00:00.000 UTC
4.661597222222215,2024-04-05 00:00:00.000 UTC
4.71552083333333,2024-04-04 00:00:00.000 UTC
4.673402777777775,2024-04-03 00:00:00.000 UTC
4.735659722222231,2024-04-02 00:00:00.000 UTC
5.050451388888879,2024-04-01 00:00:00.000 UTC
5.160868055555528,2024-03-31 00:00:00.000 UTC
5.066319444444468,2024-03-30 00:00:00.000 UTC
5.1207986111111365,2024-03-29 00:00:00.000 UTC
5.150312499999986,2024-03-28 00:00:00.000 UTC
5.202916666666637,2024-03-27 00:00:00.000 UTC
5.238333333333342,2024-03-26 00:00:00.000 UTC
5.035937499999961,2024-03-25 00:00:00.000 UTC
4.803784722222239,2024-03-24 00:00:00.000 UTC
4.78652777777781,2024-03-23 00:00:00.000 UTC
4.83930555555554,2024-03-22 00:00:00.000 UTC
4.963124999999986,2024-03-21 00:00:00.000 UTC
4.635173611111102,2024-03-20 00:00:00.000 UTC
4.6795138888888745,2024-03-19 00:00:00.000 UTC
5.0938888888888725,2024-03-18 00:00:00.000 UTC
5.120277777777739,2024-03-17 00:00:00.000 UTC
5.311597222222245,2024-03-16 00:00:00.000 UTC
5.429791666666687,2024-03-15 00:00:00.000 UTC
5.829965277777775,2024-03-14 00:00:00.000 UTC
6.034895833333364,2024-03-13 00:00:00.000 UTC
5.913715277777747,2024-03-12 00:00:00.000 UTC
5.778819444444447,2024-03-11 00:00:00.000 UTC
5.746354166666663,2024-03-10 00:00:00.000 UTC
5.80850694444446,2024-03-09 00:00:00.000 UTC
5.822743055555562,2024-03-08 00:00:00.000 UTC
5.716979166666681,2024-03-07 00:00:00.000 UTC
5.424201388888921,2024-03-06 00:00:00.000 UTC
5.33319444444446,2024-03-05 00:00:00.000 UTC
5.23569444444444,2024-03-04 00:00:00.000 UTC
5.180208333333312,2024-03-03 00:00:00.000 UTC
5.192777777777754,2024-03-02 00:00:00.000 UTC
5.0923263888888926,2024-03-01 00:00:00.000 UTC
5.1062847222222025,2024-02-29 00:00:00.000 UTC
4.913645833333287,2024-02-28 00:00:00.000 UTC
4.894548611111088,2024-02-27 00:00:00.000 UTC
4.762916666666688,2024-02-26 00:00:00.000 UTC
4.706944444444386,2024-02-25 00:00:00.000 UTC
4.574201388888887,2024-02-24 00:00:00.000 UTC
4.301805555555547,2024-02-23 00:00:00.000 UTC
4.241388888888941,2024-02-22 00:00:00.000 UTC
4.163020833333347,2024-02-21 00:00:00.000 UTC
4.223472222222198,2024-02-20 00:00:00.000 UTC
4.235694444444418,2024-02-19 00:00:00.000 UTC
4.108749999999974,2024-02-18 00:00:00.000 UTC
4.00899305555554,2024-02-17 00:00:00.000 UTC
4.031909722222229,2024-02-16 00:00:00.000 UTC
4.014791666666707,2024-02-15 00:00:00.000 UTC
3.9380555555554886,2024-02-14 00:00:00.000 UTC
3.8959375000000125,2024-02-13 00:00:00.000 UTC
3.810694444444405,2024-02-12 00:00:00.000 UTC
3.810451388888946,2024-02-11 00:00:00.000 UTC
3.773333333333348,2024-02-10 00:00:00.000 UTC
3.7275347222222353,2024-02-09 00:00:00.000 UTC
3.668124999999985,2024-02-08 00:00:00.000 UTC
3.6217708333333114,2024-02-07 00:00:00.000 UTC
3.580729166666639,2024-02-06 00:00:00.000 UTC
3.561597222222251,2024-02-05 00:00:00.000 UTC
3.5751388888889157,2024-02-04 00:00:00.000 UTC
3.6383333333333896,2024-02-03 00:00:00.000 UTC
3.613680555555531,2024-02-02 00:00:00.000 UTC
3.58614583333337,2024-02-01 00:00:00.000 UTC
3.675208333333323,2024-01-31 00:00:00.000 UTC
3.7335069444444224,2024-01-30 00:00:00.000 UTC
3.663402777777784,2024-01-29 00:00:00.000 UTC
3.6502083333333406,2024-01-28 00:00:00.000 UTC
3.664791666666657,2024-01-27 00:00:00.000 UTC
3.625868055555561,2024-01-26 00:00:00.000 UTC
3.564027777777804,2024-01-25 00:00:00.000 UTC
3.562500000000027,2024-01-24 00:00:00.000 UTC
3.5899305555555436,2024-01-23 00:00:00.000 UTC
3.8232638888888864,2024-01-22 00:00:00.000 UTC
3.9989583333333485,2024-01-21 00:00:00.000 UTC
3.983749999999982,2024-01-20 00:00:00.000 UTC
3.939583333333284,2024-01-19 00:00:00.000 UTC
4.0688541666667,2024-01-18 00:00:00.000 UTC
4.196423611111119,2024-01-17 00:00:00.000 UTC
4.24315972222223,2024-01-16 00:00:00.000 UTC
4.228645833333336,2024-01-15 00:00:00.000 UTC
4.344826388888878,2024-01-14 00:00:00.000 UTC
4.227812500000003,2024-01-13 00:00:00.000 UTC
4.346666666666665,2024-01-12 00:00:00.000 UTC
4.384097222222213,2024-01-11 00:00:00.000 UTC
4.000347222222226,2024-01-10 00:00:00.000 UTC
3.8407291666666685,2024-01-09 00:00:00.000 UTC
3.7964583333333515,2024-01-08 00:00:00.000 UTC
3.954201388888898,2024-01-07 00:00:00.000 UTC
4.024583333333327,2024-01-06 00:00:00.000 UTC
4.138472222222214,2024-01-05 00:00:00.000 UTC
4.164131944444441,2024-01-04 00:00:00.000 UTC
4.32069444444444,2024-01-03 00:00:00.000 UTC
4.564444444444442,2024-01-02 00:00:00.000 UTC
4.3970486111111065,2024-01-01 00:00:00.000 UTC
4.277118055555581,2023-12-31 00:00:00.000 UTC
4.276944444444429,2023-12-30 00:00:00.000 UTC
4.378125000000014,2023-12-29 00:00:00.000 UTC
4.555902777777786,2023-12-28 00:00:00.000 UTC
4.58427083333332,2023-12-27 00:00:00.000 UTC
4.290868055555582,2023-12-26 00:00:00.000 UTC
4.230555555555583,2023-12-25 00:00:00.000 UTC
4.190381944444425,2023-12-24 00:00:00.000 UTC
4.128645833333296,2023-12-23 00:00:00.000 UTC
4.101562499999986,2023-12-22 00:00:00.000 UTC
3.9865625000000384,2023-12-21 00:00:00.000 UTC
3.9297222222222072,2023-12-20 00:00:00.000 UTC
3.9380208333333346,2023-12-19 00:00:00.000 UTC
3.808090277777794,2023-12-18 00:00:00.000 UTC
3.9732638888888605,2023-12-17 00:00:00.000 UTC
4.010347222222293,2023-12-16 00:00:00.000 UTC
4.029027777777754,2023-12-15 00:00:00.000 UTC
4.07725694444445,2023-12-14 00:00:00.000 UTC
3.996909722222207,2023-12-13 00:00:00.000 UTC
4.035729166666693,2023-12-12 00:00:00.000 UTC
4.02545138888887,2023-12-11 00:00:00.000 UTC
4.337500000000023,2023-12-10 00:00:00.000 UTC
4.386458333333327,2023-12-09 00:00:00.000 UTC
4.322465277777799,2023-12-08 00:00:00.000 UTC
4.213923611111121,2023-12-07 00:00:00.000 UTC
4.223784722222185,2023-12-06 00:00:00.000 UTC
4.255833333333329,2023-12-05 00:00:00.000 UTC
4.103125000000013,2023-12-04 00:00:00.000 UTC
3.958124999999972,2023-12-03 00:00:00.000 UTC
3.8589930555555556,2023-12-02 00:00:00.000 UTC
3.761284722222286,2023-12-01 00:00:00.000 UTC
3.694618055555524,2023-11-30 00:00:00.000 UTC
3.678090277777753,2023-11-29 00:00:00.000 UTC
3.63878472222219,2023-11-28 00:00:00.000 UTC
3.687847222222219,2023-11-27 00:00:00.000 UTC
3.794270833333298,2023-11-26 00:00:00.000 UTC
3.8297569444444424,2023-11-25 00:00:00.000 UTC
3.79972222222223,2023-11-24 00:00:00.000 UTC
3.708263888888845,2023-11-23 00:00:00.000 UTC
3.587604166666662,2023-11-22 00:00:00.000 UTC
3.639895833333348,2023-11-21 00:00:00.000 UTC
3.7425347222222203,2023-11-20 00:00:00.000 UTC
3.6332291666666316,2023-11-19 00:00:00.000 UTC
3.6010069444444563,2023-11-18 00:00:00.000 UTC
3.6671527777777726,2023-11-17 00:00:00.000 UTC
3.8838888888888947,2023-11-16 00:00:00.000 UTC
3.940868055555548,2023-11-15 00:00:00.000 UTC
3.908993055555546,2023-11-14 00:00:00.000 UTC
4.074861111111103,2023-11-13 00:00:00.000 UTC
4.06531249999999,2023-11-12 00:00:00.000 UTC
3.9706944444444363,2023-11-11 00:00:00.000 UTC
3.9784722222222224,2023-11-10 00:00:00.000 UTC
3.8021527777777804,2023-11-09 00:00:00.000 UTC
3.7182986111111127,2023-11-08 00:00:00.000 UTC
3.686284722222221,2023-11-07 00:00:00.000 UTC
3.7013888888888884,2023-11-06 00:00:00.000 UTC
3.622847222222221,2023-11-05 00:00:00.000 UTC
3.4023958333333315,2023-11-04 00:00:00.000 UTC
3.359131944444442,2023-11-03 00:00:00.000 UTC
3.5396527777777895,2023-11-02 00:00:00.000 UTC
3.397986111111114,2023-11-01 00:00:00.000 UTC
3.429895833333341,2023-10-31 00:00:00.000 UTC
3.4573958333333286,2023-10-30 00:00:00.000 UTC
3.4109722222221914,2023-10-29 00:00:00.000 UTC
3.394097222222212,2023-10-28 00:00:00.000 UTC
3.3506250000000346,2023-10-27 00:00:00.000 UTC
3.4094444444444454,2023-10-26 00:00:00.000 UTC
3.349444444444437,2023-10-25 00:00:00.000 UTC
3.367916666666669,2023-10-24 00:00:00.000 UTC
3.1834027777777685,2023-10-23 00:00:00.000 UTC
3.0773263888889133,2023-10-22 00:00:00.000 UTC
3.050520833333351,2023-10-21 00:00:00.000 UTC
3.0151388888889517,2023-10-20 00:00:00.000 UTC
2.9534027777777454,2023-10-19 00:00:00.000 UTC
3.000451388888853,2023-10-18 00:00:00.000 UTC
3.0524999999999975,2023-10-17 00:00:00.000 UTC
3.093680555555537,2023-10-16 00:00:00.000 UTC
3.0767708333333212,2023-10-15 00:00:00.000 UTC
3.045451388888881,2023-10-14 00:00:00.000 UTC
3.0167013888888974,2023-10-13 00:00:00.000 UTC
3.0353472222222244,2023-10-12 00:00:00.000 UTC
3.058541666666668,2023-10-11 00:00:00.000 UTC
3.0832291666666545,2023-10-10 00:00:00.000 UTC
3.131631944444453,2023-10-09 00:00:00.000 UTC
3.2151041666666704,2023-10-08 00:00:00.000 UTC
3.2776041666666615,2023-10-07 00:00:00.000 UTC
3.255347222222222,2023-10-06 00:00:00.000 UTC
3.244652777777775,2023-10-05 00:00:00.000 UTC
3.246041666666674,2023-10-04 00:00:00.000 UTC
3.296597222222215,2023-10-03 00:00:00.000 UTC
3.4222222222222296,2023-10-02 00:00:00.000 UTC
3.3596527777777667,2023-10-01 00:00:00.000 UTC
3.340590277777768,2023-09-30 00:00:00.000 UTC
3.3393750000000493,2023-09-29 00:00:00.000 UTC
3.2765972222222652,2023-09-28 00:00:00.000 UTC
3.227430555555539,2023-09-27 00:00:00.000 UTC
3.1815624999999748,2023-09-26 00:00:00.000 UTC
3.142881944444442,2023-09-25 00:00:00.000 UTC
3.1402777777777815,2023-09-24 00:00:00.000 UTC
3.168159722222247,2023-09-23 00:00:00.000 UTC
3.1574652777777477,2023-09-22 00:00:00.000 UTC
3.1829166666666455,2023-09-21 00:00:00.000 UTC
3.2626388888888056,2023-09-20 00:00:00.000 UTC
3.3153125000000374,2023-09-19 00:00:00.000 UTC
3.3078819444444445,2023-09-18 00:00:00.000 UTC
3.2761111111111347,2023-09-17 00:00:00.000 UTC
3.3392013888888994,2023-09-16 00:00:00.000 UTC
3.2879166666667157,2023-09-15 00:00:00.000 UTC
3.281979166666697,2023-09-14 00:00:00.000 UTC
3.2021874999999795,2023-09-13 00:00:00.000 UTC
3.2032986111111192,2023-09-12 00:00:00.000 UTC
3.2248611111111023,2023-09-11 00:00:00.000 UTC
3.328125000000018,2023-09-10 00:00:00.000 UTC
3.391562499999986,2023-09-09 00:00:00.000 UTC
3.396249999999999,2023-09-08 00:00:00.000 UTC
3.402499999999982,2023-09-07 00:00:00.000 UTC
3.3489930555555474,2023-09-06 00:00:00.000 UTC
3.361701388888889,2023-09-05 00:00:00.000 UTC
3.346562500000007,2023-09-04 00:00:00.000 UTC
3.3502430555555414,2023-09-03 00:00:00.000 UTC
3.3750694444444593,2023-09-02 00:00:00.000 UTC
3.416840277777763,2023-09-01 00:00:00.000 UTC
3.5210069444444354,2023-08-31 00:00:00.000 UTC
3.590243055555615,2023-08-30 00:00:00.000 UTC
3.5449305555555553,2023-08-29 00:00:00.000 UTC
3.486874999999959,2023-08-28 00:00:00.000 UTC
3.462569444444476,2023-08-27 00:00:00.000 UTC
3.468715277777743,2023-08-26 00:00:00.000 UTC
3.4654166666666026,2023-08-25 00:00:00.000 UTC
3.5417361111110943,2023-08-24 00:00:00.000 UTC
3.561701388888893,2023-08-23 00:00:00.000 UTC
3.5448611111110937,2023-08-22 00:00:00.000 UTC
3.620347222222204,2023-08-21 00:00:00.000 UTC
3.669756944444454,2023-08-20 00:00:00.000 UTC
3.682534722222227,2023-08-19 00:00:00.000 UTC
3.650694444444459,2023-08-18 00:00:00.000 UTC
3.922083333333337,2023-08-17 00:00:00.000 UTC
4.040347222222219,2023-08-16 00:00:00.000 UTC
4.169062499999999,2023-08-15 00:00:00.000 UTC
4.251944444444446,2023-08-14 00:00:00.000 UTC
4.269687499999996,2023-08-13 00:00:00.000 UTC
4.207118055555563,2023-08-12 00:00:00.000 UTC
4.205034722222239,2023-08-11 00:00:00.000 UTC
4.2404861111111165,2023-08-10 00:00:00.000 UTC
4.3135069444444465,2023-08-09 00:00:00.000 UTC
4.30472222222221,2023-08-08 00:00:00.000 UTC
4.270034722222218,2023-08-07 00:00:00.000 UTC
4.3017361111110946,2023-08-06 00:00:00.000 UTC
4.2434027777777805,2023-08-05 00:00:00.000 UTC
4.24013888888889,2023-08-04 00:00:00.000 UTC
4.273923611111107,2023-08-03 00:00:00.000 UTC
4.343784722222225,2023-08-02 00:00:00.000 UTC
4.385208333333343,2023-08-01 00:00:00.000 UTC
4.412499999999993,2023-07-31 00:00:00.000 UTC
4.462881944444434,2023-07-30 00:00:00.000 UTC
4.45107638888888,2023-07-29 00:00:00.000 UTC
4.484930555555552,2023-07-28 00:00:00.000 UTC
4.525624999999997,2023-07-27 00:00:00.000 UTC
4.501458333333325,2023-07-26 00:00:00.000 UTC
4.5131597222222375,2023-07-25 00:00:00.000 UTC
4.516805555555555,2023-07-24 00:00:00.000 UTC
4.563124999999989,2023-07-23 00:00:00.000 UTC
4.601458333333321,2023-07-22 00:00:00.000 UTC
4.665833333333331,2023-07-21 00:00:00.000 UTC
4.6584722222221995,2023-07-20 00:00:00.000 UTC
4.7013541666666345,2023-07-19 00:00:00.000 UTC
4.726145833333285,2023-07-18 00:00:00.000 UTC
4.8023611111111535,2023-07-17 00:00:00.000 UTC
4.766770833333371,2023-07-16 00:00:00.000 UTC
4.8045833333333405,2023-07-15 00:00:00.000 UTC
4.918298611111069,2023-07-14 00:00:00.000 UTC
4.735451388888839,2023-07-13 00:00:00.000 UTC
4.6176041666666325,2023-07-12 00:00:00.000 UTC
4.602256944444459,2023-07-11 00:00:00.000 UTC
4.5898958333333475,2023-07-10 00:00:00.000 UTC
4.605138888888924,2023-07-09 00:00:00.000 UTC
4.594826388888927,2023-07-08 00:00:00.000 UTC
4.615173611111116,2023-07-07 00:00:00.000 UTC
4.7564236111111,2023-07-06 00:00:00.000 UTC
4.798819444444452,2023-07-05 00:00:00.000 UTC
4.900868055555574,2023-07-04 00:00:00.000 UTC
4.922499999999973,2023-07-03 00:00:00.000 UTC
4.82305555555558,2023-07-02 00:00:00.000 UTC
4.833541666666676,2023-07-01 00:00:00.000 UTC
4.720868055555544,2023-06-30 00:00:00.000 UTC
4.5830902777777816,2023-06-29 00:00:00.000 UTC
4.663784722222198,2023-06-28 00:00:00.000 UTC
4.718055555555577,2023-06-27 00:00:00.000 UTC
4.7523263888889105,2023-06-26 00:00:00.000 UTC
4.864097222222238,2023-06-25 00:00:00.000 UTC
4.771284722222235,2023-06-24 00:00:00.000 UTC
4.75562499999998,2023-06-23 00:00:00.000 UTC
4.788472222222225,2023-06-22 00:00:00.000 UTC
4.672986111111119,2023-06-21 00:00:00.000 UTC
4.408958333333335,2023-06-20 00:00:00.000 UTC
4.3872569444445,2023-06-19 00:00:00.000 UTC
4.436527777777778,2023-06-18 00:00:00.000 UTC
4.416284722222234,2023-06-17 00:00:00.000 UTC
4.300798611111125,2023-06-16 00:00:00.000 UTC
4.2168749999999795,2023-06-15 00:00:00.000 UTC
4.451597222222234,2023-06-14 00:00:00.000 UTC
4.462326388888827,2023-06-13 00:00:00.000 UTC
4.446631944444429,2023-06-12 00:00:00.000 UTC
4.487361111111054,2023-06-11 00:00:00.000 UTC
4.577013888888868,2023-06-10 00:00:00.000 UTC
4.923437499999946,2023-06-09 00:00:00.000 UTC
4.970173611111081,2023-06-08 00:00:00.000 UTC
5.037916666666658,2023-06-07 00:00:00.000 UTC
4.981250000000025,2023-06-06 00:00:00.000 UTC
5.0954166666666785,2023-06-05 00:00:00.000 UTC
5.29083333333338,2023-06-04 00:00:00.000 UTC
5.301701388888931,2023-06-03 00:00:00.000 UTC
5.329791666666621,2023-06-02 00:00:00.000 UTC
5.236284722222233,2023-06-01 00:00:00.000 UTC
5.24663194444442,2023-05-31 00:00:00.000 UTC
5.3693750000000025,2023-05-30 00:00:00.000 UTC
5.402951388888895,2023-05-29 00:00:00.000 UTC
5.2643750000000225,2023-05-28 00:00:00.000 UTC
5.206840277777724,2023-05-27 00:00:00.000 UTC
5.194409722222193,2023-05-26 00:00:00.000 UTC
5.20420138888883,2023-05-25 00:00:00.000 UTC
5.364409722222253,2023-05-24 00:00:00.000 UTC
5.454444444444382,2023-05-23 00:00:00.000 UTC
5.337222222222255,2023-05-22 00:00:00.000 UTC
5.357118055555556,2023-05-21 00:00:00.000 UTC
5.3968402777777715,2023-05-20 00:00:00.000 UTC
5.492638888888855,2023-05-19 00:00:00.000 UTC
5.5218402777777635,2023-05-18 00:00:00.000 UTC
5.508263888888915,2023-05-17 00:00:00.000 UTC
5.548645833333321,2023-05-16 00:00:00.000 UTC
5.570208333333316,2023-05-15 00:00:00.000 UTC
5.556180555555539,2023-05-14 00:00:00.000 UTC
5.501493055555572,2023-05-13 00:00:00.000 UTC
5.442118055555573,2023-05-12 00:00:00.000 UTC
5.51395833333331,2023-05-11 00:00:00.000 UTC
5.712673611111109,2023-05-10 00:00:00.000 UTC
5.74333333333333,2023-05-09 00:00:00.000 UTC
5.8120486111111,2023-05-08 00:00:00.000 UTC
6.06024305555554,2023-05-07 00:00:00.000 UTC
6.140659722222247,2023-05-06 00:00:00.000 UTC
6.172708333333357,2023-05-05 00:00:00.000 UTC
6.092395833333341,2023-05-04 00:00:00.000 UTC
6.019305555555563,2023-05-03 00:00:00.000 UTC
5.960104166666679,2023-05-02 00:00:00.000 UTC
5.918333333333343,2023-05-01 00:00:00.000 UTC
6.0969444444444685,2023-04-30 00:00:00.000 UTC
6.135694444444443,2023-04-29 00:00:00.000 UTC
6.138576388888925,2023-04-28 00:00:00.000 UTC
6.159965277777728,2023-04-27 00:00:00.000 UTC
6.231319444444427,2023-04-26 00:00:00.000 UTC
6.00802083333332,2023-04-25 00:00:00.000 UTC
6.090625000000013,2023-04-24 00:00:00.000 UTC
6.177256944444429,2023-04-23 00:00:00.000 UTC
6.158888888888873,2023-04-22 00:00:00.000 UTC
6.33569444444445,2023-04-21 00:00:00.000 UTC
6.51517361111112,2023-04-20 00:00:00.000 UTC
6.779305555555557,2023-04-19 00:00:00.000 UTC
7.143819444444435,2023-04-18 00:00:00.000 UTC
7.106319444444454,2023-04-17 00:00:00.000 UTC
7.213298611111079,2023-04-16 00:00:00.000 UTC
7.218298611111118,2023-04-15 00:00:00.000 UTC
7.385347222222222,2023-04-14 00:00:00.000 UTC
7.087361111111095,2023-04-13 00:00:00.000 UTC
6.941840277777765,2023-04-12 00:00:00.000 UTC
7.222916666666679,2023-04-11 00:00:00.000 UTC
7.0385416666666645,2023-04-10 00:00:00.000 UTC
6.892916666666649,2023-04-09 00:00:00.000 UTC
7.013854166666663,2023-04-08 00:00:00.000 UTC
7.029861111111115,2023-04-07 00:00:00.000 UTC
7.100381944444451,2023-04-06 00:00:00.000 UTC
7.171006944444434,2023-04-05 00:00:00.000 UTC
6.906666666666679,2023-04-04 00:00:00.000 UTC
6.754166666666669,2023-04-03 00:00:00.000 UTC
6.9132986111111006,2023-04-02 00:00:00.000 UTC
6.983819444444425,2023-04-01 00:00:00.000 UTC
6.9138194444444085,2023-03-31 00:00:00.000 UTC
6.882881944444457,2023-03-30 00:00:00.000 UTC
6.979201388888875,2023-03-29 00:00:00.000 UTC
6.7421180555555456,2023-03-28 00:00:00.000 UTC
6.665277777777755,2023-03-27 00:00:00.000 UTC
6.726423611111126,2023-03-26 00:00:00.000 UTC
6.614999999999989,2023-03-25 00:00:00.000 UTC
6.781423611111129,2023-03-24 00:00:00.000 UTC
6.749826388888906,2023-03-23 00:00:00.000 UTC
6.681006944444451,2023-03-22 00:00:00.000 UTC
6.64722222222221,2023-03-21 00:00:00.000 UTC
6.666493055555556,2023-03-20 00:00:00.000 UTC
6.7876736111111375,2023-03-19 00:00:00.000 UTC
6.8810763888888875,2023-03-18 00:00:00.000 UTC
6.524201388888891,2023-03-17 00:00:00.000 UTC
6.320000000000012,2023-03-16 00:00:00.000 UTC
6.568784722222208,2023-03-15 00:00:00.000 UTC
6.713159722222231,2023-03-14 00:00:00.000 UTC
6.417881944444445,2023-03-13 00:00:00.000 UTC
5.975729166666664,2023-03-12 00:00:00.000 UTC
5.697326388888903,2023-03-11 00:00:00.000 UTC
5.602881944444447,2023-03-10 00:00:00.000 UTC
6.088298611111061,2023-03-09 00:00:00.000 UTC
6.283159722222204,2023-03-08 00:00:00.000 UTC
6.351423611111128,2023-03-07 00:00:00.000 UTC
6.403194444444421,2023-03-06 00:00:00.000 UTC
6.3789236111110466,2023-03-05 00:00:00.000 UTC
6.452986111111107,2023-03-04 00:00:00.000 UTC
6.584930555555573,2023-03-03 00:00:00.000 UTC
7.04746527777774,2023-03-02 00:00:00.000 UTC
7.2690972222222054,2023-03-01 00:00:00.000 UTC
7.063298611111075,2023-02-28 00:00:00.000 UTC
7.051944444444446,2023-02-27 00:00:00.000 UTC
7.0150694444444195,2023-02-26 00:00:00.000 UTC
6.98128472222225,2023-02-25 00:00:00.000 UTC
7.2107986111111675,2023-02-24 00:00:00.000 UTC
7.227465277777786,2023-02-23 00:00:00.000 UTC
7.09760416666668,2023-02-22 00:00:00.000 UTC
7.341319444444443,2023-02-21 00:00:00.000 UTC
7.409131944444443,2023-02-20 00:00:00.000 UTC
7.316319444444445,2023-02-19 00:00:00.000 UTC
7.301631944444442,2023-02-18 00:00:00.000 UTC
7.196874999999999,2023-02-17 00:00:00.000 UTC
7.311354166666664,2023-02-16 00:00:00.000 UTC
6.871249999999999,2023-02-15 00:00:00.000 UTC
6.3339583333333405,2023-02-14 00:00:00.000 UTC
6.196388888888895,2023-02-13 00:00:00.000 UTC
6.429583333333336,2023-02-12 00:00:00.000 UTC
6.359618055555542,2023-02-11 00:00:00.000 UTC
6.3676736111111145,2023-02-10 00:00:00.000 UTC
6.7994791666666705,2023-02-09 00:00:00.000 UTC
7.030555555555556,2023-02-08 00:00:00.000 UTC
6.963437500000007,2023-02-07 00:00:00.000 UTC
6.921944444444447,2023-02-06 00:00:00.000 UTC
6.988159722222224,2023-02-05 00:00:00.000 UTC
7.124861111111114,2023-02-04 00:00:00.000 UTC
7.044513888888885,2023-02-03 00:00:00.000 UTC
7.1599652777777765,2023-02-02 00:00:00.000 UTC
6.686284722222217,2023-02-01 00:00:00.000 UTC
6.658958333333355,2023-01-31 00:00:00.000 UTC
6.847916666666636,2023-01-30 00:00:00.000 UTC
6.996874999999985,2023-01-29 00:00:00.000 UTC
6.982812500000032,2023-01-28 00:00:00.000 UTC
6.889513888888887,2023-01-27 00:00:00.000 UTC
6.943506944444428,2023-01-26 00:00:00.000 UTC
6.72871527777778,2023-01-25 00:00:00.000 UTC
6.923055555555568,2023-01-24 00:00:00.000 UTC
6.950347222222221,2023-01-23 00:00:00.000 UTC
6.912777777777774,2023-01-22 00:00:00.000 UTC
7.011354166666668,2023-01-21 00:00:00.000 UTC
6.676180555555555,2023-01-20 00:00:00.000 UTC
6.45055555555556,2023-01-19 00:00:00.000 UTC
6.628090277777782,2023-01-18 00:00:00.000 UTC
6.679756944444444,2023-01-17 00:00:00.000 UTC
6.6437152777777735,2023-01-16 00:00:00.000 UTC
6.554965277777775,2023-01-15 00:00:00.000 UTC
6.55951388888889,2023-01-14 00:00:00.000 UTC
6.104930555555553,2023-01-13 00:00:00.000 UTC
5.968229166666672,2023-01-12 00:00:00.000 UTC
5.69135416666667,2023-01-11 00:00:00.000 UTC
5.665277777777781,2023-01-10 00:00:00.000 UTC
5.636597222222232,2023-01-09 00:00:00.000 UTC
5.414270833333342,2023-01-08 00:00:00.000 UTC
5.383611111111107,2023-01-07 00:00:00.000 UTC
5.359687499999995,2023-01-06 00:00:00.000 UTC
5.443854166666672,2023-01-05 00:00:00.000 UTC
5.423263888888899,2023-01-04 00:00:00.000 UTC
5.3358333333333245,2023-01-03 00:00:00.000 UTC
5.2335069444444455,2023-01-02 00:00:00.000 UTC
5.191944444444457,2023-01-01 00:00:00.000 UTC
5.205347222222193,2022-12-31 00:00:00.000 UTC
5.256423611111106,2022-12-30 00:00:00.000 UTC
5.299618055555563,2022-12-29 00:00:00.000 UTC
5.423750000000014,2022-12-28 00:00:00.000 UTC
5.57201388888889,2022-12-27 00:00:00.000 UTC
5.5067013888889065,2022-12-26 00:00:00.000 UTC
5.4723263888888605,2022-12-25 00:00:00.000 UTC
5.53836805555558,2022-12-24 00:00:00.000 UTC
5.56673611111113,2022-12-23 00:00:00.000 UTC
5.513749999999993,2022-12-22 00:00:00.000 UTC
5.5400347222222255,2022-12-21 00:00:00.000 UTC
5.5148263888888875,2022-12-20 00:00:00.000 UTC
5.420868055555579,2022-12-19 00:00:00.000 UTC
5.498402777777788,2022-12-18 00:00:00.000 UTC
5.467951388888877,2022-12-17 00:00:00.000 UTC
5.813437499999979,2022-12-16 00:00:00.000 UTC
6.021354166666679,2022-12-15 00:00:00.000 UTC
6.170902777777769,2022-12-14 00:00:00.000 UTC
5.983888888888891,2022-12-13 00:00:00.000 UTC
5.843333333333347,2022-12-12 00:00:00.000 UTC
5.978298611111101,2022-12-11 00:00:00.000 UTC
5.975347222222212,2022-12-10 00:00:00.000 UTC
6.021944444444456,2022-12-09 00:00:00.000 UTC
5.901076388888901,2022-12-08 00:00:00.000 UTC
5.961215277777781,2022-12-07 00:00:00.000 UTC
6.253645833333337,2022-12-06 00:00:00.000 UTC
6.266041666666682,2022-12-05 00:00:00.000 UTC
6.090416666666686,2022-12-04 00:00:00.000 UTC
6.179826388888899,2022-12-03 00:00:00.000 UTC
6.26437500000002,2022-12-02 00:00:00.000 UTC
6.243437500000002,2022-12-01 00:00:00.000 UTC
6.147222222222219,2022-11-30 00:00:00.000 UTC
5.883645833333297,2022-11-29 00:00:00.000 UTC
5.848124999999997,2022-11-28 00:00:00.000 UTC
6.103611111111116,2022-11-27 00:00:00.000 UTC
6.1174652777777805,2022-11-26 00:00:00.000 UTC
6.030590277777797,2022-11-25 00:00:00.000 UTC
5.706527777777822,2022-11-24 00:00:00.000 UTC
5.477326388888909,2022-11-23 00:00:00.000 UTC
5.141562499999999,2022-11-22 00:00:00.000 UTC
5.211770833333348,2022-11-21 00:00:00.000 UTC
5.501249999999983,2022-11-20 00:00:00.000 UTC
5.518298611111157,2022-11-19 00:00:00.000 UTC
5.574895833333363,2022-11-18 00:00:00.000 UTC
5.349305555555571,2022-11-17 00:00:00.000 UTC
5.313159722222188,2022-11-16 00:00:00.000 UTC
5.4965625,2022-11-15 00:00:00.000 UTC
5.329618055555548,2022-11-14 00:00:00.000 UTC
5.363680555555559,2022-11-13 00:00:00.000 UTC
5.373020833333351,2022-11-12 00:00:00.000 UTC
5.352222222222213,2022-11-11 00:00:00.000 UTC
5.202118055555554,2022-11-10 00:00:00.000 UTC
5.226944444444437,2022-11-09 00:00:00.000 UTC
6.257048611111109,2022-11-08 00:00:00.000 UTC
6.799687500000032,2022-11-07 00:00:00.000 UTC
6.990868055555566,2022-11-06 00:00:00.000 UTC
7.13423611111112,2022-11-05 00:00:00.000 UTC
6.888263888888913,2022-11-04 00:00:00.000 UTC
6.6804166666666625,2022-11-03 00:00:00.000 UTC
6.734444444444451,2022-11-02 00:00:00.000 UTC
6.76114583333336,2022-11-01 00:00:00.000 UTC
6.793749999999962,2022-10-31 00:00:00.000 UTC
6.864930555555588,2022-10-30 00:00:00.000 UTC
6.949930555555544,2022-10-29 00:00:00.000 UTC
6.664270833333307,2022-10-28 00:00:00.000 UTC
6.836909722222247,2022-10-27 00:00:00.000 UTC
6.715937500000001,2022-10-26 00:00:00.000 UTC
6.289236111111103,2022-10-25 00:00:00.000 UTC
6.137673611111125,2022-10-24 00:00:00.000 UTC
6.13722222222224,2022-10-23 00:00:00.000 UTC
6.05190972222222,2022-10-22 00:00:00.000 UTC
6.005138888888899,2022-10-21 00:00:00.000 UTC
6.057951388888915,2022-10-20 00:00:00.000 UTC
5.803576388888879,2022-10-19 00:00:00.000 UTC
5.382847222222217,2022-10-18 00:00:00.000 UTC
5.202152777777758,2022-10-17 00:00:00.000 UTC
5.037013888888901,2022-10-16 00:00:00.000 UTC
4.947499999999968,2022-10-15 00:00:00.000 UTC
5.008611111111136,2022-10-14 00:00:00.000 UTC
4.83999999999999,2022-10-13 00:00:00.000 UTC
4.970034722222196,2022-10-12 00:00:00.000 UTC
4.9348611111110925,2022-10-11 00:00:00.000 UTC
5.14954861111108,2022-10-10 00:00:00.000 UTC
5.191666666666627,2022-10-09 00:00:00.000 UTC
5.208159722222215,2022-10-08 00:00:00.000 UTC
5.224756944444441,2022-10-07 00:00:00.000 UTC
5.228680555555519,2022-10-06 00:00:00.000 UTC
5.183715277777756,2022-10-05 00:00:00.000 UTC
5.203506944444392,2022-10-04 00:00:00.000 UTC
5.119027777777784,2022-10-03 00:00:00.000 UTC
5.208784722222226,2022-10-02 00:00:00.000 UTC
5.328402777777793,2022-10-01 00:00:00.000 UTC
5.401249999999972,2022-09-30 00:00:00.000 UTC
5.29704861111116,2022-09-29 00:00:00.000 UTC
5.224895833333338,2022-09-28 00:00:00.000 UTC
5.489756944444452,2022-09-27 00:00:00.000 UTC
5.270520833333325,2022-09-26 00:00:00.000 UTC
5.386388888888889,2022-09-25 00:00:00.000 UTC
5.419826388888884,2022-09-24 00:00:00.000 UTC
5.333854166666649,2022-09-23 00:00:00.000 UTC
5.287361111111122,2022-09-22 00:00:00.000 UTC
5.360625,2022-09-21 00:00:00.000 UTC
5.519340277777794,2022-09-20 00:00:00.000 UTC
5.56531249999996,2022-09-19 00:00:00.000 UTC
5.863993055555563,2022-09-18 00:00:00.000 UTC
5.937777777777733,2022-09-17 00:00:00.000 UTC
5.956354166666667,2022-09-16 00:00:00.000 UTC
6.285277777777789,2022-09-15 00:00:00.000 UTC
6.486493055555544,2022-09-14 00:00:00.000 UTC
6.8742708333333145,2022-09-13 00:00:00.000 UTC
7.293090277777789,2022-09-12 00:00:00.000 UTC
7.72010416666669,2022-09-11 00:00:00.000 UTC
7.60194444444444,2022-09-10 00:00:00.000 UTC
7.4705902777777435,2022-09-09 00:00:00.000 UTC
7.416840277777782,2022-09-08 00:00:00.000 UTC
6.809201388888846,2022-09-07 00:00:00.000 UTC
7.346493055555545,2022-09-06 00:00:00.000 UTC
7.2585763888888994,2022-09-05 00:00:00.000 UTC
7.133888888888919,2022-09-04 00:00:00.000 UTC
7.456215277777739,2022-09-03 00:00:00.000 UTC
7.6304513888888925,2022-09-02 00:00:00.000 UTC
7.495312500000012,2022-09-01 00:00:00.000 UTC
6.876736111111095,2022-08-31 00:00:00.000 UTC
6.60527777777779,2022-08-30 00:00:00.000 UTC
6.020312499999998,2022-08-29 00:00:00.000 UTC
6.0145833333333645,2022-08-28 00:00:00.000 UTC
5.817638888888888,2022-08-27 00:00:00.000 UTC
6.264236111111126,2022-08-26 00:00:00.000 UTC
6.5427777777777845,2022-08-25 00:00:00.000 UTC
6.458368055555536,2022-08-24 00:00:00.000 UTC
6.425243055555558,2022-08-23 00:00:00.000 UTC
6.033090277777774,2022-08-22 00:00:00.000 UTC
5.857256944444431,2022-08-21 00:00:00.000 UTC
5.670486111111084,2022-08-20 00:00:00.000 UTC
5.813923611111121,2022-08-19 00:00:00.000 UTC
6.575034722222248,2022-08-18 00:00:00.000 UTC
6.68138888888889,2022-08-17 00:00:00.000 UTC
6.777951388888912,2022-08-16 00:00:00.000 UTC
6.8030902777777795,2022-08-15 00:00:00.000 UTC
7.003402777777741,2022-08-14 00:00:00.000 UTC
7.172256944444403,2022-08-13 00:00:00.000 UTC
7.021770833333314,2022-08-12 00:00:00.000 UTC
6.459027777777758,2022-08-11 00:00:00.000 UTC
6.094305555555587,2022-08-10 00:00:00.000 UTC
6.120763888888901,2022-08-09 00:00:00.000 UTC
6.319618055555565,2022-08-08 00:00:00.000 UTC
6.226493055555519,2022-08-07 00:00:00.000 UTC
6.295868055555583,2022-08-06 00:00:00.000 UTC
6.179409722222197,2022-08-05 00:00:00.000 UTC
6.033333333333318,2022-08-04 00:00:00.000 UTC
6.0384027777778035,2022-08-03 00:00:00.000 UTC
6.030451388888899,2022-08-02 00:00:00.000 UTC
6.253819444444496,2022-08-01 00:00:00.000 UTC
6.396076388888847,2022-07-31 00:00:00.000 UTC
6.311840277777777,2022-07-30 00:00:00.000 UTC
6.223402777777786,2022-07-29 00:00:00.000 UTC
6.086250000000015,2022-07-28 00:00:00.000 UTC
5.250277777777821,2022-07-27 00:00:00.000 UTC
4.9393055555555065,2022-07-26 00:00:00.000 UTC
5.310833333333351,2022-07-25 00:00:00.000 UTC
5.674375000000012,2022-07-24 00:00:00.000 UTC
5.508090277777761,2022-07-23 00:00:00.000 UTC
5.701388888888873,2022-07-22 00:00:00.000 UTC
5.448159722222216,2022-07-21 00:00:00.000 UTC
5.623645833333315,2022-07-20 00:00:00.000 UTC
5.713506944444439,2022-07-19 00:00:00.000 UTC
5.437118055555546,2022-07-18 00:00:00.000 UTC
5.135416666666658,2022-07-17 00:00:00.000 UTC
4.927256944444449,2022-07-16 00:00:00.000 UTC
4.783055555555591,2022-07-15 00:00:00.000 UTC
4.363506944444446,2022-07-14 00:00:00.000 UTC
4.210833333333332,2022-07-13 00:00:00.000 UTC
4.337152777777785,2022-07-12 00:00:00.000 UTC
4.574409722222239,2022-07-11 00:00:00.000 UTC
4.801736111111122,2022-07-10 00:00:00.000 UTC
5.0775694444444675,2022-07-09 00:00:00.000 UTC
5.080312500000001,2022-07-08 00:00:00.000 UTC
4.990381944444433,2022-07-07 00:00:00.000 UTC
4.877743055555572,2022-07-06 00:00:00.000 UTC
4.959826388888869,2022-07-05 00:00:00.000 UTC
4.6864236111111435,2022-07-04 00:00:00.000 UTC
4.567777777777773,2022-07-03 00:00:00.000 UTC
4.57510416666668,2022-07-02 00:00:00.000 UTC
4.507326388888881,2022-07-01 00:00:00.000 UTC
4.467499999999996,2022-06-30 00:00:00.000 UTC
4.80375,2022-06-29 00:00:00.000 UTC
5.027881944444423,2022-06-28 00:00:00.000 UTC
5.25045138888888,2022-06-27 00:00:00.000 UTC
5.487326388888939,2022-06-26 00:00:00.000 UTC
5.513368055555598,2022-06-25 00:00:00.000 UTC
5.292083333333311,2022-06-24 00:00:00.000 UTC
4.64489583333332,2022-06-23 00:00:00.000 UTC
4.516354166666675,2022-06-22 00:00:00.000 UTC
4.6676736111111,2022-06-21 00:00:00.000 UTC
4.392812499999983,2022-06-20 00:00:00.000 UTC
4.035451388888904,2022-06-19 00:00:00.000 UTC
4.0307638888888775,2022-06-18 00:00:00.000 UTC
4.331701388888902,2022-06-17 00:00:00.000 UTC
4.508020833333359,2022-06-16 00:00:00.000 UTC
4.475104166666655,2022-06-15 00:00:00.000 UTC
4.649027777777778,2022-06-14 00:00:00.000 UTC
5.209687500000016,2022-06-13 00:00:00.000 UTC
6.030104166666652,2022-06-12 00:00:00.000 UTC
6.744583333333319,2022-06-11 00:00:00.000 UTC
7.548229166666706,2022-06-10 00:00:00.000 UTC
7.742743055555568,2022-06-09 00:00:00.000 UTC
7.6082291666666695,2022-06-08 00:00:00.000 UTC
7.065381944444428,2022-06-07 00:00:00.000 UTC
7.607465277777798,2022-06-06 00:00:00.000 UTC
6.869861111111081,2022-06-05 00:00:00.000 UTC
6.699618055555543,2022-06-04 00:00:00.000 UTC
6.791111111111093,2022-06-03 00:00:00.000 UTC
6.866076388888877,2022-06-02 00:00:00.000 UTC
7.237916666666679,2022-06-01 00:00:00.000 UTC
7.5847569444444645,2022-05-31 00:00:00.000 UTC
7.384826388888861,2022-05-30 00:00:00.000 UTC
6.752743055555566,2022-05-29 00:00:00.000 UTC
6.697604166666656,2022-05-28 00:00:00.000 UTC
6.635000000000006,2022-05-27 00:00:00.000 UTC
7.081111111111114,2022-05-26 00:00:00.000 UTC
7.577118055555582,2022-05-25 00:00:00.000 UTC
7.531145833333344,2022-05-24 00:00:00.000 UTC
7.944652777777762,2022-05-23 00:00:00.000 UTC
7.811145833333401,2022-05-22 00:00:00.000 UTC
7.648125000000014,2022-05-21 00:00:00.000 UTC
7.822569444444454,2022-05-20 00:00:00.000 UTC
7.896284722222189,2022-05-19 00:00:00.000 UTC
8.398993055555515,2022-05-18 00:00:00.000 UTC
8.759062500000011,2022-05-17 00:00:00.000 UTC
9.031631944444412,2022-05-16 00:00:00.000 UTC
9.422361111111114,2022-05-15 00:00:00.000 UTC
9.005069444444414,2022-05-14 00:00:00.000 UTC
9.181284722222252,2022-05-13 00:00:00.000 UTC
8.748645833333315,2022-05-12 00:00:00.000 UTC
10.611388888888873,2022-05-11 00:00:00.000 UTC
11.237430555555559,2022-05-10 00:00:00.000 UTC
11.80413194444445,2022-05-09 00:00:00.000 UTC
12.736284722222244,2022-05-08 00:00:00.000 UTC
13.364479166666642,2022-05-07 00:00:00.000 UTC
13.450763888888925,2022-05-06 00:00:00.000 UTC
13.987673611111118,2022-05-05 00:00:00.000 UTC
13.485833333333318,2022-05-04 00:00:00.000 UTC
12.91506944444445,2022-05-03 00:00:00.000 UTC
12.732222222222212,2022-05-02 00:00:00.000 UTC
12.479756944444473,2022-05-01 00:00:00.000 UTC
13.39187500000004,2022-04-30 00:00:00.000 UTC
13.947256944444403,2022-04-29 00:00:00.000 UTC
14.313506944444493,2022-04-28 00:00:00.000 UTC
14.551979166666685,2022-04-27 00:00:00.000 UTC
16.22638888888886,2022-04-26 00:00:00.000 UTC
14.850902777777804,2022-04-25 00:00:00.000 UTC
14.875902777777746,2022-04-24 00:00:00.000 UTC
14.96798611111108,2022-04-23 00:00:00.000 UTC
15.45947916666665,2022-04-22 00:00:00.000 UTC
15.897013888888882,2022-04-21 00:00:00.000 UTC
15.885798611111047,2022-04-20 00:00:00.000 UTC
15.432881944444473,2022-04-19 00:00:00.000 UTC
14.477361111111135,2022-04-18 00:00:00.000 UTC
15.19305555555556,2022-04-17 00:00:00.000 UTC
15.330208333333271,2022-04-16 00:00:00.000 UTC
15.286215277777835,2022-04-15 00:00:00.000 UTC
15.46524305555558,2022-04-14 00:00:00.000 UTC
15.285173611111093,2022-04-13 00:00:00.000 UTC
15.187812500000033,2022-04-12 00:00:00.000 UTC
16.573993055555515,2022-04-11 00:00:00.000 UTC
17.887430555555472,2022-04-10 00:00:00.000 UTC
19.80569444444442,2022-04-09 00:00:00.000 UTC
20.87694444444441,2022-04-08 00:00:00.000 UTC
18.772881944444432,2022-04-07 00:00:00.000 UTC
16.356840277777707,2022-04-06 00:00:00.000 UTC
16.617812500000095,2022-04-05 00:00:00.000 UTC
15.9559375,2022-04-04 00:00:00.000 UTC
15.906249999999993,2022-04-03 00:00:00.000 UTC
16.13114583333339,2022-04-02 00:00:00.000 UTC
15.929826388888825,2022-04-01 00:00:00.000 UTC
16.1205902777778,2022-03-31 00:00:00.000 UTC
15.73895833333331,2022-03-30 00:00:00.000 UTC
14.68621527777779,2022-03-29 00:00:00.000 UTC
14.183680555555513,2022-03-28 00:00:00.000 UTC
13.285520833333276,2022-03-27 00:00:00.000 UTC
12.721284722222258,2022-03-26 00:00:00.000 UTC
12.900763888888891,2022-03-25 00:00:00.000 UTC
12.869340277777766,2022-03-24 00:00:00.000 UTC
12.142604166666622,2022-03-23 00:00:00.000 UTC
12.208437500000006,2022-03-22 00:00:00.000 UTC
11.975590277777794,2022-03-21 00:00:00.000 UTC
11.996597222222178,2022-03-20 00:00:00.000 UTC
12.225520833333329,2022-03-19 00:00:00.000 UTC
11.538090277777812,2022-03-18 00:00:00.000 UTC
11.512916666666744,2022-03-17 00:00:00.000 UTC
11.328784722222254,2022-03-16 00:00:00.000 UTC
10.975937499999956,2022-03-15 00:00:00.000 UTC
10.831805555555563,2022-03-14 00:00:00.000 UTC
10.910625000000014,2022-03-13 00:00:00.000 UTC
11.032048611111122,2022-03-12 00:00:00.000 UTC
11.183645833333395,2022-03-11 00:00:00.000 UTC
11.251770833333328,2022-03-10 00:00:00.000 UTC
11.954062500000024,2022-03-09 00:00:00.000 UTC
11.31253472222221,2022-03-08 00:00:00.000 UTC
11.158020833333357,2022-03-07 00:00:00.000 UTC
11.529618055555565,2022-03-06 00:00:00.000 UTC
11.518645833333297,2022-03-05 00:00:00.000 UTC
11.8893402777778,2022-03-04 00:00:00.000 UTC
12.723020833333301,2022-03-03 00:00:00.000 UTC
13.152118055555572,2022-03-02 00:00:00.000 UTC
13.279791666666727,2022-03-01 00:00:00.000 UTC
11.876111111111136,2022-02-28 00:00:00.000 UTC
12.161666666666688,2022-02-27 00:00:00.000 UTC
12.40673611111114,2022-02-26 00:00:00.000 UTC
12.00399305555553,2022-02-25 00:00:00.000 UTC
11.191597222222217,2022-02-24 00:00:00.000 UTC
12.497430555555542,2022-02-23 00:00:00.000 UTC
12.12614583333335,2022-02-22 00:00:00.000 UTC
12.693229166666667,2022-02-21 00:00:00.000 UTC
12.637083333333294,2022-02-20 00:00:00.000 UTC
13.119618055555536,2022-02-19 00:00:00.000 UTC
13.619409722222217,2022-02-18 00:00:00.000 UTC
14.40826388888885,2022-02-17 00:00:00.000 UTC
15.475104166666657,2022-02-16 00:00:00.000 UTC
14.99170138888891,2022-02-15 00:00:00.000 UTC
13.832118055555544,2022-02-14 00:00:00.000 UTC
13.818576388888978,2022-02-13 00:00:00.000 UTC
13.53225694444443,2022-02-12 00:00:00.000 UTC
14.365659722222212,2022-02-11 00:00:00.000 UTC
14.877118055555611,2022-02-10 00:00:00.000 UTC
14.846562500000053,2022-02-09 00:00:00.000 UTC
14.813020833333331,2022-02-08 00:00:00.000 UTC
14.868784722222243,2022-02-07 00:00:00.000 UTC
14.261111111111122,2022-02-06 00:00:00.000 UTC
13.747256944444448,2022-02-05 00:00:00.000 UTC
12.888611111111112,2022-02-04 00:00:00.000 UTC
11.662951388888873,2022-02-03 00:00:00.000 UTC
12.310625000000044,2022-02-02 00:00:00.000 UTC
12.522916666666715,2022-02-01 00:00:00.000 UTC
11.866527777777769,2022-01-31 00:00:00.000 UTC
12.301874999999985,2022-01-30 00:00:00.000 UTC
12.212986111111084,2022-01-29 00:00:00.000 UTC
11.656597222222228,2022-01-28 00:00:00.000 UTC
11.66097222222223,2022-01-27 00:00:00.000 UTC
12.179444444444455,2022-01-26 00:00:00.000 UTC
11.850972222222207,2022-01-25 00:00:00.000 UTC
11.338819444444466,2022-01-24 00:00:00.000 UTC
11.852812499999962,2022-01-23 00:00:00.000 UTC
12.031909722222151,2022-01-22 00:00:00.000 UTC
13.93201388888886,2022-01-21 00:00:00.000 UTC
15.56333333333333,2022-01-20 00:00:00.000 UTC
15.620972222222159,2022-01-19 00:00:00.000 UTC
15.811736111111182,2022-01-18 00:00:00.000 UTC
16.57895833333343,2022-01-17 00:00:00.000 UTC
17.453854166666645,2022-01-16 00:00:00.000 UTC
17.60458333333334,2022-01-15 00:00:00.000 UTC
17.32555555555564,2022-01-14 00:00:00.000 UTC
17.706736111111027,2022-01-13 00:00:00.000 UTC
17.713784722222215,2022-01-12 00:00:00.000 UTC
17.421840277777754,2022-01-11 00:00:00.000 UTC
18.00444444444442,2022-01-10 00:00:00.000 UTC
18.382465277777797,2022-01-09 00:00:00.000 UTC
18.0255902777778,2022-01-08 00:00:00.000 UTC
17.686840277777765,2022-01-07 00:00:00.000 UTC
17.255937499999938,2022-01-06 00:00:00.000 UTC
19.195034722222086,2022-01-05 00:00:00.000 UTC
19.656076388888945,2022-01-04 00:00:00.000 UTC
19.36027777777786,2022-01-03 00:00:00.000 UTC
19.120277777777797,2022-01-02 00:00:00.000 UTC
17.991736111111226,2022-01-01 00:00:00.000 UTC
17.18124999999999,2021-12-31 00:00:00.000 UTC
16.164548611111044,2021-12-30 00:00:00.000 UTC
16.425763888888916,2021-12-29 00:00:00.000 UTC
17.1759375,2021-12-28 00:00:00.000 UTC
18.455694444444458,2021-12-27 00:00:00.000 UTC
18.076319444444387,2021-12-26 00:00:00.000 UTC
18.28725694444446,2021-12-25 00:00:00.000 UTC
18.853124999999974,2021-12-24 00:00:00.000 UTC
18.629409722222192,2021-12-23 00:00:00.000 UTC
18.50489583333331,2021-12-22 00:00:00.000 UTC
18.558819444444488,2021-12-21 00:00:00.000 UTC
17.51777777777776,2021-12-20 00:00:00.000 UTC
18.060972222222215,2021-12-19 00:00:00.000 UTC
17.52881944444447,2021-12-18 00:00:00.000 UTC
15.452013888888917,2021-12-17 00:00:00.000 UTC
15.18576388888892,2021-12-16 00:00:00.000 UTC
14.035729166666663,2021-12-15 00:00:00.000 UTC
13.807951388888815,2021-12-14 00:00:00.000 UTC
14.478090277777742,2021-12-13 00:00:00.000 UTC
15.148611111111109,2021-12-12 00:00:00.000 UTC
15.094444444444477,2021-12-11 00:00:00.000 UTC
15.48579861111108,2021-12-10 00:00:00.000 UTC
16.183923611111073,2021-12-09 00:00:00.000 UTC
15.911388888888903,2021-12-08 00:00:00.000 UTC
16.131701388888896,2021-12-07 00:00:00.000 UTC
15.299999999999942,2021-12-06 00:00:00.000 UTC
16.296145833333366,2021-12-05 00:00:00.000 UTC
16.575277777777714,2021-12-04 00:00:00.000 UTC
19.96559027777767,2021-12-03 00:00:00.000 UTC
20.26843749999996,2021-12-02 00:00:00.000 UTC
21.252847222222275,2021-12-01 00:00:00.000 UTC
21.047187500000025,2021-11-30 00:00:00.000 UTC
20.952881944444453,2021-11-29 00:00:00.000 UTC
19.517847222222272,2021-11-28 00:00:00.000 UTC
20.132395833333383,2021-11-27 00:00:00.000 UTC
20.59197916666671,2021-11-26 00:00:00.000 UTC
21.94909722222221,2021-11-25 00:00:00.000 UTC
21.16513888888892,2021-11-24 00:00:00.000 UTC
21.05708333333331,2021-11-23 00:00:00.000 UTC
20.547326388888887,2021-11-22 00:00:00.000 UTC
21.657708333333332,2021-11-21 00:00:00.000 UTC
21.313090277777768,2021-11-20 00:00:00.000 UTC
20.144444444444435,2021-11-19 00:00:00.000 UTC
20.489236111111097,2021-11-18 00:00:00.000 UTC
21.180833333333275,2021-11-17 00:00:00.000 UTC
21.81989583333335,2021-11-16 00:00:00.000 UTC
24.266458333333308,2021-11-15 00:00:00.000 UTC
24.223819444444384,2021-11-14 00:00:00.000 UTC
24.255104166666662,2021-11-13 00:00:00.000 UTC
24.370208333333327,2021-11-12 00:00:00.000 UTC
24.732569444444426,2021-11-11 00:00:00.000 UTC
25.804861111111,2021-11-10 00:00:00.000 UTC
26.677152777777735,2021-11-09 00:00:00.000 UTC
26.673923611111242,2021-11-08 00:00:00.000 UTC
26.282638888888908,2021-11-07 00:00:00.000 UTC
26.184131944444452,2021-11-06 00:00:00.000 UTC
27.61906250000013,2021-11-05 00:00:00.000 UTC
27.79510416666671,2021-11-04 00:00:00.000 UTC
27.395034722222004,2021-11-03 00:00:00.000 UTC
26.871215277777797,2021-11-02 00:00:00.000 UTC
25.321076388888898,2021-11-01 00:00:00.000 UTC
24.543888888888958,2021-10-31 00:00:00.000 UTC
25.182812500000054,2021-10-30 00:00:00.000 UTC
26.224791666666604,2021-10-29 00:00:00.000 UTC
25.80395833333345,2021-10-28 00:00:00.000 UTC
24.965312499999932,2021-10-27 00:00:00.000 UTC
23.78197916666665,2021-10-26 00:00:00.000 UTC
21.937118055555594,2021-10-25 00:00:00.000 UTC
21.9572916666667,2021-10-24 00:00:00.000 UTC
22.121458333333333,2021-10-23 00:00:00.000 UTC
22.387499999999946,2021-10-22 00:00:00.000 UTC
22.928194444444348,2021-10-21 00:00:00.000 UTC
22.17743055555549,2021-10-20 00:00:00.000 UTC
21.7686111111111,2021-10-19 00:00:00.000 UTC
22.135520833333295,2021-10-18 00:00:00.000 UTC
22.931527777777678,2021-10-17 00:00:00.000 UTC
23.162604166666654,2021-10-16 00:00:00.000 UTC
22.4904861111111,2021-10-15 00:00:00.000 UTC
21.969270833333322,2021-10-14 00:00:00.000 UTC
20.737951388888924,2021-10-13 00:00:00.000 UTC
20.12673611111106,2021-10-12 00:00:00.000 UTC
20.95565972222226,2021-10-11 00:00:00.000 UTC
21.475833333333323,2021-10-10 00:00:00.000 UTC
21.961006944444485,2021-10-09 00:00:00.000 UTC
22.188680555555624,2021-10-08 00:00:00.000 UTC
22.209479166666636,2021-10-07 00:00:00.000 UTC
21.780555555555615,2021-10-06 00:00:00.000 UTC
21.847013888888853,2021-10-05 00:00:00.000 UTC
21.985416666666588,2021-10-04 00:00:00.000 UTC
22.644513888888913,2021-10-03 00:00:00.000 UTC
22.333333333333368,2021-10-02 00:00:00.000 UTC
20.670312500000012,2021-10-01 00:00:00.000 UTC
19.601909722222196,2021-09-30 00:00:00.000 UTC
19.26100694444457,2021-09-29 00:00:00.000 UTC
19.55309027777774,2021-09-28 00:00:00.000 UTC
20.98475694444436,2021-09-27 00:00:00.000 UTC
20.29454861111099,2021-09-26 00:00:00.000 UTC
20.313472222222316,2021-09-25 00:00:00.000 UTC
20.560486111111082,2021-09-24 00:00:00.000 UTC
21.87201388888884,2021-09-23 00:00:00.000 UTC
20.83079861111111,2021-09-22 00:00:00.000 UTC
21.280277777777773,2021-09-21 00:00:00.000 UTC
22.52906250000004,2021-09-20 00:00:00.000 UTC
25.240520833333296,2021-09-19 00:00:00.000 UTC
26.064131944444384,2021-09-18 00:00:00.000 UTC
26.745451388888796,2021-09-17 00:00:00.000 UTC
28.659236111111124,2021-09-16 00:00:00.000 UTC
27.4384027777778,2021-09-15 00:00:00.000 UTC
25.872083333333293,2021-09-14 00:00:00.000 UTC
25.185034722222266,2021-09-13 00:00:00.000 UTC
26.029687500000065,2021-09-12 00:00:00.000 UTC
25.058020833333284,2021-09-11 00:00:00.000 UTC
25.5612152777779,2021-09-10 00:00:00.000 UTC
26.642187499999956,2021-09-09 00:00:00.000 UTC
26.18208333333327,2021-09-08 00:00:00.000 UTC
29.79055555555551,2021-09-07 00:00:00.000 UTC
33.23503472222232,2021-09-06 00:00:00.000 UTC
33.038229166666696,2021-09-05 00:00:00.000 UTC
33.77652777777779,2021-09-04 00:00:00.000 UTC
33.06878472222226,2021-09-03 00:00:00.000 UTC
31.997465277777813,2021-09-02 00:00:00.000 UTC
28.962604166666672,2021-09-01 00:00:00.000 UTC
27.2005555555556,2021-08-31 00:00:00.000 UTC
26.88951388888881,2021-08-30 00:00:00.000 UTC
27.141909722222096,2021-08-29 00:00:00.000 UTC
27.451944444444365,2021-08-28 00:00:00.000 UTC
26.35041666666664,2021-08-27 00:00:00.000 UTC
26.11104166666672,2021-08-26 00:00:00.000 UTC
27.473680555555493,2021-08-25 00:00:00.000 UTC
29.35385416666674,2021-08-24 00:00:00.000 UTC
30.797743055555575,2021-08-23 00:00:00.000 UTC
29.543263888888895,2021-08-22 00:00:00.000 UTC
30.059340277777906,2021-08-21 00:00:00.000 UTC
28.426076388888912,2021-08-20 00:00:00.000 UTC
26.24274305555552,2021-08-19 00:00:00.000 UTC
26.398333333333337,2021-08-18 00:00:00.000 UTC
28.43312499999997,2021-08-17 00:00:00.000 UTC
28.362048611111142,2021-08-16 00:00:00.000 UTC
26.905347222222368,2021-08-15 00:00:00.000 UTC
26.63020833333339,2021-08-14 00:00:00.000 UTC
26.254722222222185,2021-08-13 00:00:00.000 UTC
25.30069444444442,2021-08-12 00:00:00.000 UTC
25.99892361111113,2021-08-11 00:00:00.000 UTC
24.904444444444568,2021-08-10 00:00:00.000 UTC
24.313402777777927,2021-08-09 00:00:00.000 UTC
25.076736111111178,2021-08-08 00:00:00.000 UTC
25.608506944444414,2021-08-07 00:00:00.000 UTC
25.079166666666687,2021-08-06 00:00:00.000 UTC
23.19253472222226,2021-08-05 00:00:00.000 UTC
22.132986111111165,2021-08-04 00:00:00.000 UTC
21.416666666666703,2021-08-03 00:00:00.000 UTC
21.836250000000014,2021-08-02 00:00:00.000 UTC
22.252395833333406,2021-08-01 00:00:00.000 UTC
21.004513888888837,2021-07-31 00:00:00.000 UTC
20.14784722222224,2021-07-30 00:00:00.000 UTC
19.742847222222284,2021-07-29 00:00:00.000 UTC
19.96604166666669,2021-07-28 00:00:00.000 UTC
19.5591319444444,2021-07-27 00:00:00.000 UTC
20.61555555555551,2021-07-26 00:00:00.000 UTC
18.839618055555643,2021-07-25 00:00:00.000 UTC
18.909791666666738,2021-07-24 00:00:00.000 UTC
18.155069444444397,2021-07-23 00:00:00.000 UTC
17.79343749999995,2021-07-22 00:00:00.000 UTC
17.122118055555546,2021-07-21 00:00:00.000 UTC
16.32743055555555,2021-07-20 00:00:00.000 UTC
17.652222222222143,2021-07-19 00:00:00.000 UTC
18.676805555555585,2021-07-18 00:00:00.000 UTC
17.791145833333374,2021-07-17 00:00:00.000 UTC
18.428680555555626,2021-07-16 00:00:00.000 UTC
19.417777777777843,2021-07-15 00:00:00.000 UTC
19.552430555555496,2021-07-14 00:00:00.000 UTC
20.41354166666659,2021-07-13 00:00:00.000 UTC
21.592534722222243,2021-07-12 00:00:00.000 UTC
21.881388888888875,2021-07-11 00:00:00.000 UTC
22.020486111111094,2021-07-10 00:00:00.000 UTC
22.16065972222219,2021-07-09 00:00:00.000 UTC
22.824826388888788,2021-07-08 00:00:00.000 UTC
25.100138888888846,2021-07-07 00:00:00.000 UTC
25.394583333333305,2021-07-06 00:00:00.000 UTC
24.56812499999995,2021-07-05 00:00:00.000 UTC
24.328090277777832,2021-07-04 00:00:00.000 UTC
21.98121527777785,2021-07-03 00:00:00.000 UTC
20.049340277777784,2021-07-02 00:00:00.000 UTC
20.559305555555543,2021-07-01 00:00:00.000 UTC
20.348541666666677,2021-06-30 00:00:00.000 UTC
19.972187500000118,2021-06-29 00:00:00.000 UTC
17.813923611111118,2021-06-28 00:00:00.000 UTC
15.42097222222222,2021-06-27 00:00:00.000 UTC
15.43104166666666,2021-06-26 00:00:00.000 UTC
16.850138888888846,2021-06-25 00:00:00.000 UTC
17.480624999999993,2021-06-24 00:00:00.000 UTC
16.983090277777798,2021-06-23 00:00:00.000 UTC
15.751805555555531,2021-06-22 00:00:00.000 UTC
17.15972222222233,2021-06-21 00:00:00.000 UTC
18.803159722222233,2021-06-20 00:00:00.000 UTC
19.670555555555477,2021-06-19 00:00:00.000 UTC
21.16048611111112,2021-06-18 00:00:00.000 UTC
22.617152777777765,2021-06-17 00:00:00.000 UTC
23.211145833333266,2021-06-16 00:00:00.000 UTC
24.318229166666722,2021-06-15 00:00:00.000 UTC
23.8411458333334,2021-06-14 00:00:00.000 UTC
22.671562500000036,2021-06-13 00:00:00.000 UTC
22.61572916666662,2021-06-12 00:00:00.000 UTC
23.973159722222267,2021-06-11 00:00:00.000 UTC
25.244791666666647,2021-06-10 00:00:00.000 UTC
25.491041666666682,2021-06-09 00:00:00.000 UTC
25.704062500000106,2021-06-08 00:00:00.000 UTC
29.361805555555517,2021-06-07 00:00:00.000 UTC
28.907916666666754,2021-06-06 00:00:00.000 UTC
29.231076388888898,2021-06-05 00:00:00.000 UTC
29.488368055555554,2021-06-04 00:00:00.000 UTC
31.27159722222219,2021-06-03 00:00:00.000 UTC
30.165173611111147,2021-06-02 00:00:00.000 UTC
29.41819444444443,2021-06-01 00:00:00.000 UTC
28.76909722222221,2021-05-31 00:00:00.000 UTC
27.809548611111232,2021-05-30 00:00:00.000 UTC
28.125833333333322,2021-05-29 00:00:00.000 UTC
29.29368055555557,2021-05-28 00:00:00.000 UTC
32.199826388888965,2021-05-27 00:00:00.000 UTC
32.80649305555558,2021-05-26 00:00:00.000 UTC
30.84718749999998,2021-05-25 00:00:00.000 UTC
28.668715277777764,2021-05-24 00:00:00.000 UTC
26.49493055555551,2021-05-23 00:00:00.000 UTC
31.07444444444445,2021-05-22 00:00:00.000 UTC
35.99576388888882,2021-05-21 00:00:00.000 UTC
37.4302430555556,2021-05-20 00:00:00.000 UTC
40.79493055555559,2021-05-19 00:00:00.000 UTC
51.16906249999992,2021-05-18 00:00:00.000 UTC
51.141180555555344,2021-05-17 00:00:00.000 UTC
56.89333333333319,2021-05-16 00:00:00.000 UTC
60.32920138888897,2021-05-15 00:00:00.000 UTC
63.0150347222225,2021-05-14 00:00:00.000 UTC
62.17239583333322,2021-05-13 00:00:00.000 UTC
70.16746527777777,2021-05-12 00:00:00.000 UTC
64.18500000000017,2021-05-11 00:00:00.000 UTC
66.80052083333338,2021-05-10 00:00:00.000 UTC
67.70434027777766,2021-05-09 00:00:00.000 UTC
66.61472222222211,2021-05-08 00:00:00.000 UTC
66.28052083333313,2021-05-07 00:00:00.000 UTC
67.57576388888921,2021-05-06 00:00:00.000 UTC
67.0044444444448,2021-05-05 00:00:00.000 UTC
70.03638888888894,2021-05-04 00:00:00.000 UTC
66.98315972222223,2021-05-03 00:00:00.000 UTC
61.77906249999991,2021-05-02 00:00:00.000 UTC
62.84517361111124,2021-05-01 00:00:00.000 UTC
60.62798611111089,2021-04-30 00:00:00.000 UTC
58.98010416666668,2021-04-29 00:00:00.000 UTC
59.45128472222215,2021-04-28 00:00:00.000 UTC
55.77083333333342,2021-04-27 00:00:00.000 UTC
51.96465277777761,2021-04-26 00:00:00.000 UTC
47.3207291666667,2021-04-25 00:00:00.000 UTC
48.11145833333343,2021-04-24 00:00:00.000 UTC
49.61576388888895,2021-04-23 00:00:00.000 UTC
58.12420138888868,2021-04-22 00:00:00.000 UTC
56.413368055555566,2021-04-21 00:00:00.000 UTC
52.64045138888902,2021-04-20 00:00:00.000 UTC
57.99961805555547,2021-04-19 00:00:00.000 UTC
56.30777777777781,2021-04-18 00:00:00.000 UTC
65.01274305555545,2021-04-17 00:00:00.000 UTC
65.19000000000013,2021-04-16 00:00:00.000 UTC
68.36899305555546,2021-04-15 00:00:00.000 UTC
58.265659722222054,2021-04-14 00:00:00.000 UTC
53.118402777777796,2021-04-13 00:00:00.000 UTC
51.203090277777754,2021-04-12 00:00:00.000 UTC
51.02027777777778,2021-04-11 00:00:00.000 UTC
51.998159722222326,2021-04-10 00:00:00.000 UTC
53.082916666666705,2021-04-09 00:00:00.000 UTC
52.61579861111101,2021-04-08 00:00:00.000 UTC
53.41374999999988,2021-04-07 00:00:00.000 UTC
60.0093749999999,2021-04-06 00:00:00.000 UTC
59.02465277777779,2021-04-05 00:00:00.000 UTC
58.1814236111112,2021-04-04 00:00:00.000 UTC
59.769166666666386,2021-04-03 00:00:00.000 UTC
57.55840277777772,2021-04-02 00:00:00.000 UTC
56.44916666666674,2021-04-01 00:00:00.000 UTC
56.30343749999991,2021-03-31 00:00:00.000 UTC
56.081805555555476,2021-03-30 00:00:00.000 UTC
52.63319444444447,2021-03-29 00:00:00.000 UTC
51.578437499999914,2021-03-28 00:00:00.000 UTC
52.20833333333323,2021-03-27 00:00:00.000 UTC
50.03729166666656,2021-03-26 00:00:00.000 UTC
47.042534722222356,2021-03-25 00:00:00.000 UTC
51.58100694444435,2021-03-24 00:00:00.000 UTC
52.28274305555561,2021-03-23 00:00:00.000 UTC
56.50065972222221,2021-03-22 00:00:00.000 UTC
58.912534722222105,2021-03-21 00:00:00.000 UTC
62.72618055555547,2021-03-20 00:00:00.000 UTC
62.408993055555506,2021-03-19 00:00:00.000 UTC
57.16625,2021-03-18 00:00:00.000 UTC
53.28559027777781,2021-03-17 00:00:00.000 UTC
54.03531249999977,2021-03-16 00:00:00.000 UTC
57.63249999999985,2021-03-15 00:00:00.000 UTC
49.40361111111115,2021-03-14 00:00:00.000 UTC
46.29034722222236,2021-03-13 00:00:00.000 UTC
45.1962847222222,2021-03-12 00:00:00.000 UTC
46.06607638888883,2021-03-11 00:00:00.000 UTC
47.278333333333485,2021-03-10 00:00:00.000 UTC
49.24510416666666,2021-03-09 00:00:00.000 UTC
46.32236111111121,2021-03-08 00:00:00.000 UTC
42.709409722222226,2021-03-07 00:00:00.000 UTC
38.28333333333325,2021-03-06 00:00:00.000 UTC
35.9359027777778,2021-03-05 00:00:00.000 UTC
38.141770833333275,2021-03-04 00:00:00.000 UTC
38.86135416666672,2021-03-03 00:00:00.000 UTC
37.324687500000024,2021-03-02 00:00:00.000 UTC
36.54694444444449,2021-03-01 00:00:00.000 UTC
34.15298611111116,2021-02-28 00:00:00.000 UTC
37.86236111111113,2021-02-27 00:00:00.000 UTC
35.11496527777774,2021-02-26 00:00:00.000 UTC
38.33100694444436,2021-02-25 00:00:00.000 UTC
38.349375000000016,2021-02-24 00:00:00.000 UTC
35.05802083333328,2021-02-23 00:00:00.000 UTC
42.06541666666669,2021-02-22 00:00:00.000 UTC
46.91569444444446,2021-02-21 00:00:00.000 UTC
46.2558680555557,2021-02-20 00:00:00.000 UTC
44.7842013888889,2021-02-19 00:00:00.000 UTC
46.11100694444447,2021-02-18 00:00:00.000 UTC
43.71965277777766,2021-02-17 00:00:00.000 UTC
43.898854166666574,2021-02-16 00:00:00.000 UTC
43.64732638888889,2021-02-15 00:00:00.000 UTC
46.268402777777695,2021-02-14 00:00:00.000 UTC
49.41788194444461,2021-02-13 00:00:00.000 UTC
49.266319444444676,2021-02-12 00:00:00.000 UTC
46.949930555555575,2021-02-11 00:00:00.000 UTC
38.182673611111134,2021-02-10 00:00:00.000 UTC
36.57107638888893,2021-02-09 00:00:00.000 UTC
36.88118055555543,2021-02-08 00:00:00.000 UTC
34.99486111111097,2021-02-07 00:00:00.000 UTC
36.5932986111111,2021-02-06 00:00:00.000 UTC
37.47013888888875,2021-02-05 00:00:00.000 UTC
34.4628819444445,2021-02-04 00:00:00.000 UTC
33.205729166666565,2021-02-03 00:00:00.000 UTC
31.905451388889013,2021-02-02 00:00:00.000 UTC
27.175104166666742,2021-02-01 00:00:00.000 UTC
26.685972222222198,2021-01-31 00:00:00.000 UTC
26.34472222222221,2021-01-30 00:00:00.000 UTC
24.26465277777775,2021-01-29 00:00:00.000 UTC
20.95267361111112,2021-01-28 00:00:00.000 UTC
19.947291666666707,2021-01-27 00:00:00.000 UTC
21.16350694444448,2021-01-26 00:00:00.000 UTC
22.681562500000005,2021-01-25 00:00:00.000 UTC
21.491458333333323,2021-01-24 00:00:00.000 UTC
20.568993055555516,2021-01-23 00:00:00.000 UTC
19.360868055555564,2021-01-22 00:00:00.000 UTC
20.393819444444354,2021-01-21 00:00:00.000 UTC
21.514861111111088,2021-01-20 00:00:00.000 UTC
23.629895833333336,2021-01-19 00:00:00.000 UTC
21.555902777777685,2021-01-18 00:00:00.000 UTC
19.61468750000002,2021-01-17 00:00:00.000 UTC
19.462951388888868,2021-01-16 00:00:00.000 UTC
17.60996527777778,2021-01-15 00:00:00.000 UTC
17.695277777777786,2021-01-14 00:00:00.000 UTC
16.17875000000003,2021-01-13 00:00:00.000 UTC
16.08822916666666,2021-01-12 00:00:00.000 UTC
15.916423611111089,2021-01-11 00:00:00.000 UTC
20.206006944444464,2021-01-10 00:00:00.000 UTC
18.73732638888881,2021-01-09 00:00:00.000 UTC
17.844479166666694,2021-01-08 00:00:00.000 UTC
18.221180555555563,2021-01-07 00:00:00.000 UTC
17.449062500000007,2021-01-06 00:00:00.000 UTC
16.330381944444415,2021-01-05 00:00:00.000 UTC
15.68947916666665,2021-01-04 00:00:00.000 UTC
15.301041666666679,2021-01-03 00:00:00.000 UTC
14.215173611111057,2021-01-02 00:00:00.000 UTC
14.085243055555543,2021-01-01 00:00:00.000 UTC
13.53333333333337,2020-12-31 00:00:00.000 UTC
13.785312500000067,2020-12-30 00:00:00.000 UTC
13.726493055555562,2020-12-29 00:00:00.000 UTC
14.203680555555568,2020-12-28 00:00:00.000 UTC
13.038854166666695,2020-12-27 00:00:00.000 UTC
12.438993055555635,2020-12-26 00:00:00.000 UTC
12.300520833333309,2020-12-25 00:00:00.000 UTC
11.904097222222266,2020-12-24 00:00:00.000 UTC
12.362743055555608,2020-12-23 00:00:00.000 UTC
12.740972222222272,2020-12-22 00:00:00.000 UTC
12.849374999999961,2020-12-21 00:00:00.000 UTC
13.605520833333271,2020-12-20 00:00:00.000 UTC
14.534791666666683,2020-12-19 00:00:00.000 UTC
14.28593749999998,2020-12-18 00:00:00.000 UTC
13.807500000000045,2020-12-17 00:00:00.000 UTC
13.016215277777754,2020-12-16 00:00:00.000 UTC
12.182048611111075,2020-12-15 00:00:00.000 UTC
12.113819444444433,2020-12-14 00:00:00.000 UTC
12.181736111111174,2020-12-13 00:00:00.000 UTC
11.482847222222262,2020-12-12 00:00:00.000 UTC
11.204097222222229,2020-12-11 00:00:00.000 UTC
11.966666666666685,2020-12-10 00:00:00.000 UTC
12.335104166666648,2020-12-09 00:00:00.000 UTC
13.23506944444445,2020-12-08 00:00:00.000 UTC
13.565347222222183,2020-12-07 00:00:00.000 UTC
13.60420138888888,2020-12-06 00:00:00.000 UTC
13.675173611111104,2020-12-05 00:00:00.000 UTC
14.035277777777727,2020-12-04 00:00:00.000 UTC
14.550173611111159,2020-12-03 00:00:00.000 UTC
13.94611111111115,2020-12-02 00:00:00.000 UTC
14.260659722222186,2020-12-01 00:00:00.000 UTC
14.517743055555586,2020-11-30 00:00:00.000 UTC
13.78583333333333,2020-11-29 00:00:00.000 UTC
13.294409722222229,2020-11-28 00:00:00.000 UTC
13.217569444444429,2020-11-27 00:00:00.000 UTC
13.394548611111095,2020-11-26 00:00:00.000 UTC
15.580624999999982,2020-11-25 00:00:00.000 UTC
16.51493055555558,2020-11-24 00:00:00.000 UTC
17.10618055555559,2020-11-23 00:00:00.000 UTC
16.47781249999996,2020-11-22 00:00:00.000 UTC
15.891215277777812,2020-11-21 00:00:00.000 UTC
14.190902777777776,2020-11-20 00:00:00.000 UTC
12.978506944444467,2020-11-19 00:00:00.000 UTC
13.363090277777843,2020-11-18 00:00:00.000 UTC
13.882152777777772,2020-11-17 00:00:00.000 UTC
12.946527777777783,2020-11-16 00:00:00.000 UTC
13.1529513888889,2020-11-15 00:00:00.000 UTC
12.773263888888826,2020-11-14 00:00:00.000 UTC
12.27999999999995,2020-11-13 00:00:00.000 UTC
11.687534722222248,2020-11-12 00:00:00.000 UTC
12.158437499999984,2020-11-11 00:00:00.000 UTC
11.396250000000032,2020-11-10 00:00:00.000 UTC
10.193854166666657,2020-11-09 00:00:00.000 UTC
10.087291666666673,2020-11-08 00:00:00.000 UTC
10.352500000000013,2020-11-07 00:00:00.000 UTC
9.618923611111123,2020-11-06 00:00:00.000 UTC
8.89722222222222,2020-11-05 00:00:00.000 UTC
8.715729166666643,2020-11-04 00:00:00.000 UTC
8.884097222222207,2020-11-03 00:00:00.000 UTC
9.51291666666663,2020-11-02 00:00:00.000 UTC
9.746319444444415,2020-11-01 00:00:00.000 UTC
10.13965277777782,2020-10-31 00:00:00.000 UTC
10.145763888888863,2020-10-30 00:00:00.000 UTC
10.588784722222202,2020-10-29 00:00:00.000 UTC
11.207847222222219,2020-10-28 00:00:00.000 UTC
11.963472222222206,2020-10-27 00:00:00.000 UTC
12.329027777777746,2020-10-26 00:00:00.000 UTC
12.629583333333322,2020-10-25 00:00:00.000 UTC
12.37649305555561,2020-10-24 00:00:00.000 UTC
12.49145833333334,2020-10-23 00:00:00.000 UTC
12.626666666666697,2020-10-22 00:00:00.000 UTC
12.409305555555571,2020-10-21 00:00:00.000 UTC
12.695729166666627,2020-10-20 00:00:00.000 UTC
13.473125000000048,2020-10-19 00:00:00.000 UTC
13.851736111111054,2020-10-18 00:00:00.000 UTC
13.632256944444396,2020-10-17 00:00:00.000 UTC
13.590069444444447,2020-10-16 00:00:00.000 UTC
13.951180555555615,2020-10-15 00:00:00.000 UTC
14.786979166666612,2020-10-14 00:00:00.000 UTC
15.443854166666695,2020-10-13 00:00:00.000 UTC
15.414444444444388,2020-10-12 00:00:00.000 UTC
15.136145833333323,2020-10-11 00:00:00.000 UTC
15.393090277777794,2020-10-10 00:00:00.000 UTC
15.260173611111087,2020-10-09 00:00:00.000 UTC
14.504375000000048,2020-10-08 00:00:00.000 UTC
13.703819444444424,2020-10-07 00:00:00.000 UTC
15.134548611111093,2020-10-06 00:00:00.000 UTC
16.314340277777795,2020-10-05 00:00:00.000 UTC
16.224131944444483,2020-10-04 00:00:00.000 UTC
16.23413194444438,2020-10-03 00:00:00.000 UTC
16.232187499999988,2020-10-02 00:00:00.000 UTC
16.819861111111138,2020-10-01 00:00:00.000 UTC
15.516041666666645,2020-09-30 00:00:00.000 UTC
15.12069444444439,2020-09-29 00:00:00.000 UTC
15.51208333333333,2020-09-28 00:00:00.000 UTC
15.118437499999974,2020-09-27 00:00:00.000 UTC
15.323923611111137,2020-09-26 00:00:00.000 UTC
15.208055555555521,2020-09-25 00:00:00.000 UTC
14.281145833333355,2020-09-24 00:00:00.000 UTC
14.27204861111109,2020-09-23 00:00:00.000 UTC
14.93704861111112,2020-09-22 00:00:00.000 UTC
16.060069444444395,2020-09-21 00:00:00.000 UTC
17.946041666666638,2020-09-20 00:00:00.000 UTC
18.927673611111146,2020-09-19 00:00:00.000 UTC
21.638958333333346,2020-09-18 00:00:00.000 UTC
21.7060416666666,2020-09-17 00:00:00.000 UTC
20.958923611111132,2020-09-16 00:00:00.000 UTC
23.037118055555563,2020-09-15 00:00:00.000 UTC
