day,price
2024-08-16 00:00:00.000 UTC,0.318446
2024-08-15 00:00:00.000 UTC,0.327785
2024-08-14 00:00:00.000 UTC,0.326861
2024-08-13 00:00:00.000 UTC,0.324941
2024-08-12 00:00:00.000 UTC,0.318524
2024-08-11 00:00:00.000 UTC,0.260486
2024-08-10 00:00:00.000 UTC,0.259823
2024-08-09 00:00:00.000 UTC,0.255686
2024-08-08 00:00:00.000 UTC,0.256855
2024-08-07 00:00:00.000 UTC,0.24348
2024-08-06 00:00:00.000 UTC,0.23876
2024-08-05 00:00:00.000 UTC,0.247062
2024-08-04 00:00:00.000 UTC,0.260907
2024-08-03 00:00:00.000 UTC,0.290053
2024-08-02 00:00:00.000 UTC,0.290054
2024-08-01 00:00:00.000 UTC,0.291039
2024-07-31 00:00:00.000 UTC,0.271285
2024-07-30 00:00:00.000 UTC,0.277325
2024-07-29 00:00:00.000 UTC,0.268503
2024-07-28 00:00:00.000 UTC,0.27004
2024-07-27 00:00:00.000 UTC,0.271253
2024-07-26 00:00:00.000 UTC,0.268506
2024-07-25 00:00:00.000 UTC,0.261839
2024-07-24 00:00:00.000 UTC,0.273676
2024-07-23 00:00:00.000 UTC,0.285727
2024-07-22 00:00:00.000 UTC,0.290841
2024-07-21 00:00:00.000 UTC,0.293381
2024-07-20 00:00:00.000 UTC,0.298473
2024-07-19 00:00:00.000 UTC,0.298857
2024-07-18 00:00:00.000 UTC,0.291129
2024-07-17 00:00:00.000 UTC,0.297896
2024-07-16 00:00:00.000 UTC,0.304813
2024-07-15 00:00:00.000 UTC,0.304564
2024-07-14 00:00:00.000 UTC,0.291806
2024-07-13 00:00:00.000 UTC,0.292183
2024-07-12 00:00:00.000 UTC,0.281278
2024-07-11 00:00:00.000 UTC,0.296295
2024-07-10 00:00:00.000 UTC,0.295259
2024-07-09 00:00:00.000 UTC,0.293028
2024-07-08 00:00:00.000 UTC,0.29633
2024-07-07 00:00:00.000 UTC,0.268495
2024-07-06 00:00:00.000 UTC,0.265341
2024-07-05 00:00:00.000 UTC,0.242608
2024-07-04 00:00:00.000 UTC,0.274992
2024-07-03 00:00:00.000 UTC,0.28513
2024-07-02 00:00:00.000 UTC,0.289936
2024-07-01 00:00:00.000 UTC,0.290017
2024-06-30 00:00:00.000 UTC,0.287102
2024-06-29 00:00:00.000 UTC,0.285031
2024-06-28 00:00:00.000 UTC,0.296999
2024-06-27 00:00:00.000 UTC,0.29867
2024-06-26 00:00:00.000 UTC,0.325079
2024-06-25 00:00:00.000 UTC,0.332513
2024-06-24 00:00:00.000 UTC,0.346366
2024-06-23 00:00:00.000 UTC,0.344287
2024-06-22 00:00:00.000 UTC,0.34469
2024-06-21 00:00:00.000 UTC,0.366042
2024-06-20 00:00:00.000 UTC,0.348509
2024-06-19 00:00:00.000 UTC,0.357696
2024-06-18 00:00:00.000 UTC,0.335715
2024-06-17 00:00:00.000 UTC,0.345674
2024-06-16 00:00:00.000 UTC,0.337733
2024-06-15 00:00:00.000 UTC,0.327131
2024-06-14 00:00:00.000 UTC,0.297647
2024-06-13 00:00:00.000 UTC,0.36037
2024-06-12 00:00:00.000 UTC,0.375175
2024-06-11 00:00:00.000 UTC,0.383434
2024-06-10 00:00:00.000 UTC,0.422721
2024-06-09 00:00:00.000 UTC,0.423903
2024-06-08 00:00:00.000 UTC,0.421046
2024-06-07 00:00:00.000 UTC,0.464392
2024-06-06 00:00:00.000 UTC,0.473639
2024-06-05 00:00:00.000 UTC,0.472971
2024-06-04 00:00:00.000 UTC,0.476272
2024-06-03 00:00:00.000 UTC,0.477536
2024-06-02 00:00:00.000 UTC,0.475048
2024-06-01 00:00:00.000 UTC,0.474602
2024-05-31 00:00:00.000 UTC,0.474728
2024-05-30 00:00:00.000 UTC,0.487524
2024-05-29 00:00:00.000 UTC,0.504361
2024-05-28 00:00:00.000 UTC,0.505723
2024-05-27 00:00:00.000 UTC,0.501581
2024-05-26 00:00:00.000 UTC,0.499124
2024-05-25 00:00:00.000 UTC,0.514188
2024-05-24 00:00:00.000 UTC,0.493171
2024-05-23 00:00:00.000 UTC,0.473246
2024-05-22 00:00:00.000 UTC,0.482729
2024-05-21 00:00:00.000 UTC,0.493267
2024-05-20 00:00:00.000 UTC,0.462821
2024-05-19 00:00:00.000 UTC,0.437755
2024-05-18 00:00:00.000 UTC,0.436015
2024-05-17 00:00:00.000 UTC,0.438004
2024-05-16 00:00:00.000 UTC,0.425355
2024-05-15 00:00:00.000 UTC,0.425643
2024-05-14 00:00:00.000 UTC,0.418007
2024-05-13 00:00:00.000 UTC,0.427008
2024-05-12 00:00:00.000 UTC,0.427959
2024-05-11 00:00:00.000 UTC,0.433858
2024-05-10 00:00:00.000 UTC,0.45212
2024-05-09 00:00:00.000 UTC,0.450577
2024-05-08 00:00:00.000 UTC,0.447298
2024-05-07 00:00:00.000 UTC,0.442077
2024-05-06 00:00:00.000 UTC,0.459468
2024-05-05 00:00:00.000 UTC,0.449553
2024-05-04 00:00:00.000 UTC,0.444603
2024-05-03 00:00:00.000 UTC,0.442132
2024-05-02 00:00:00.000 UTC,0.4287
2024-05-01 00:00:00.000 UTC,0.424238
2024-04-30 00:00:00.000 UTC,0.438057
2024-04-29 00:00:00.000 UTC,0.446162
2024-04-28 00:00:00.000 UTC,0.453677
2024-04-27 00:00:00.000 UTC,0.446455
2024-04-26 00:00:00.000 UTC,0.447322
2024-04-25 00:00:00.000 UTC,0.448041
2024-04-24 00:00:00.000 UTC,0.47736
2024-04-23 00:00:00.000 UTC,0.471109
2024-04-22 00:00:00.000 UTC,0.473552
2024-04-21 00:00:00.000 UTC,0.466209
2024-04-20 00:00:00.000 UTC,0.465447
2024-04-19 00:00:00.000 UTC,0.442851
2024-04-18 00:00:00.000 UTC,0.437815
2024-04-17 00:00:00.000 UTC,0.435537
2024-04-16 00:00:00.000 UTC,0.43833
2024-04-15 00:00:00.000 UTC,0.46359
2024-04-14 00:00:00.000 UTC,0.45667
2024-04-13 00:00:00.000 UTC,0.492136
2024-04-12 00:00:00.000 UTC,0.61067
2024-04-11 00:00:00.000 UTC,0.622734
2024-04-10 00:00:00.000 UTC,0.623226
2024-04-09 00:00:00.000 UTC,0.656152
2024-04-08 00:00:00.000 UTC,0.659395
2024-04-07 00:00:00.000 UTC,0.643626
2024-04-06 00:00:00.000 UTC,0.627107
2024-04-05 00:00:00.000 UTC,0.629524
2024-04-04 00:00:00.000 UTC,0.638895
2024-04-03 00:00:00.000 UTC,0.621678
2024-04-02 00:00:00.000 UTC,0.656553
2024-04-01 00:00:00.000 UTC,0.696345
2024-03-31 00:00:00.000 UTC,0.700003
2024-03-30 00:00:00.000 UTC,0.713286
2024-03-29 00:00:00.000 UTC,0.726824
2024-03-28 00:00:00.000 UTC,0.707754
2024-03-27 00:00:00.000 UTC,0.72269
2024-03-26 00:00:00.000 UTC,0.725798
2024-03-25 00:00:00.000 UTC,0.717605
2024-03-24 00:00:00.000 UTC,0.685264
2024-03-23 00:00:00.000 UTC,0.680716
2024-03-22 00:00:00.000 UTC,0.688421
2024-03-21 00:00:00.000 UTC,0.68521
2024-03-20 00:00:00.000 UTC,0.674964
2024-03-19 00:00:00.000 UTC,0.660477
2024-03-18 00:00:00.000 UTC,0.700484
2024-03-17 00:00:00.000 UTC,0.715587
2024-03-16 00:00:00.000 UTC,0.774822
2024-03-15 00:00:00.000 UTC,0.844063
2024-03-14 00:00:00.000 UTC,0.87951
2024-03-13 00:00:00.000 UTC,0.878862
2024-03-12 00:00:00.000 UTC,0.856024
2024-03-11 00:00:00.000 UTC,0.858453
2024-03-10 00:00:00.000 UTC,0.815227
2024-03-09 00:00:00.000 UTC,0.822454
2024-03-08 00:00:00.000 UTC,0.814654
2024-03-07 00:00:00.000 UTC,0.813146
2024-03-06 00:00:00.000 UTC,0.836379
2024-03-05 00:00:00.000 UTC,0.801506
2024-03-04 00:00:00.000 UTC,0.769957
2024-03-03 00:00:00.000 UTC,0.694467
2024-03-02 00:00:00.000 UTC,0.688264
2024-03-01 00:00:00.000 UTC,0.659638
2024-02-29 00:00:00.000 UTC,0.651041
2024-02-28 00:00:00.000 UTC,0.63091
2024-02-27 00:00:00.000 UTC,0.609076
2024-02-26 00:00:00.000 UTC,0.604192
2024-02-25 00:00:00.000 UTC,0.609595
2024-02-24 00:00:00.000 UTC,0.649473
2024-02-23 00:00:00.000 UTC,0.608993
2024-02-22 00:00:00.000 UTC,0.562255
2024-02-21 00:00:00.000 UTC,0.560529
2024-02-20 00:00:00.000 UTC,0.574708
2024-02-19 00:00:00.000 UTC,0.566183
2024-02-18 00:00:00.000 UTC,0.541606
2024-02-17 00:00:00.000 UTC,0.54325
2024-02-16 00:00:00.000 UTC,0.554265
2024-02-15 00:00:00.000 UTC,0.542041
2024-02-14 00:00:00.000 UTC,0.528484
2024-02-13 00:00:00.000 UTC,0.521673
2024-02-12 00:00:00.000 UTC,0.534113
2024-02-11 00:00:00.000 UTC,0.505957
2024-02-10 00:00:00.000 UTC,0.507541
2024-02-09 00:00:00.000 UTC,0.504109
2024-02-08 00:00:00.000 UTC,0.488729
2024-02-07 00:00:00.000 UTC,0.490007
2024-02-06 00:00:00.000 UTC,0.478194
2024-02-05 00:00:00.000 UTC,0.474769
2024-02-04 00:00:00.000 UTC,0.477307
2024-02-03 00:00:00.000 UTC,0.497492
2024-02-02 00:00:00.000 UTC,0.463701
2024-02-01 00:00:00.000 UTC,0.466035
2024-01-31 00:00:00.000 UTC,0.482964
2024-01-30 00:00:00.000 UTC,0.488871
2024-01-29 00:00:00.000 UTC,0.482234
2024-01-28 00:00:00.000 UTC,0.480318
2024-01-27 00:00:00.000 UTC,0.481883
2024-01-26 00:00:00.000 UTC,0.467333
2024-01-25 00:00:00.000 UTC,0.454561
2024-01-24 00:00:00.000 UTC,0.471985
2024-01-23 00:00:00.000 UTC,0.508929
2024-01-22 00:00:00.000 UTC,0.537398
2024-01-21 00:00:00.000 UTC,0.542822
2024-01-20 00:00:00.000 UTC,0.535379
2024-01-19 00:00:00.000 UTC,0.530059
2024-01-18 00:00:00.000 UTC,0.550819
2024-01-17 00:00:00.000 UTC,0.552868
2024-01-16 00:00:00.000 UTC,0.555562
2024-01-15 00:00:00.000 UTC,0.548957
2024-01-14 00:00:00.000 UTC,0.560379
2024-01-13 00:00:00.000 UTC,0.56554
2024-01-12 00:00:00.000 UTC,0.601843
2024-01-11 00:00:00.000 UTC,0.591146
2024-01-10 00:00:00.000 UTC,0.577444
2024-01-09 00:00:00.000 UTC,0.55022
2024-01-08 00:00:00.000 UTC,0.55126
2024-01-07 00:00:00.000 UTC,0.554766
2024-01-06 00:00:00.000 UTC,0.575982
2024-01-05 00:00:00.000 UTC,0.590669
2024-01-04 00:00:00.000 UTC,0.594902
2024-01-03 00:00:00.000 UTC,0.638398
2024-01-02 00:00:00.000 UTC,0.646317
2024-01-01 00:00:00.000 UTC,0.62983
2023-12-31 00:00:00.000 UTC,0.635726
2023-12-30 00:00:00.000 UTC,0.642565
2023-12-29 00:00:00.000 UTC,0.705897
2023-12-28 00:00:00.000 UTC,0.705771
2023-12-27 00:00:00.000 UTC,0.681379
2023-12-26 00:00:00.000 UTC,0.679287
2023-12-25 00:00:00.000 UTC,0.654835
2023-12-24 00:00:00.000 UTC,0.645961
2023-12-23 00:00:00.000 UTC,0.625586
2023-12-22 00:00:00.000 UTC,0.619515
2023-12-21 00:00:00.000 UTC,0.601884
2023-12-20 00:00:00.000 UTC,0.599288
2023-12-19 00:00:00.000 UTC,0.628771
2023-12-18 00:00:00.000 UTC,0.659822
2023-12-17 00:00:00.000 UTC,0.678371
2023-12-16 00:00:00.000 UTC,0.656879
2023-12-15 00:00:00.000 UTC,0.657307
2023-12-14 00:00:00.000 UTC,0.649226
2023-12-13 00:00:00.000 UTC,0.647118
2023-12-12 00:00:00.000 UTC,0.673197
2023-12-11 00:00:00.000 UTC,0.722533
2023-12-10 00:00:00.000 UTC,0.723411
2023-12-09 00:00:00.000 UTC,0.703305
2023-12-08 00:00:00.000 UTC,0.696664
2023-12-07 00:00:00.000 UTC,0.660162
2023-12-06 00:00:00.000 UTC,0.638497
2023-12-05 00:00:00.000 UTC,0.632991
2023-12-04 00:00:00.000 UTC,0.615856
2023-12-03 00:00:00.000 UTC,0.613418
2023-12-02 00:00:00.000 UTC,0.613291
2023-12-01 00:00:00.000 UTC,0.572242
2023-11-30 00:00:00.000 UTC,0.559979
2023-11-29 00:00:00.000 UTC,0.572245
2023-11-28 00:00:00.000 UTC,0.571055
2023-11-27 00:00:00.000 UTC,0.58671
2023-11-26 00:00:00.000 UTC,0.605554
2023-11-25 00:00:00.000 UTC,0.602655
2023-11-24 00:00:00.000 UTC,0.600469
2023-11-23 00:00:00.000 UTC,0.592875
2023-11-22 00:00:00.000 UTC,0.583651
2023-11-21 00:00:00.000 UTC,0.582116
2023-11-20 00:00:00.000 UTC,0.588417
2023-11-19 00:00:00.000 UTC,0.576948
2023-11-18 00:00:00.000 UTC,0.569591
2023-11-17 00:00:00.000 UTC,0.59401
2023-11-16 00:00:00.000 UTC,0.621805
2023-11-15 00:00:00.000 UTC,0.620669
2023-11-14 00:00:00.000 UTC,0.589122
2023-11-13 00:00:00.000 UTC,0.649706
2023-11-12 00:00:00.000 UTC,0.652146
2023-11-11 00:00:00.000 UTC,0.64734
2023-11-10 00:00:00.000 UTC,0.610513
2023-11-09 00:00:00.000 UTC,0.590229
2023-11-08 00:00:00.000 UTC,0.578295
2023-11-07 00:00:00.000 UTC,0.589866
2023-11-06 00:00:00.000 UTC,0.578903
2023-11-05 00:00:00.000 UTC,0.577774
2023-11-04 00:00:00.000 UTC,0.559231
2023-11-03 00:00:00.000 UTC,0.5358
2023-11-02 00:00:00.000 UTC,0.538371
2023-11-01 00:00:00.000 UTC,0.523345
2023-10-31 00:00:00.000 UTC,0.495479
2023-10-30 00:00:00.000 UTC,0.503097
2023-10-29 00:00:00.000 UTC,0.496817
2023-10-28 00:00:00.000 UTC,0.483386
2023-10-27 00:00:00.000 UTC,0.477597
2023-10-26 00:00:00.000 UTC,0.498374
2023-10-25 00:00:00.000 UTC,0.487526
2023-10-24 00:00:00.000 UTC,0.489159
2023-10-23 00:00:00.000 UTC,0.470858
2023-10-22 00:00:00.000 UTC,0.45251
2023-10-21 00:00:00.000 UTC,0.441797
2023-10-20 00:00:00.000 UTC,0.430354
2023-10-19 00:00:00.000 UTC,0.427392
2023-10-18 00:00:00.000 UTC,0.43649
2023-10-17 00:00:00.000 UTC,0.451485
2023-10-16 00:00:00.000 UTC,0.453016
2023-10-15 00:00:00.000 UTC,0.443367
2023-10-14 00:00:00.000 UTC,0.444576
2023-10-13 00:00:00.000 UTC,0.450689
2023-10-12 00:00:00.000 UTC,0.434246
2023-10-11 00:00:00.000 UTC,0.436053
2023-10-10 00:00:00.000 UTC,0.450872
2023-10-09 00:00:00.000 UTC,0.474115
2023-10-08 00:00:00.000 UTC,0.474669
2023-10-07 00:00:00.000 UTC,0.479755
2023-10-06 00:00:00.000 UTC,0.481753
2023-10-05 00:00:00.000 UTC,0.482527
2023-10-04 00:00:00.000 UTC,0.488376
2023-10-03 00:00:00.000 UTC,0.501957
2023-10-02 00:00:00.000 UTC,0.538165
2023-10-01 00:00:00.000 UTC,0.542261
2023-09-30 00:00:00.000 UTC,0.537363
2023-09-29 00:00:00.000 UTC,0.530749
2023-09-28 00:00:00.000 UTC,0.528091
2023-09-27 00:00:00.000 UTC,0.534134
2023-09-26 00:00:00.000 UTC,0.527081
2023-09-25 00:00:00.000 UTC,0.532132
2023-09-24 00:00:00.000 UTC,0.542096
2023-09-23 00:00:00.000 UTC,0.494223
2023-09-22 00:00:00.000 UTC,0.496189
2023-09-21 00:00:00.000 UTC,0.454665
2023-09-20 00:00:00.000 UTC,0.447021
2023-09-19 00:00:00.000 UTC,0.45156
2023-09-18 00:00:00.000 UTC,0.447953
2023-09-17 00:00:00.000 UTC,0.441929
2023-09-16 00:00:00.000 UTC,0.441136
2023-09-15 00:00:00.000 UTC,0.437658
2023-09-14 00:00:00.000 UTC,0.427961
2023-09-13 00:00:00.000 UTC,0.418646
2023-09-12 00:00:00.000 UTC,0.419706
2023-09-11 00:00:00.000 UTC,0.428081
2023-09-10 00:00:00.000 UTC,0.443542
2023-09-09 00:00:00.000 UTC,0.445596
2023-09-08 00:00:00.000 UTC,0.450239
2023-09-07 00:00:00.000 UTC,0.451157
2023-09-06 00:00:00.000 UTC,0.452688
2023-09-05 00:00:00.000 UTC,0.446578
2023-09-04 00:00:00.000 UTC,0.4437
2023-09-03 00:00:00.000 UTC,0.441388
2023-09-02 00:00:00.000 UTC,0.442825
2023-09-01 00:00:00.000 UTC,0.456559
2023-08-31 00:00:00.000 UTC,0.4771
2023-08-30 00:00:00.000 UTC,0.485084
2023-08-29 00:00:00.000 UTC,0.498165
2023-08-28 00:00:00.000 UTC,0.492229
2023-08-27 00:00:00.000 UTC,0.462226
2023-08-26 00:00:00.000 UTC,0.460832
2023-08-25 00:00:00.000 UTC,0.457581
2023-08-24 00:00:00.000 UTC,0.468363
2023-08-23 00:00:00.000 UTC,0.481068
2023-08-22 00:00:00.000 UTC,0.48155
2023-08-21 00:00:00.000 UTC,0.501659
2023-08-20 00:00:00.000 UTC,0.505148
2023-08-19 00:00:00.000 UTC,0.513748
2023-08-18 00:00:00.000 UTC,0.50651
2023-08-17 00:00:00.000 UTC,0.551698
2023-08-16 00:00:00.000 UTC,0.564039
2023-08-15 00:00:00.000 UTC,0.585714
2023-08-14 00:00:00.000 UTC,0.587617
2023-08-13 00:00:00.000 UTC,0.591726
2023-08-12 00:00:00.000 UTC,0.597286
2023-08-11 00:00:00.000 UTC,0.611709
2023-08-10 00:00:00.000 UTC,0.634428
2023-08-09 00:00:00.000 UTC,0.615965
2023-08-08 00:00:00.000 UTC,0.616053
2023-08-07 00:00:00.000 UTC,0.628924
2023-08-06 00:00:00.000 UTC,0.626226
2023-08-05 00:00:00.000 UTC,0.692958
2023-08-04 00:00:00.000 UTC,0.627081
2023-08-03 00:00:00.000 UTC,0.607133
2023-08-02 00:00:00.000 UTC,0.614698
2023-08-01 00:00:00.000 UTC,0.617813
2023-07-31 00:00:00.000 UTC,0.653692
2023-07-30 00:00:00.000 UTC,0.739445
2023-07-29 00:00:00.000 UTC,0.739936
2023-07-28 00:00:00.000 UTC,0.731369
2023-07-27 00:00:00.000 UTC,0.743037
2023-07-26 00:00:00.000 UTC,0.738967
2023-07-25 00:00:00.000 UTC,0.731171
2023-07-24 00:00:00.000 UTC,0.762185
2023-07-23 00:00:00.000 UTC,0.768245
2023-07-22 00:00:00.000 UTC,0.772895
2023-07-21 00:00:00.000 UTC,0.794165
2023-07-20 00:00:00.000 UTC,0.802746
2023-07-19 00:00:00.000 UTC,0.79641
2023-07-18 00:00:00.000 UTC,0.812355
2023-07-17 00:00:00.000 UTC,0.817614
2023-07-16 00:00:00.000 UTC,0.824568
2023-07-15 00:00:00.000 UTC,0.830931
2023-07-14 00:00:00.000 UTC,0.87279
2023-07-13 00:00:00.000 UTC,0.85123
2023-07-12 00:00:00.000 UTC,0.807949
2023-07-11 00:00:00.000 UTC,0.812742
2023-07-10 00:00:00.000 UTC,0.825091
2023-07-09 00:00:00.000 UTC,0.803031
2023-07-08 00:00:00.000 UTC,0.791603
2023-07-07 00:00:00.000 UTC,0.79011
2023-07-06 00:00:00.000 UTC,0.800295
2023-07-05 00:00:00.000 UTC,0.809874
2023-07-04 00:00:00.000 UTC,0.821884
2023-07-03 00:00:00.000 UTC,0.789929
2023-07-02 00:00:00.000 UTC,0.778288
2023-07-01 00:00:00.000 UTC,0.780434
2023-06-30 00:00:00.000 UTC,0.780887
2023-06-29 00:00:00.000 UTC,0.724064
2023-06-28 00:00:00.000 UTC,0.692391
2023-06-27 00:00:00.000 UTC,0.699883
2023-06-26 00:00:00.000 UTC,0.703835
2023-06-25 00:00:00.000 UTC,0.740805
2023-06-24 00:00:00.000 UTC,0.700841
2023-06-23 00:00:00.000 UTC,0.703759
2023-06-22 00:00:00.000 UTC,0.706238
2023-06-21 00:00:00.000 UTC,0.691807
2023-06-20 00:00:00.000 UTC,0.667915
2023-06-19 00:00:00.000 UTC,0.634598
2023-06-18 00:00:00.000 UTC,0.635421
2023-06-17 00:00:00.000 UTC,0.637975
2023-06-16 00:00:00.000 UTC,0.63154
2023-06-15 00:00:00.000 UTC,0.621545
2023-06-14 00:00:00.000 UTC,0.655926
2023-06-13 00:00:00.000 UTC,0.662434
2023-06-12 00:00:00.000 UTC,0.670374
2023-06-11 00:00:00.000 UTC,0.679947
2023-06-10 00:00:00.000 UTC,0.758557
2023-06-09 00:00:00.000 UTC,0.765104
2023-06-08 00:00:00.000 UTC,0.769642
2023-06-07 00:00:00.000 UTC,0.801849
2023-06-06 00:00:00.000 UTC,0.801008
2023-06-05 00:00:00.000 UTC,0.848983
2023-06-04 00:00:00.000 UTC,0.862338
2023-06-03 00:00:00.000 UTC,0.860306
2023-06-02 00:00:00.000 UTC,0.859146
2023-06-01 00:00:00.000 UTC,0.821383
2023-05-31 00:00:00.000 UTC,0.839517
2023-05-30 00:00:00.000 UTC,0.865071
2023-05-29 00:00:00.000 UTC,0.866808
2023-05-28 00:00:00.000 UTC,0.872097
2023-05-27 00:00:00.000 UTC,0.857121
2023-05-26 00:00:00.000 UTC,0.870475
2023-05-25 00:00:00.000 UTC,0.835619
2023-05-24 00:00:00.000 UTC,0.880479
2023-05-23 00:00:00.000 UTC,0.881094
2023-05-22 00:00:00.000 UTC,0.855575
2023-05-21 00:00:00.000 UTC,0.843651
2023-05-20 00:00:00.000 UTC,0.833696
2023-05-19 00:00:00.000 UTC,0.833465
2023-05-18 00:00:00.000 UTC,0.83431
2023-05-17 00:00:00.000 UTC,0.838547
2023-05-16 00:00:00.000 UTC,0.835455
2023-05-15 00:00:00.000 UTC,0.831923
2023-05-14 00:00:00.000 UTC,0.817233
2023-05-13 00:00:00.000 UTC,0.822345
2023-05-12 00:00:00.000 UTC,0.816269
2023-05-11 00:00:00.000 UTC,0.84071
2023-05-10 00:00:00.000 UTC,0.852414
2023-05-09 00:00:00.000 UTC,0.844952
2023-05-08 00:00:00.000 UTC,0.89204
2023-05-07 00:00:00.000 UTC,0.91633
2023-05-06 00:00:00.000 UTC,0.961969
2023-05-05 00:00:00.000 UTC,0.975602
2023-05-04 00:00:00.000 UTC,0.971182
2023-05-03 00:00:00.000 UTC,0.982012
2023-05-02 00:00:00.000 UTC,0.908149
2023-05-01 00:00:00.000 UTC,0.914698
2023-04-30 00:00:00.000 UTC,0.94536
2023-04-29 00:00:00.000 UTC,0.943951
2023-04-28 00:00:00.000 UTC,0.947509
2023-04-27 00:00:00.000 UTC,0.957526
2023-04-26 00:00:00.000 UTC,0.974798
2023-04-25 00:00:00.000 UTC,0.945656
2023-04-24 00:00:00.000 UTC,0.963209
2023-04-23 00:00:00.000 UTC,0.976275
2023-04-22 00:00:00.000 UTC,0.939521
2023-04-21 00:00:00.000 UTC,0.958958
2023-04-20 00:00:00.000 UTC,0.978785
2023-04-19 00:00:00.000 UTC,1.074703
2023-04-18 00:00:00.000 UTC,1.10911
2023-04-17 00:00:00.000 UTC,1.105767
2023-04-16 00:00:00.000 UTC,1.110795
2023-04-15 00:00:00.000 UTC,1.104744
2023-04-14 00:00:00.000 UTC,1.10848
2023-04-13 00:00:00.000 UTC,1.073677
2023-04-12 00:00:00.000 UTC,1.043862
2023-04-11 00:00:00.000 UTC,1.043168
2023-04-10 00:00:00.000 UTC,1.028627
2023-04-09 00:00:00.000 UTC,1.038635
2023-04-08 00:00:00.000 UTC,1.042759
2023-04-07 00:00:00.000 UTC,1.027158
2023-04-06 00:00:00.000 UTC,1.014968
2023-04-05 00:00:00.000 UTC,1.035476
2023-04-04 00:00:00.000 UTC,1.009107
2023-04-03 00:00:00.000 UTC,0.934579
2023-04-02 00:00:00.000 UTC,0.926666
2023-04-01 00:00:00.000 UTC,0.948601
2023-03-31 00:00:00.000 UTC,0.950571
2023-03-30 00:00:00.000 UTC,0.961702
2023-03-29 00:00:00.000 UTC,0.960763
2023-03-28 00:00:00.000 UTC,0.927343
2023-03-27 00:00:00.000 UTC,0.937848
2023-03-26 00:00:00.000 UTC,0.946463
2023-03-25 00:00:00.000 UTC,0.937783
2023-03-24 00:00:00.000 UTC,0.972252
2023-03-23 00:00:00.000 UTC,0.988796
2023-03-22 00:00:00.000 UTC,1.005917
2023-03-21 00:00:00.000 UTC,1.00533
2023-03-20 00:00:00.000 UTC,1.023331
2023-03-19 00:00:00.000 UTC,1.067135
2023-03-18 00:00:00.000 UTC,1.04448
2023-03-17 00:00:00.000 UTC,1.011617
2023-03-16 00:00:00.000 UTC,0.920433
2023-03-15 00:00:00.000 UTC,1.014406
2023-03-14 00:00:00.000 UTC,1.045024
2023-03-13 00:00:00.000 UTC,1.010146
2023-03-12 00:00:00.000 UTC,0.937169
2023-03-11 00:00:00.000 UTC,0.932124
2023-03-10 00:00:00.000 UTC,0.890443
2023-03-09 00:00:00.000 UTC,0.918626
2023-03-08 00:00:00.000 UTC,0.982286
2023-03-07 00:00:00.000 UTC,0.989965
2023-03-06 00:00:00.000 UTC,0.965675
2023-03-05 00:00:00.000 UTC,0.938729
2023-03-04 00:00:00.000 UTC,0.942611
2023-03-03 00:00:00.000 UTC,0.994212
2023-03-02 00:00:00.000 UTC,1.037099
2023-03-01 00:00:00.000 UTC,1.057581
2023-02-28 00:00:00.000 UTC,1.041512
2023-02-27 00:00:00.000 UTC,1.046114
2023-02-26 00:00:00.000 UTC,1.0233
2023-02-25 00:00:00.000 UTC,1.00096
2023-02-24 00:00:00.000 UTC,1.087414
2023-02-23 00:00:00.000 UTC,1.134335
2023-02-22 00:00:00.000 UTC,1.161922
2023-02-21 00:00:00.000 UTC,1.29
2023-02-20 00:00:00.000 UTC,1.29
2023-02-19 00:00:00.000 UTC,1.27
2023-02-18 00:00:00.000 UTC,1.26
2023-02-17 00:00:00.000 UTC,1.24
2023-02-16 00:00:00.000 UTC,1.21
2023-02-15 00:00:00.000 UTC,1.150791
2023-02-14 00:00:00.000 UTC,1.10937
2023-02-13 00:00:00.000 UTC,1.078543
2023-02-12 00:00:00.000 UTC,0.985373
2023-02-11 00:00:00.000 UTC,0.966836
2023-02-10 00:00:00.000 UTC,0.995825
2023-02-09 00:00:00.000 UTC,1.155093
2023-02-08 00:00:00.000 UTC,1.21
2023-02-07 00:00:00.000 UTC,1.09559
2023-02-06 00:00:00.000 UTC,1.088112
2023-02-05 00:00:00.000 UTC,1.116814
2023-02-04 00:00:00.000 UTC,1.128664
2023-02-03 00:00:00.000 UTC,1.130166
2023-02-02 00:00:00.000 UTC,1.163376
2023-02-01 00:00:00.000 UTC,1.12211
2023-01-31 00:00:00.000 UTC,1.039536
2023-01-30 00:00:00.000 UTC,1.095738
2023-01-29 00:00:00.000 UTC,1.104427
2023-01-28 00:00:00.000 UTC,1.136679
2023-01-27 00:00:00.000 UTC,1.142757
2023-01-26 00:00:00.000 UTC,1.119909
2023-01-25 00:00:00.000 UTC,1.055741
2023-01-24 00:00:00.000 UTC,1.104547
2023-01-23 00:00:00.000 UTC,1.116097
2023-01-22 00:00:00.000 UTC,1.163381
2023-01-21 00:00:00.000 UTC,1.038159
2023-01-20 00:00:00.000 UTC,1.03515
2023-01-19 00:00:00.000 UTC,0.928896
2023-01-18 00:00:00.000 UTC,0.952797
2023-01-17 00:00:00.000 UTC,0.948264
2023-01-16 00:00:00.000 UTC,0.935505
2023-01-15 00:00:00.000 UTC,0.870194
2023-01-14 00:00:00.000 UTC,0.847803
2023-01-13 00:00:00.000 UTC,0.823647
2023-01-12 00:00:00.000 UTC,0.694203
2023-01-11 00:00:00.000 UTC,0.675196
2023-01-10 00:00:00.000 UTC,0.658627
2023-01-09 00:00:00.000 UTC,0.68676
2023-01-08 00:00:00.000 UTC,0.570866
2023-01-07 00:00:00.000 UTC,0.5536
2023-01-06 00:00:00.000 UTC,0.547628
2023-01-05 00:00:00.000 UTC,0.559139
2023-01-04 00:00:00.000 UTC,0.564428
2023-01-03 00:00:00.000 UTC,0.536438
2023-01-02 00:00:00.000 UTC,0.547536
2023-01-01 00:00:00.000 UTC,0.528904
2022-12-31 00:00:00.000 UTC,0.532984
2022-12-30 00:00:00.000 UTC,0.530383
2022-12-29 00:00:00.000 UTC,0.523717
2022-12-28 00:00:00.000 UTC,0.530437
2022-12-27 00:00:00.000 UTC,0.537625
2022-12-26 00:00:00.000 UTC,0.536528
2022-12-25 00:00:00.000 UTC,0.52966
2022-12-24 00:00:00.000 UTC,0.528444
2022-12-23 00:00:00.000 UTC,0.528459
2022-12-22 00:00:00.000 UTC,0.525118
2022-12-21 00:00:00.000 UTC,0.535354
2022-12-20 00:00:00.000 UTC,0.538283
2022-12-19 00:00:00.000 UTC,0.570585
2022-12-18 00:00:00.000 UTC,0.561851
2022-12-17 00:00:00.000 UTC,0.561314
2022-12-16 00:00:00.000 UTC,0.622812
2022-12-15 00:00:00.000 UTC,0.648104
2022-12-14 00:00:00.000 UTC,0.662976
2022-12-13 00:00:00.000 UTC,0.658235
2022-12-12 00:00:00.000 UTC,0.630214
2022-12-11 00:00:00.000 UTC,0.64793
2022-12-10 00:00:00.000 UTC,0.649363
2022-12-09 00:00:00.000 UTC,0.671507
2022-12-08 00:00:00.000 UTC,0.670492
2022-12-07 00:00:00.000 UTC,0.689993
2022-12-06 00:00:00.000 UTC,0.693193
2022-12-05 00:00:00.000 UTC,0.691045
2022-12-04 00:00:00.000 UTC,0.672879
2022-12-03 00:00:00.000 UTC,0.660732
2022-12-02 00:00:00.000 UTC,0.658156
2022-12-01 00:00:00.000 UTC,0.671169
2022-11-30 00:00:00.000 UTC,0.685851
2022-11-29 00:00:00.000 UTC,0.678859
2022-11-28 00:00:00.000 UTC,0.689946
2022-11-27 00:00:00.000 UTC,0.715645
2022-11-26 00:00:00.000 UTC,0.755359
2022-11-25 00:00:00.000 UTC,0.698297
2022-11-24 00:00:00.000 UTC,0.714842
2022-11-23 00:00:00.000 UTC,0.713222
2022-11-22 00:00:00.000 UTC,0.720688
2022-11-21 00:00:00.000 UTC,0.51987
2022-11-20 00:00:00.000 UTC,0.548261
2022-11-19 00:00:00.000 UTC,0.55393
2022-11-18 00:00:00.000 UTC,0.567323
2022-11-17 00:00:00.000 UTC,0.588311
2022-11-16 00:00:00.000 UTC,0.61628
2022-11-15 00:00:00.000 UTC,0.631895
2022-11-14 00:00:00.000 UTC,0.640597
2022-11-13 00:00:00.000 UTC,0.639656
2022-11-12 00:00:00.000 UTC,0.668672
2022-11-11 00:00:00.000 UTC,0.694698
2022-11-10 00:00:00.000 UTC,0.718696
2022-11-09 00:00:00.000 UTC,0.775648
2022-11-08 00:00:00.000 UTC,1.014386
2022-11-07 00:00:00.000 UTC,1.030744
2022-11-06 00:00:00.000 UTC,1.023547
2022-11-05 00:00:00.000 UTC,1.035193
2022-11-04 00:00:00.000 UTC,1.056537
2022-11-03 00:00:00.000 UTC,0.925726
2022-11-02 00:00:00.000 UTC,0.913557
2022-11-01 00:00:00.000 UTC,0.90152
2022-10-31 00:00:00.000 UTC,0.918786
2022-10-30 00:00:00.000 UTC,0.944493
2022-10-29 00:00:00.000 UTC,0.97362
2022-10-28 00:00:00.000 UTC,0.960825
2022-10-27 00:00:00.000 UTC,0.956136
2022-10-26 00:00:00.000 UTC,0.953369
2022-10-25 00:00:00.000 UTC,0.948887
2022-10-24 00:00:00.000 UTC,0.92476
2022-10-23 00:00:00.000 UTC,0.923343
2022-10-22 00:00:00.000 UTC,0.895052
2022-10-21 00:00:00.000 UTC,0.906931
2022-10-20 00:00:00.000 UTC,0.881981
2022-10-19 00:00:00.000 UTC,0.91497
2022-10-18 00:00:00.000 UTC,0.918586
2022-10-17 00:00:00.000 UTC,0.900792
2022-10-16 00:00:00.000 UTC,0.827106
2022-10-15 00:00:00.000 UTC,0.825419
2022-10-14 00:00:00.000 UTC,0.847237
2022-10-13 00:00:00.000 UTC,0.825961
2022-10-12 00:00:00.000 UTC,0.837824
2022-10-11 00:00:00.000 UTC,0.852924
2022-10-10 00:00:00.000 UTC,0.891236
2022-10-09 00:00:00.000 UTC,0.890296
2022-10-08 00:00:00.000 UTC,0.911687
2022-10-07 00:00:00.000 UTC,0.902416
2022-10-06 00:00:00.000 UTC,0.932149
2022-10-05 00:00:00.000 UTC,0.91347
2022-10-04 00:00:00.000 UTC,0.916131
2022-10-03 00:00:00.000 UTC,0.902289
2022-10-02 00:00:00.000 UTC,0.907523
2022-10-01 00:00:00.000 UTC,0.924274
2022-09-30 00:00:00.000 UTC,0.943673
2022-09-29 00:00:00.000 UTC,0.943973
2022-09-28 00:00:00.000 UTC,0.938683
2022-09-27 00:00:00.000 UTC,0.977532
2022-09-26 00:00:00.000 UTC,0.933453
2022-09-25 00:00:00.000 UTC,0.93015
2022-09-24 00:00:00.000 UTC,0.949262
2022-09-23 00:00:00.000 UTC,0.971728
2022-09-22 00:00:00.000 UTC,0.92563
2022-09-21 00:00:00.000 UTC,0.956714
2022-09-20 00:00:00.000 UTC,0.98483
2022-09-19 00:00:00.000 UTC,0.989768
2022-09-18 00:00:00.000 UTC,1.084447
2022-09-17 00:00:00.000 UTC,1.086049
2022-09-16 00:00:00.000 UTC,1.070559
2022-09-15 00:00:00.000 UTC,1.083575
2022-09-14 00:00:00.000 UTC,1.120852
2022-09-13 00:00:00.000 UTC,1.147134
2022-09-12 00:00:00.000 UTC,1.2
2022-09-11 00:00:00.000 UTC,1.25
2022-09-10 00:00:00.000 UTC,1.27
2022-09-09 00:00:00.000 UTC,1.24
2022-09-08 00:00:00.000 UTC,1.173359
2022-09-07 00:00:00.000 UTC,1.182884
2022-09-06 00:00:00.000 UTC,1.191686
2022-09-05 00:00:00.000 UTC,1.153401
2022-09-04 00:00:00.000 UTC,1.102731
2022-09-03 00:00:00.000 UTC,1.106793
2022-09-02 00:00:00.000 UTC,1.17684
2022-09-01 00:00:00.000 UTC,1.161158
2022-08-31 00:00:00.000 UTC,1.180778
2022-08-30 00:00:00.000 UTC,1.114935
2022-08-29 00:00:00.000 UTC,1.079915
2022-08-28 00:00:00.000 UTC,1.060143
2022-08-27 00:00:00.000 UTC,1.066017
2022-08-26 00:00:00.000 UTC,1.21
2022-08-25 00:00:00.000 UTC,1.23
2022-08-24 00:00:00.000 UTC,1.22
2022-08-23 00:00:00.000 UTC,1.194476
2022-08-22 00:00:00.000 UTC,1.100645
2022-08-21 00:00:00.000 UTC,1.050335
2022-08-20 00:00:00.000 UTC,1.091293
2022-08-19 00:00:00.000 UTC,1.121276
2022-08-18 00:00:00.000 UTC,1.22
2022-08-17 00:00:00.000 UTC,1.33
2022-08-16 00:00:00.000 UTC,1.34
2022-08-15 00:00:00.000 UTC,1.45
2022-08-14 00:00:00.000 UTC,1.49
2022-08-13 00:00:00.000 UTC,1.47
2022-08-12 00:00:00.000 UTC,1.42
2022-08-11 00:00:00.000 UTC,1.44
2022-08-10 00:00:00.000 UTC,1.39
2022-08-09 00:00:00.000 UTC,1.43
2022-08-08 00:00:00.000 UTC,1.49
2022-08-07 00:00:00.000 UTC,1.42
2022-08-06 00:00:00.000 UTC,1.45
2022-08-05 00:00:00.000 UTC,1.44
2022-08-04 00:00:00.000 UTC,1.39
2022-08-03 00:00:00.000 UTC,1.43
2022-08-02 00:00:00.000 UTC,1.38
2022-08-01 00:00:00.000 UTC,1.36
2022-07-31 00:00:00.000 UTC,1.43
2022-07-30 00:00:00.000 UTC,1.47
2022-07-29 00:00:00.000 UTC,1.56
2022-07-28 00:00:00.000 UTC,1.55
2022-07-27 00:00:00.000 UTC,1.33
2022-07-26 00:00:00.000 UTC,1.19104
2022-07-25 00:00:00.000 UTC,1.39
2022-07-24 00:00:00.000 UTC,1.43
2022-07-23 00:00:00.000 UTC,1.49
2022-07-22 00:00:00.000 UTC,1.54
2022-07-21 00:00:00.000 UTC,1.41
2022-07-20 00:00:00.000 UTC,1.28
2022-07-19 00:00:00.000 UTC,1.36
2022-07-18 00:00:00.000 UTC,1.34
2022-07-17 00:00:00.000 UTC,1.178324
2022-07-16 00:00:00.000 UTC,1.19067
2022-07-15 00:00:00.000 UTC,1.1789
2022-07-14 00:00:00.000 UTC,1.178126
2022-07-13 00:00:00.000 UTC,1.049689
2022-07-12 00:00:00.000 UTC,0.917865
2022-07-11 00:00:00.000 UTC,0.955125
2022-07-10 00:00:00.000 UTC,1.018957
2022-07-09 00:00:00.000 UTC,1.051016
2022-07-08 00:00:00.000 UTC,1.061285
2022-07-07 00:00:00.000 UTC,1.0541
2022-07-06 00:00:00.000 UTC,0.994563
2022-07-05 00:00:00.000 UTC,1.007111
2022-07-04 00:00:00.000 UTC,0.876273
2022-07-03 00:00:00.000 UTC,0.809696
2022-07-02 00:00:00.000 UTC,0.793305
2022-07-01 00:00:00.000 UTC,0.802212
2022-06-30 00:00:00.000 UTC,0.713898
2022-06-29 00:00:00.000 UTC,0.721138
2022-06-28 00:00:00.000 UTC,0.772052
2022-06-27 00:00:00.000 UTC,0.787575
2022-06-26 00:00:00.000 UTC,0.844585
2022-06-25 00:00:00.000 UTC,0.849284
2022-06-24 00:00:00.000 UTC,0.863929
2022-06-23 00:00:00.000 UTC,0.832553
2022-06-22 00:00:00.000 UTC,0.775169
2022-06-21 00:00:00.000 UTC,0.782871
2022-06-20 00:00:00.000 UTC,0.730904
2022-06-19 00:00:00.000 UTC,0.657034
2022-06-18 00:00:00.000 UTC,0.673517
2022-06-17 00:00:00.000 UTC,0.692929
2022-06-16 00:00:00.000 UTC,0.78457
2022-06-15 00:00:00.000 UTC,0.767772
2022-06-14 00:00:00.000 UTC,0.741067
2022-06-13 00:00:00.000 UTC,0.870158
2022-06-12 00:00:00.000 UTC,0.945974
2022-06-11 00:00:00.000 UTC,1.056346
2022-06-10 00:00:00.000 UTC,1.162403
2022-06-09 00:00:00.000 UTC,1.177388
2022-06-08 00:00:00.000 UTC,1.21
2022-06-07 00:00:00.000 UTC,1.29
2022-06-06 00:00:00.000 UTC,1.32
2022-06-05 00:00:00.000 UTC,1.24
2022-06-04 00:00:00.000 UTC,1.187383
2022-06-03 00:00:00.000 UTC,1.27
2022-06-02 00:00:00.000 UTC,1.27
2022-06-01 00:00:00.000 UTC,1.43
2022-05-31 00:00:00.000 UTC,1.46
2022-05-30 00:00:00.000 UTC,1.39
2022-05-29 00:00:00.000 UTC,1.26
2022-05-28 00:00:00.000 UTC,1.29
2022-05-27 00:00:00.000 UTC,1.22
2022-05-26 00:00:00.000 UTC,1.26
2022-05-25 00:00:00.000 UTC,1.28
2022-05-24 00:00:00.000 UTC,1.3
2022-05-23 00:00:00.000 UTC,1.41
2022-05-22 00:00:00.000 UTC,1.28
2022-05-21 00:00:00.000 UTC,1.23
2022-05-20 00:00:00.000 UTC,1.176169
2022-05-19 00:00:00.000 UTC,1.26
2022-05-18 00:00:00.000 UTC,1.42
2022-05-17 00:00:00.000 UTC,1.46
2022-05-16 00:00:00.000 UTC,1.5
2022-05-15 00:00:00.000 UTC,1.51
2022-05-14 00:00:00.000 UTC,1.42
2022-05-13 00:00:00.000 UTC,1.58
2022-05-12 00:00:00.000 UTC,1.57
2022-05-11 00:00:00.000 UTC,2.02
2022-05-10 00:00:00.000 UTC,2.14
2022-05-09 00:00:00.000 UTC,2.38
2022-05-08 00:00:00.000 UTC,2.44
2022-05-07 00:00:00.000 UTC,2.36
2022-05-06 00:00:00.000 UTC,2.51
2022-05-05 00:00:00.000 UTC,2.65
2022-05-04 00:00:00.000 UTC,2.63
2022-05-03 00:00:00.000 UTC,2.21
2022-05-02 00:00:00.000 UTC,2.13
2022-05-01 00:00:00.000 UTC,2.08
2022-04-30 00:00:00.000 UTC,2.25
2022-04-29 00:00:00.000 UTC,2.43
2022-04-28 00:00:00.000 UTC,2.53
2022-04-27 00:00:00.000 UTC,2.54
2022-04-26 00:00:00.000 UTC,2.77
2022-04-25 00:00:00.000 UTC,2.76
2022-04-24 00:00:00.000 UTC,2.76
2022-04-23 00:00:00.000 UTC,2.73
2022-04-22 00:00:00.000 UTC,2.57
2022-04-21 00:00:00.000 UTC,2.41
2022-04-20 00:00:00.000 UTC,2.41
2022-04-19 00:00:00.000 UTC,2.33
2022-04-18 00:00:00.000 UTC,2.22
2022-04-17 00:00:00.000 UTC,2.35
2022-04-16 00:00:00.000 UTC,2.25
2022-04-15 00:00:00.000 UTC,2.28
2022-04-14 00:00:00.000 UTC,2.32
2022-04-13 00:00:00.000 UTC,2.31
2022-04-12 00:00:00.000 UTC,2.27
2022-04-11 00:00:00.000 UTC,2.45
2022-04-10 00:00:00.000 UTC,2.51
2022-04-09 00:00:00.000 UTC,2.48
2022-04-08 00:00:00.000 UTC,2.58
2022-04-07 00:00:00.000 UTC,2.57
2022-04-06 00:00:00.000 UTC,2.81
2022-04-05 00:00:00.000 UTC,2.96
2022-04-04 00:00:00.000 UTC,2.98
2022-04-03 00:00:00.000 UTC,3.03
2022-04-02 00:00:00.000 UTC,2.94
2022-04-01 00:00:00.000 UTC,2.83
2022-03-31 00:00:00.000 UTC,2.93
2022-03-30 00:00:00.000 UTC,2.91
2022-03-29 00:00:00.000 UTC,2.87
2022-03-28 00:00:00.000 UTC,2.71
2022-03-27 00:00:00.000 UTC,2.64
2022-03-26 00:00:00.000 UTC,2.41
2022-03-25 00:00:00.000 UTC,2.42
2022-03-24 00:00:00.000 UTC,2.43
2022-03-23 00:00:00.000 UTC,2.38
2022-03-22 00:00:00.000 UTC,2.32
2022-03-21 00:00:00.000 UTC,2.24
2022-03-20 00:00:00.000 UTC,2.29
2022-03-19 00:00:00.000 UTC,2.31
2022-03-18 00:00:00.000 UTC,2.25
2022-03-17 00:00:00.000 UTC,2.17
2022-03-16 00:00:00.000 UTC,2.1
2022-03-15 00:00:00.000 UTC,2.0
2022-03-14 00:00:00.000 UTC,1.99
2022-03-13 00:00:00.000 UTC,2.03
2022-03-12 00:00:00.000 UTC,2.06
2022-03-11 00:00:00.000 UTC,2.1
2022-03-10 00:00:00.000 UTC,2.17
2022-03-09 00:00:00.000 UTC,2.21
2022-03-08 00:00:00.000 UTC,2.12
2022-03-07 00:00:00.000 UTC,2.13
2022-03-06 00:00:00.000 UTC,2.27
2022-03-05 00:00:00.000 UTC,2.28
2022-03-04 00:00:00.000 UTC,2.52
2022-03-03 00:00:00.000 UTC,2.67
2022-03-02 00:00:00.000 UTC,2.74
2022-03-01 00:00:00.000 UTC,2.57
2022-02-28 00:00:00.000 UTC,2.44
2022-02-27 00:00:00.000 UTC,2.39
2022-02-26 00:00:00.000 UTC,2.43
2022-02-25 00:00:00.000 UTC,2.39
2022-02-24 00:00:00.000 UTC,2.31
2022-02-23 00:00:00.000 UTC,2.5
2022-02-22 00:00:00.000 UTC,2.42
2022-02-21 00:00:00.000 UTC,2.68
2022-02-20 00:00:00.000 UTC,2.81
2022-02-19 00:00:00.000 UTC,2.87
2022-02-18 00:00:00.000 UTC,2.99
2022-02-17 00:00:00.000 UTC,3.3
2022-02-16 00:00:00.000 UTC,3.26
2022-02-15 00:00:00.000 UTC,3.18
2022-02-14 00:00:00.000 UTC,2.91
2022-02-13 00:00:00.000 UTC,2.92
2022-02-12 00:00:00.000 UTC,3.01
2022-02-11 00:00:00.000 UTC,3.24
2022-02-10 00:00:00.000 UTC,3.5
2022-02-09 00:00:00.000 UTC,3.54
2022-02-08 00:00:00.000 UTC,3.71
2022-02-07 00:00:00.000 UTC,3.63
2022-02-06 00:00:00.000 UTC,3.52
2022-02-05 00:00:00.000 UTC,3.56
2022-02-04 00:00:00.000 UTC,3.43
2022-02-03 00:00:00.000 UTC,3.14
2022-02-02 00:00:00.000 UTC,3.5
2022-02-01 00:00:00.000 UTC,3.49
2022-01-31 00:00:00.000 UTC,3.31
2022-01-30 00:00:00.000 UTC,3.23
2022-01-29 00:00:00.000 UTC,3.08
2022-01-28 00:00:00.000 UTC,2.94
2022-01-27 00:00:00.000 UTC,2.93
2022-01-26 00:00:00.000 UTC,3.25
2022-01-25 00:00:00.000 UTC,3.11
2022-01-24 00:00:00.000 UTC,3.03
2022-01-23 00:00:00.000 UTC,3.13
2022-01-22 00:00:00.000 UTC,3.44
2022-01-21 00:00:00.000 UTC,4.05
2022-01-20 00:00:00.000 UTC,4.55
2022-01-19 00:00:00.000 UTC,4.57
2022-01-18 00:00:00.000 UTC,4.84
2022-01-17 00:00:00.000 UTC,5.16
2022-01-16 00:00:00.000 UTC,5.36
2022-01-15 00:00:00.000 UTC,5.46
2022-01-14 00:00:00.000 UTC,5.37
2022-01-13 00:00:00.000 UTC,5.17
2022-01-12 00:00:00.000 UTC,5.0
2022-01-11 00:00:00.000 UTC,4.66
2022-01-10 00:00:00.000 UTC,4.61
2022-01-09 00:00:00.000 UTC,4.86
2022-01-08 00:00:00.000 UTC,5.23
2022-01-07 00:00:00.000 UTC,5.41
2022-01-06 00:00:00.000 UTC,5.51
2022-01-05 00:00:00.000 UTC,6.41
2022-01-04 00:00:00.000 UTC,6.74
2022-01-03 00:00:00.000 UTC,6.69
2022-01-02 00:00:00.000 UTC,6.44
2022-01-01 00:00:00.000 UTC,6.27
2021-12-31 00:00:00.000 UTC,5.69
2021-12-30 00:00:00.000 UTC,5.25
2021-12-29 00:00:00.000 UTC,5.16
2021-12-28 00:00:00.000 UTC,5.29
2021-12-27 00:00:00.000 UTC,5.8
2021-12-26 00:00:00.000 UTC,6.04
2021-12-25 00:00:00.000 UTC,5.89
2021-12-24 00:00:00.000 UTC,5.6
2021-12-23 00:00:00.000 UTC,5.39
2021-12-22 00:00:00.000 UTC,5.26
2021-12-21 00:00:00.000 UTC,4.63
2021-12-20 00:00:00.000 UTC,4.28
2021-12-19 00:00:00.000 UTC,4.58
2021-12-18 00:00:00.000 UTC,4.59
2021-12-17 00:00:00.000 UTC,4.39
2021-12-16 00:00:00.000 UTC,4.08
2021-12-15 00:00:00.000 UTC,3.8
2021-12-14 00:00:00.000 UTC,3.46
2021-12-13 00:00:00.000 UTC,3.89
2021-12-12 00:00:00.000 UTC,3.87
2021-12-11 00:00:00.000 UTC,3.75
2021-12-10 00:00:00.000 UTC,3.76
2021-12-09 00:00:00.000 UTC,4.26
2021-12-08 00:00:00.000 UTC,4.18
2021-12-07 00:00:00.000 UTC,4.18
2021-12-06 00:00:00.000 UTC,3.82
2021-12-05 00:00:00.000 UTC,3.96
2021-12-04 00:00:00.000 UTC,4.41
2021-12-03 00:00:00.000 UTC,4.81
2021-12-02 00:00:00.000 UTC,4.99
2021-12-01 00:00:00.000 UTC,5.45
2021-11-30 00:00:00.000 UTC,4.99
2021-11-29 00:00:00.000 UTC,5.03
2021-11-28 00:00:00.000 UTC,4.88
2021-11-27 00:00:00.000 UTC,5.35
2021-11-26 00:00:00.000 UTC,6.06
2021-11-25 00:00:00.000 UTC,6.39
2021-11-24 00:00:00.000 UTC,6.13
2021-11-23 00:00:00.000 UTC,5.08
2021-11-22 00:00:00.000 UTC,4.55
2021-11-21 00:00:00.000 UTC,3.95
2021-11-20 00:00:00.000 UTC,4.15
2021-11-19 00:00:00.000 UTC,4.27
2021-11-18 00:00:00.000 UTC,4.23
2021-11-17 00:00:00.000 UTC,4.05
2021-11-16 00:00:00.000 UTC,3.94
2021-11-15 00:00:00.000 UTC,4.18
2021-11-14 00:00:00.000 UTC,4.36
2021-11-13 00:00:00.000 UTC,4.36
2021-11-12 00:00:00.000 UTC,4.29
2021-11-11 00:00:00.000 UTC,4.4
2021-11-10 00:00:00.000 UTC,4.59
2021-11-09 00:00:00.000 UTC,5.0
2021-11-08 00:00:00.000 UTC,4.67
2021-11-07 00:00:00.000 UTC,4.71
2021-11-06 00:00:00.000 UTC,4.29
2021-11-05 00:00:00.000 UTC,4.22
2021-11-04 00:00:00.000 UTC,4.51
2021-11-03 00:00:00.000 UTC,4.56
2021-11-02 00:00:00.000 UTC,4.61
2021-11-01 00:00:00.000 UTC,4.52
2021-10-31 00:00:00.000 UTC,4.75
2021-10-30 00:00:00.000 UTC,5.22
2021-10-29 00:00:00.000 UTC,4.97
2021-10-28 00:00:00.000 UTC,5.46
2021-10-27 00:00:00.000 UTC,4.86
2021-10-26 00:00:00.000 UTC,5.24
2021-10-25 00:00:00.000 UTC,4.79
2021-10-24 00:00:00.000 UTC,3.93
2021-10-23 00:00:00.000 UTC,3.75
2021-10-22 00:00:00.000 UTC,3.35
2021-10-21 00:00:00.000 UTC,3.04
2021-10-20 00:00:00.000 UTC,2.96
2021-10-19 00:00:00.000 UTC,2.84
2021-10-18 00:00:00.000 UTC,2.87
2021-10-17 00:00:00.000 UTC,2.91
2021-10-16 00:00:00.000 UTC,3.06
2021-10-15 00:00:00.000 UTC,3.0
2021-10-14 00:00:00.000 UTC,3.13
2021-10-13 00:00:00.000 UTC,2.99
2021-10-12 00:00:00.000 UTC,2.7
2021-10-11 00:00:00.000 UTC,2.81
2021-10-10 00:00:00.000 UTC,2.91
2021-10-09 00:00:00.000 UTC,3.09
2021-10-08 00:00:00.000 UTC,2.93
2021-10-07 00:00:00.000 UTC,2.9
2021-10-06 00:00:00.000 UTC,2.94
2021-10-05 00:00:00.000 UTC,3.01
2021-10-04 00:00:00.000 UTC,2.88
2021-10-03 00:00:00.000 UTC,2.97
2021-10-02 00:00:00.000 UTC,2.64
2021-10-01 00:00:00.000 UTC,2.56
2021-09-30 00:00:00.000 UTC,2.39
2021-09-29 00:00:00.000 UTC,2.4
2021-09-28 00:00:00.000 UTC,2.42
2021-09-27 00:00:00.000 UTC,2.74
2021-09-26 00:00:00.000 UTC,2.6
2021-09-25 00:00:00.000 UTC,2.47
2021-09-24 00:00:00.000 UTC,2.8
2021-09-23 00:00:00.000 UTC,2.82
2021-09-22 00:00:00.000 UTC,2.5
2021-09-21 00:00:00.000 UTC,2.65
2021-09-20 00:00:00.000 UTC,3.11
2021-09-19 00:00:00.000 UTC,3.08
2021-09-18 00:00:00.000 UTC,2.96
2021-09-17 00:00:00.000 UTC,3.2
2021-09-16 00:00:00.000 UTC,3.4
2021-09-15 00:00:00.000 UTC,3.18
2021-09-14 00:00:00.000 UTC,2.83
2021-09-13 00:00:00.000 UTC,2.46
2021-09-12 00:00:00.000 UTC,2.42
2021-09-11 00:00:00.000 UTC,2.32
2021-09-10 00:00:00.000 UTC,2.47
2021-09-09 00:00:00.000 UTC,2.41
2021-09-08 00:00:00.000 UTC,2.06
2021-09-07 00:00:00.000 UTC,2.49
2021-09-06 00:00:00.000 UTC,2.64
2021-09-05 00:00:00.000 UTC,2.52
2021-09-04 00:00:00.000 UTC,2.33
2021-09-03 00:00:00.000 UTC,2.26
2021-09-02 00:00:00.000 UTC,2.31
2021-09-01 00:00:00.000 UTC,2.3
2021-08-31 00:00:00.000 UTC,2.37
2021-08-30 00:00:00.000 UTC,2.25
2021-08-29 00:00:00.000 UTC,2.17
2021-08-28 00:00:00.000 UTC,2.2
2021-08-27 00:00:00.000 UTC,2.19
2021-08-26 00:00:00.000 UTC,2.24
2021-08-25 00:00:00.000 UTC,2.24
2021-08-24 00:00:00.000 UTC,2.38
2021-08-23 00:00:00.000 UTC,2.51
2021-08-22 00:00:00.000 UTC,2.46
2021-08-21 00:00:00.000 UTC,2.31
2021-08-20 00:00:00.000 UTC,2.32
2021-08-19 00:00:00.000 UTC,2.14
2021-08-18 00:00:00.000 UTC,2.01
2021-08-17 00:00:00.000 UTC,2.23
2021-08-16 00:00:00.000 UTC,2.28
2021-08-15 00:00:00.000 UTC,2.28
2021-08-14 00:00:00.000 UTC,2.37
2021-08-13 00:00:00.000 UTC,2.37
2021-08-12 00:00:00.000 UTC,2.15
2021-08-11 00:00:00.000 UTC,2.19
2021-08-10 00:00:00.000 UTC,2.05
2021-08-09 00:00:00.000 UTC,1.9
2021-08-08 00:00:00.000 UTC,1.93
2021-08-07 00:00:00.000 UTC,1.98
2021-08-06 00:00:00.000 UTC,1.96
2021-08-05 00:00:00.000 UTC,1.82
2021-08-04 00:00:00.000 UTC,1.64
2021-08-03 00:00:00.000 UTC,1.64
2021-08-02 00:00:00.000 UTC,1.69
2021-08-01 00:00:00.000 UTC,1.78
2021-07-31 00:00:00.000 UTC,1.75
2021-07-30 00:00:00.000 UTC,1.7
2021-07-29 00:00:00.000 UTC,1.63
2021-07-28 00:00:00.000 UTC,1.58
2021-07-27 00:00:00.000 UTC,1.58
2021-07-26 00:00:00.000 UTC,1.7
2021-07-25 00:00:00.000 UTC,1.56
2021-07-24 00:00:00.000 UTC,1.61
2021-07-23 00:00:00.000 UTC,1.6
2021-07-22 00:00:00.000 UTC,1.54
2021-07-21 00:00:00.000 UTC,1.47
2021-07-20 00:00:00.000 UTC,1.37
2021-07-19 00:00:00.000 UTC,1.41
2021-07-18 00:00:00.000 UTC,1.5
2021-07-17 00:00:00.000 UTC,1.46
2021-07-16 00:00:00.000 UTC,1.54
2021-07-15 00:00:00.000 UTC,1.64
2021-07-14 00:00:00.000 UTC,1.63
2021-07-13 00:00:00.000 UTC,1.69
2021-07-12 00:00:00.000 UTC,1.79
2021-07-11 00:00:00.000 UTC,1.78
2021-07-10 00:00:00.000 UTC,1.81
2021-07-09 00:00:00.000 UTC,1.79
2021-07-08 00:00:00.000 UTC,1.95
2021-07-07 00:00:00.000 UTC,2.09
2021-07-06 00:00:00.000 UTC,2.05
2021-07-05 00:00:00.000 UTC,1.85
2021-07-04 00:00:00.000 UTC,1.9
2021-07-03 00:00:00.000 UTC,1.78
2021-07-02 00:00:00.000 UTC,1.73
2021-07-01 00:00:00.000 UTC,1.85
2021-06-30 00:00:00.000 UTC,1.84
2021-06-29 00:00:00.000 UTC,1.85
2021-06-28 00:00:00.000 UTC,1.66
2021-06-27 00:00:00.000 UTC,1.6
2021-06-26 00:00:00.000 UTC,1.51
2021-06-25 00:00:00.000 UTC,1.73
2021-06-24 00:00:00.000 UTC,1.71
2021-06-23 00:00:00.000 UTC,1.58
2021-06-22 00:00:00.000 UTC,1.59
2021-06-21 00:00:00.000 UTC,1.94
2021-06-20 00:00:00.000 UTC,1.95
2021-06-19 00:00:00.000 UTC,1.97
2021-06-18 00:00:00.000 UTC,2.13
2021-06-17 00:00:00.000 UTC,2.17
2021-06-16 00:00:00.000 UTC,2.25
2021-06-15 00:00:00.000 UTC,2.34
2021-06-14 00:00:00.000 UTC,2.3
2021-06-13 00:00:00.000 UTC,2.26
2021-06-12 00:00:00.000 UTC,2.27
2021-06-11 00:00:00.000 UTC,2.31
2021-06-10 00:00:00.000 UTC,2.53
2021-06-09 00:00:00.000 UTC,2.56
2021-06-08 00:00:00.000 UTC,2.37
2021-06-07 00:00:00.000 UTC,2.57
2021-06-06 00:00:00.000 UTC,2.61
2021-06-05 00:00:00.000 UTC,2.88
2021-06-04 00:00:00.000 UTC,2.77
2021-06-03 00:00:00.000 UTC,2.73
2021-06-02 00:00:00.000 UTC,2.5
2021-06-01 00:00:00.000 UTC,2.06
2021-05-31 00:00:00.000 UTC,1.96
2021-05-30 00:00:00.000 UTC,1.79
2021-05-29 00:00:00.000 UTC,1.75
2021-05-28 00:00:00.000 UTC,1.79
2021-05-27 00:00:00.000 UTC,1.91
2021-05-26 00:00:00.000 UTC,1.93
2021-05-25 00:00:00.000 UTC,1.7
2021-05-24 00:00:00.000 UTC,1.64
2021-05-23 00:00:00.000 UTC,1.7
2021-05-22 00:00:00.000 UTC,1.98
2021-05-21 00:00:00.000 UTC,2.34
2021-05-20 00:00:00.000 UTC,2.41
2021-05-19 00:00:00.000 UTC,3.54
2021-05-18 00:00:00.000 UTC,3.59
2021-05-17 00:00:00.000 UTC,3.28
2021-05-16 00:00:00.000 UTC,3.49
2021-05-15 00:00:00.000 UTC,3.91
2021-05-14 00:00:00.000 UTC,3.84
2021-05-13 00:00:00.000 UTC,4.1
2021-05-12 00:00:00.000 UTC,3.85
2021-05-11 00:00:00.000 UTC,3.34
2021-05-10 00:00:00.000 UTC,3.67
2021-05-09 00:00:00.000 UTC,3.58
2021-05-08 00:00:00.000 UTC,3.96
2021-05-07 00:00:00.000 UTC,3.91
2021-05-06 00:00:00.000 UTC,3.43
2021-05-05 00:00:00.000 UTC,3.13
2021-05-04 00:00:00.000 UTC,3.25
2021-05-03 00:00:00.000 UTC,3.38
2021-05-02 00:00:00.000 UTC,3.42
2021-05-01 00:00:00.000 UTC,3.49
2021-04-30 00:00:00.000 UTC,3.39
2021-04-29 00:00:00.000 UTC,3.25
2021-04-28 00:00:00.000 UTC,3.21
2021-04-27 00:00:00.000 UTC,3.19
2021-04-26 00:00:00.000 UTC,2.82
2021-04-25 00:00:00.000 UTC,2.55
2021-04-24 00:00:00.000 UTC,2.65
2021-04-23 00:00:00.000 UTC,2.85
2021-04-22 00:00:00.000 UTC,3.3
2021-04-21 00:00:00.000 UTC,3.15
2021-04-20 00:00:00.000 UTC,3.11
2021-04-19 00:00:00.000 UTC,3.44
2021-04-18 00:00:00.000 UTC,3.95
2021-04-17 00:00:00.000 UTC,4.42
2021-04-16 00:00:00.000 UTC,4.63
2021-04-15 00:00:00.000 UTC,4.12
2021-04-14 00:00:00.000 UTC,3.29
2021-04-13 00:00:00.000 UTC,3.19
2021-04-12 00:00:00.000 UTC,3.12
2021-04-11 00:00:00.000 UTC,3.19
2021-04-10 00:00:00.000 UTC,3.05
2021-04-09 00:00:00.000 UTC,3.12
2021-04-08 00:00:00.000 UTC,3.08
2021-04-07 00:00:00.000 UTC,3.38
2021-04-06 00:00:00.000 UTC,3.44
2021-04-05 00:00:00.000 UTC,3.44
2021-04-04 00:00:00.000 UTC,3.11
2021-04-03 00:00:00.000 UTC,3.4
2021-04-02 00:00:00.000 UTC,3.49
2021-04-01 00:00:00.000 UTC,3.46
2021-03-31 00:00:00.000 UTC,3.29
2021-03-30 00:00:00.000 UTC,3.5
2021-03-29 00:00:00.000 UTC,3.54
2021-03-28 00:00:00.000 UTC,3.33
2021-03-27 00:00:00.000 UTC,3.14
2021-03-26 00:00:00.000 UTC,2.63
2021-03-25 00:00:00.000 UTC,2.69
2021-03-24 00:00:00.000 UTC,2.96
2021-03-23 00:00:00.000 UTC,3.18
2021-03-22 00:00:00.000 UTC,2.68
2021-03-21 00:00:00.000 UTC,2.75
2021-03-20 00:00:00.000 UTC,2.96
2021-03-19 00:00:00.000 UTC,2.76
2021-03-18 00:00:00.000 UTC,2.78
2021-03-17 00:00:00.000 UTC,2.59
2021-03-16 00:00:00.000 UTC,2.6
2021-03-15 00:00:00.000 UTC,2.34
2021-03-14 00:00:00.000 UTC,2.38
2021-03-13 00:00:00.000 UTC,2.36
2021-03-12 00:00:00.000 UTC,2.2
2021-03-11 00:00:00.000 UTC,2.22
2021-03-10 00:00:00.000 UTC,2.46
2021-03-09 00:00:00.000 UTC,2.46
2021-03-08 00:00:00.000 UTC,2.39
2021-03-07 00:00:00.000 UTC,2.24
2021-03-06 00:00:00.000 UTC,2.16
2021-03-05 00:00:00.000 UTC,2.1
2021-03-04 00:00:00.000 UTC,2.38
2021-03-03 00:00:00.000 UTC,2.62
2021-03-02 00:00:00.000 UTC,2.55
2021-03-01 00:00:00.000 UTC,1.99
2021-02-28 00:00:00.000 UTC,1.98
2021-02-27 00:00:00.000 UTC,2.09
2021-02-26 00:00:00.000 UTC,2.08
2021-02-25 00:00:00.000 UTC,2.32
2021-02-24 00:00:00.000 UTC,2.37
2021-02-23 00:00:00.000 UTC,2.59
2021-02-22 00:00:00.000 UTC,2.9
2021-02-21 00:00:00.000 UTC,3.05
2021-02-20 00:00:00.000 UTC,3.21
2021-02-19 00:00:00.000 UTC,2.86
2021-02-18 00:00:00.000 UTC,2.99
2021-02-17 00:00:00.000 UTC,2.86
2021-02-16 00:00:00.000 UTC,2.84
2021-02-15 00:00:00.000 UTC,3.01
2021-02-14 00:00:00.000 UTC,3.38
2021-02-13 00:00:00.000 UTC,3.51
2021-02-12 00:00:00.000 UTC,3.57
2021-02-11 00:00:00.000 UTC,3.53
2021-02-10 00:00:00.000 UTC,3.36
2021-02-09 00:00:00.000 UTC,3.27
2021-02-08 00:00:00.000 UTC,3.2
2021-02-07 00:00:00.000 UTC,3.18
2021-02-06 00:00:00.000 UTC,3.59
2021-02-05 00:00:00.000 UTC,3.34
2021-02-04 00:00:00.000 UTC,3.17
2021-02-03 00:00:00.000 UTC,2.66
2021-02-02 00:00:00.000 UTC,2.73
2021-02-01 00:00:00.000 UTC,2.64
2021-01-31 00:00:00.000 UTC,2.8
2021-01-30 00:00:00.000 UTC,2.58
2021-01-29 00:00:00.000 UTC,2.11
2021-01-28 00:00:00.000 UTC,2.18
2021-01-27 00:00:00.000 UTC,2.14
2021-01-26 00:00:00.000 UTC,2.23
2021-01-25 00:00:00.000 UTC,2.296731
2021-01-24 00:00:00.000 UTC,2.329447
2021-01-23 00:00:00.000 UTC,2.280304
2021-01-22 00:00:00.000 UTC,2.080657
2021-01-21 00:00:00.000 UTC,1.895015
2021-01-20 00:00:00.000 UTC,1.634262
2021-01-19 00:00:00.000 UTC,1.649181
2021-01-18 00:00:00.000 UTC,1.7349
2021-01-17 00:00:00.000 UTC,1.757987
2021-01-16 00:00:00.000 UTC,1.248933
2021-01-15 00:00:00.000 UTC,1.173505
2021-01-14 00:00:00.000 UTC,0.781659
2021-01-13 00:00:00.000 UTC,0.68801
2021-01-12 00:00:00.000 UTC,0.665797
2021-01-11 00:00:00.000 UTC,0.756381
2021-01-10 00:00:00.000 UTC,0.840339
2021-01-09 00:00:00.000 UTC,0.798277
2021-01-08 00:00:00.000 UTC,0.730241
2021-01-07 00:00:00.000 UTC,0.786364
2021-01-06 00:00:00.000 UTC,0.781601
2021-01-05 00:00:00.000 UTC,0.722327
2021-01-04 00:00:00.000 UTC,0.732231
2021-01-03 00:00:00.000 UTC,0.695837
2021-01-02 00:00:00.000 UTC,0.62255
2021-01-01 00:00:00.000 UTC,0.669809
2020-12-31 00:00:00.000 UTC,0.632234
2020-12-30 00:00:00.000 UTC,0.583858
2020-12-29 00:00:00.000 UTC,0.508851
2020-12-28 00:00:00.000 UTC,0.521082
2020-12-27 00:00:00.000 UTC,0.507655
2020-12-26 00:00:00.000 UTC,0.490702
2020-12-25 00:00:00.000 UTC,0.52858
2020-12-24 00:00:00.000 UTC,0.477047
2020-12-23 00:00:00.000 UTC,0.566466
2020-12-22 00:00:00.000 UTC,0.568181
2020-12-21 00:00:00.000 UTC,0.627899
2020-12-20 00:00:00.000 UTC,0.664988
2020-12-19 00:00:00.000 UTC,0.695621
2020-12-18 00:00:00.000 UTC,0.653609
2020-12-17 00:00:00.000 UTC,0.682143
2020-12-16 00:00:00.000 UTC,0.649252
2020-12-15 00:00:00.000 UTC,0.666686
2020-12-14 00:00:00.000 UTC,0.639511
2020-12-13 00:00:00.000 UTC,0.63329
2020-12-12 00:00:00.000 UTC,0.595881
2020-12-11 00:00:00.000 UTC,0.60097
2020-12-10 00:00:00.000 UTC,0.639039
2020-12-09 00:00:00.000 UTC,0.63827
2020-12-08 00:00:00.000 UTC,0.709134
2020-12-07 00:00:00.000 UTC,0.740995
2020-12-06 00:00:00.000 UTC,0.743935
2020-12-05 00:00:00.000 UTC,0.739049
2020-12-04 00:00:00.000 UTC,0.831019
2020-12-03 00:00:00.000 UTC,0.853832
2020-12-02 00:00:00.000 UTC,0.813626
2020-12-01 00:00:00.000 UTC,0.754286
2020-11-30 00:00:00.000 UTC,0.705494
2020-11-29 00:00:00.000 UTC,0.682714
2020-11-28 00:00:00.000 UTC,0.643015
2020-11-27 00:00:00.000 UTC,0.640475
2020-11-26 00:00:00.000 UTC,0.662155
2020-11-25 00:00:00.000 UTC,0.755213
2020-11-24 00:00:00.000 UTC,0.794594
2020-11-23 00:00:00.000 UTC,0.800142
2020-11-22 00:00:00.000 UTC,0.873715
2020-11-21 00:00:00.000 UTC,0.898639
2020-11-20 00:00:00.000 UTC,0.944914
2020-11-19 00:00:00.000 UTC,0.844507
2020-11-18 00:00:00.000 UTC,0.882526
2020-11-17 00:00:00.000 UTC,0.897399
2020-11-16 00:00:00.000 UTC,0.834061
2020-11-15 00:00:00.000 UTC,0.830583
2020-11-14 00:00:00.000 UTC,0.738118
2020-11-13 00:00:00.000 UTC,0.695103
2020-11-12 00:00:00.000 UTC,0.589531
2020-11-11 00:00:00.000 UTC,0.646826
2020-11-10 00:00:00.000 UTC,0.597366
2020-11-09 00:00:00.000 UTC,0.502145
2020-11-08 00:00:00.000 UTC,0.499444
2020-11-07 00:00:00.000 UTC,0.548245
2020-11-06 00:00:00.000 UTC,0.457914
2020-11-05 00:00:00.000 UTC,0.387974
2020-11-04 00:00:00.000 UTC,0.374265
2020-11-03 00:00:00.000 UTC,0.367764
2020-11-02 00:00:00.000 UTC,0.423165
2020-11-01 00:00:00.000 UTC,0.42283
2020-10-31 00:00:00.000 UTC,0.448603
2020-10-30 00:00:00.000 UTC,0.46196
2020-10-29 00:00:00.000 UTC,0.52355
2020-10-28 00:00:00.000 UTC,0.642763
2020-10-27 00:00:00.000 UTC,0.644318
2020-10-26 00:00:00.000 UTC,0.437133
2020-10-25 00:00:00.000 UTC,0.382885
2020-10-24 00:00:00.000 UTC,0.379978
2020-10-23 00:00:00.000 UTC,0.410073
2020-10-22 00:00:00.000 UTC,0.425342
2020-10-21 00:00:00.000 UTC,0.398033
2020-10-20 00:00:00.000 UTC,0.417296
2020-10-19 00:00:00.000 UTC,0.456404
2020-10-18 00:00:00.000 UTC,0.470912
2020-10-17 00:00:00.000 UTC,0.450194
2020-10-16 00:00:00.000 UTC,0.511196
2020-10-15 00:00:00.000 UTC,0.505144
2020-10-14 00:00:00.000 UTC,0.552352
2020-10-13 00:00:00.000 UTC,0.570259
2020-10-12 00:00:00.000 UTC,0.596311
2020-10-11 00:00:00.000 UTC,0.576214
2020-10-10 00:00:00.000 UTC,0.639236
2020-10-09 00:00:00.000 UTC,0.629822
2020-10-08 00:00:00.000 UTC,0.573963
2020-10-07 00:00:00.000 UTC,0.524468
2020-10-06 00:00:00.000 UTC,0.631759
2020-10-05 00:00:00.000 UTC,0.717722
2020-10-04 00:00:00.000 UTC,0.767705
2020-10-03 00:00:00.000 UTC,0.80611
2020-10-02 00:00:00.000 UTC,0.872452
2020-10-01 00:00:00.000 UTC,0.979704
2020-09-30 00:00:00.000 UTC,0.960588
2020-09-29 00:00:00.000 UTC,1.017475
2020-09-28 00:00:00.000 UTC,1.089719
2020-09-27 00:00:00.000 UTC,1.126877
2020-09-26 00:00:00.000 UTC,1.128007
2020-09-25 00:00:00.000 UTC,1.034419
2020-09-24 00:00:00.000 UTC,0.993017
2020-09-23 00:00:00.000 UTC,1.11777
2020-09-22 00:00:00.000 UTC,1.142323
2020-09-21 00:00:00.000 UTC,1.39
2020-09-20 00:00:00.000 UTC,1.6
2020-09-19 00:00:00.000 UTC,1.61
2020-09-18 00:00:00.000 UTC,1.41
2020-09-17 00:00:00.000 UTC,1.4
2020-09-16 00:00:00.000 UTC,1.45
2020-09-15 00:00:00.000 UTC,1.88
2020-09-14 00:00:00.000 UTC,1.96
2020-09-13 00:00:00.000 UTC,2.12
2020-09-12 00:00:00.000 UTC,2.12
2020-09-11 00:00:00.000 UTC,2.0
2020-09-10 00:00:00.000 UTC,2.16
2020-09-09 00:00:00.000 UTC,2.12
2020-09-08 00:00:00.000 UTC,2.09
